[2026-08-17 21:27:15 UTC] === inject ===
[2026-08-17 21:27:15 UTC] INJECT     docs/writing/task1/01-table-universities-ranked.html  (+2/2 tag(s))
[2026-08-17 21:27:15 UTC] INJECT     docs/writing/task1/02-pie-meal-nutrients.html  (+2/2 tag(s))
[2026-08-17 21:27:15 UTC] INJECT     docs/writing/task1/03-bar-electricity.html  (+2/2 tag(s))
[2026-08-17 21:27:15 UTC] INJECT     docs/writing/task1/04-bar-physical-activity.html  (+2/2 tag(s))
[2026-08-17 21:27:15 UTC] INJECT     docs/writing/task1/05-mixed-graph.html  (+2/2 tag(s))
[2026-08-17 21:27:15 UTC] INJECT     docs/writing/task1/06-process-rain-shadow-desert.html  (+2/2 tag(s))
[2026-08-17 21:27:15 UTC] INJECT     docs/writing/task1/07-process-plastic-recycling.html  (+2/2 tag(s))
[2026-08-17 21:27:15 UTC] INJECT     docs/writing/task1/08-process-cement-making.html  (+2/2 tag(s))
[2026-08-17 21:27:15 UTC] INJECT     docs/writing/task1/09-mixed-library-survey.html  (+2/2 tag(s))
[2026-08-17 21:27:15 UTC] INJECT     docs/writing/task1/10-dynamic-caribbean-tourists.html  (+2/2 tag(s))
[2026-08-17 21:27:15 UTC] INJECT     docs/writing/task1/11-dynamic-melbourne-activities.html  (+2/2 tag(s))
[2026-08-17 21:27:15 UTC] INJECT     docs/writing/task1/12-dynamic-asian-cities.html  (+2/2 tag(s))
[2026-08-17 21:27:15 UTC] INJECT     docs/writing/task1/13-static-uk-school-spending.html  (+2/2 tag(s))
[2026-08-17 21:27:15 UTC] INJECT     docs/writing/task2/01-agree-disagree-history-vs-business.html  (+2/2 tag(s))
[2026-08-17 21:27:15 UTC] INJECT     docs/writing/task2/02-discuss-both-views-employment-skills.html  (+2/2 tag(s))
[2026-08-17 21:27:15 UTC] INJECT     docs/writing/task2/03-positive-negative-children-freedom.html  (+2/2 tag(s))
[2026-08-17 21:27:15 UTC] INJECT     docs/writing/task2/04-opinion-teachers-morality.html  (+2/2 tag(s))
[2026-08-17 21:27:15 UTC] INJECT     docs/writing/task2/043-1-1-agree-disagree.html  (+2/2 tag(s))
[2026-08-17 21:27:15 UTC] INJECT     docs/writing/task2/044-1-1-discuss-both-views.html  (+2/2 tag(s))
[2026-08-17 21:27:15 UTC] INJECT     docs/writing/task2/045-1-1-agree-disagree.html  (+2/2 tag(s))
[2026-08-17 21:27:15 UTC] INJECT     docs/writing/task2/046-1-1-agree-disagree.html  (+2/2 tag(s))
[2026-08-17 21:27:15 UTC] INJECT     docs/writing/task2/047-1-1-discuss-both-views.html  (+2/2 tag(s))
[2026-08-17 21:27:15 UTC] INJECT     docs/writing/task2/048-1-1-discuss-both-views.html  (+2/2 tag(s))
[2026-08-17 21:27:15 UTC] INJECT     docs/writing/task2/049-1-1-agree-disagree.html  (+2/2 tag(s))
[2026-08-17 21:27:15 UTC] INJECT     docs/writing/task2/05-two-questions-environment.html  (+2/2 tag(s))
[2026-08-17 21:27:15 UTC] INJECT     docs/writing/task2/050-1-2-positive-negative.html  (+2/2 tag(s))
[2026-08-17 21:27:15 UTC] INJECT     docs/writing/task2/051-1-2-discuss-both-views.html  (+2/2 tag(s))
[2026-08-17 21:27:15 UTC] INJECT     docs/writing/task2/052-1-2-agree-disagree.html  (+2/2 tag(s))
[2026-08-17 21:27:15 UTC] INJECT     docs/writing/task2/053-1-2-discuss-both-views.html  (+2/2 tag(s))
[2026-08-17 21:27:15 UTC] INJECT     docs/writing/task2/054-1-2-agree-disagree.html  (+2/2 tag(s))
[2026-08-17 21:27:15 UTC] INJECT     docs/writing/task2/055-1-2-agree-disagree.html  (+2/2 tag(s))
[2026-08-17 21:27:15 UTC] INJECT     docs/writing/task2/056-1-2-agree-disagree.html  (+2/2 tag(s))
[2026-08-17 21:27:15 UTC] INJECT     docs/writing/task2/057-1-2-agree-disagree.html  (+2/2 tag(s))
[2026-08-17 21:27:15 UTC] INJECT     docs/writing/task2/058-1-2-discuss-both-views.html  (+2/2 tag(s))
[2026-08-17 21:27:15 UTC] INJECT     docs/writing/task2/059-1-2-discuss-both-views.html  (+2/2 tag(s))
[2026-08-17 21:27:15 UTC] INJECT     docs/writing/task2/06-26-env-solutions.html  (+2/2 tag(s))
[2026-08-17 21:27:15 UTC] INJECT     docs/writing/task2/060-1-3-agree-disagree.html  (+2/2 tag(s))
[2026-08-17 21:27:15 UTC] INJECT     docs/writing/task2/061-1-4-discuss-both-views.html  (+2/2 tag(s))
[2026-08-17 21:27:15 UTC] INJECT     docs/writing/task2/062-1-4-discuss-both-views.html  (+2/2 tag(s))
[2026-08-17 21:27:15 UTC] INJECT     docs/writing/task2/063-1-4-discuss-both-views.html  (+2/2 tag(s))
[2026-08-17 21:27:15 UTC] INJECT     docs/writing/task2/064-1-5-discuss-both-views.html  (+2/2 tag(s))
[2026-08-17 21:27:15 UTC] INJECT     docs/writing/task2/065-1-5-discuss-both-views.html  (+2/2 tag(s))
[2026-08-17 21:27:15 UTC] INJECT     docs/writing/task2/066-1-6-agree-disagree.html  (+2/2 tag(s))
[2026-08-17 21:27:15 UTC] INJECT     docs/writing/task2/067-1-6-agree-disagree.html  (+2/2 tag(s))
[2026-08-17 21:27:15 UTC] INJECT     docs/writing/task2/068-1-6-advantage-disadvantage.html  (+2/2 tag(s))
[2026-08-17 21:27:15 UTC] INJECT     docs/writing/task2/069-1-6-agree-disagree.html  (+2/2 tag(s))
[2026-08-17 21:27:15 UTC] INJECT     docs/writing/task2/07-01-lang-learning.html  (+2/2 tag(s))
[2026-08-17 21:27:15 UTC] INJECT     docs/writing/task2/070-1-6-agree-disagree.html  (+2/2 tag(s))
[2026-08-17 21:27:15 UTC] INJECT     docs/writing/task2/071-1-6-two-questions.html  (+2/2 tag(s))
[2026-08-17 21:27:15 UTC] INJECT     docs/writing/task2/072-1-6-two-questions.html  (+2/2 tag(s))
[2026-08-17 21:27:15 UTC] INJECT     docs/writing/task2/073-1-7-agree-disagree.html  (+2/2 tag(s))
[2026-08-17 21:27:15 UTC] INJECT     docs/writing/task2/074-1-7-advantage-disadvantage.html  (+2/2 tag(s))
[2026-08-17 21:27:15 UTC] INJECT     docs/writing/task2/075-1-7-agree-disagree.html  (+2/2 tag(s))
[2026-08-17 21:27:15 UTC] INJECT     docs/writing/task2/076-1-8-problem-solution.html  (+2/2 tag(s))
[2026-08-17 21:27:15 UTC] INJECT     docs/writing/task2/077-1-8-problem-solution.html  (+2/2 tag(s))
[2026-08-17 21:27:15 UTC] INJECT     docs/writing/task2/078-1-8-two-questions.html  (+2/2 tag(s))
[2026-08-17 21:27:15 UTC] INJECT     docs/writing/task2/079-2-1-single-question.html  (+2/2 tag(s))
[2026-08-17 21:27:15 UTC] INJECT     docs/writing/task2/08-04-education-target.html  (+2/2 tag(s))
[2026-08-17 21:27:15 UTC] INJECT     docs/writing/task2/080-2-1-advantage-disadvantage.html  (+2/2 tag(s))
[2026-08-17 21:27:15 UTC] INJECT     docs/writing/task2/081-2-1-agree-disagree.html  (+2/2 tag(s))
[2026-08-17 21:27:15 UTC] INJECT     docs/writing/task2/082-2-1-agree-disagree.html  (+2/2 tag(s))
[2026-08-17 21:27:15 UTC] INJECT     docs/writing/task2/083-2-1-discuss-both-views.html  (+2/2 tag(s))
[2026-08-17 21:27:15 UTC] INJECT     docs/writing/task2/084-2-1-agree-disagree.html  (+2/2 tag(s))
[2026-08-17 21:27:15 UTC] INJECT     docs/writing/task2/085-2-2-agree-disagree.html  (+2/2 tag(s))
[2026-08-17 21:27:15 UTC] INJECT     docs/writing/task2/086-2-2-agree-disagree.html  (+2/2 tag(s))
[2026-08-17 21:27:15 UTC] INJECT     docs/writing/task2/087-2-2-agree-disagree.html  (+2/2 tag(s))
[2026-08-17 21:27:15 UTC] INJECT     docs/writing/task2/088-2-2-positive-negative.html  (+2/2 tag(s))
[2026-08-17 21:27:15 UTC] INJECT     docs/writing/task2/089-2-2-agree-disagree.html  (+2/2 tag(s))
[2026-08-17 21:27:15 UTC] INJECT     docs/writing/task2/09-05-education-phenomenon.html  (+2/2 tag(s))
[2026-08-17 21:27:15 UTC] INJECT     docs/writing/task2/090-2-3-agree-disagree.html  (+2/2 tag(s))
[2026-08-17 21:27:15 UTC] INJECT     docs/writing/task2/091-2-3-agree-disagree.html  (+2/2 tag(s))
[2026-08-17 21:27:15 UTC] INJECT     docs/writing/task2/092-2-3-agree-disagree.html  (+2/2 tag(s))
[2026-08-17 21:27:15 UTC] INJECT     docs/writing/task2/093-2-3-agree-disagree.html  (+2/2 tag(s))
[2026-08-17 21:27:15 UTC] INJECT     docs/writing/task2/094-2-4-agree-disagree.html  (+2/2 tag(s))
[2026-08-17 21:27:15 UTC] INJECT     docs/writing/task2/095-2-5-problem-solution.html  (+2/2 tag(s))
[2026-08-17 21:27:15 UTC] INJECT     docs/writing/task2/096-3-1-discuss-both-views.html  (+2/2 tag(s))
[2026-08-17 21:27:15 UTC] INJECT     docs/writing/task2/097-3-1-agree-disagree.html  (+2/2 tag(s))
[2026-08-17 21:27:15 UTC] INJECT     docs/writing/task2/098-3-1-agree-disagree.html  (+2/2 tag(s))
[2026-08-17 21:27:15 UTC] INJECT     docs/writing/task2/099-3-1-positive-negative.html  (+2/2 tag(s))
[2026-08-17 21:27:15 UTC] INJECT     docs/writing/task2/10-06-job-choice.html  (+2/2 tag(s))
[2026-08-17 21:27:15 UTC] INJECT     docs/writing/task2/100-3-1-advantage-disadvantage.html  (+2/2 tag(s))
[2026-08-17 21:27:15 UTC] INJECT     docs/writing/task2/101-3-1-advantage-disadvantage.html  (+2/2 tag(s))
[2026-08-17 21:27:15 UTC] INJECT     docs/writing/task2/102-3-1-advantage-disadvantage.html  (+2/2 tag(s))
[2026-08-17 21:27:15 UTC] INJECT     docs/writing/task2/103-3-1-advantage-disadvantage.html  (+2/2 tag(s))
[2026-08-17 21:27:15 UTC] INJECT     docs/writing/task2/104-3-2-agree-disagree.html  (+2/2 tag(s))
[2026-08-17 21:27:15 UTC] INJECT     docs/writing/task2/105-3-2-problem-solution.html  (+2/2 tag(s))
[2026-08-17 21:27:15 UTC] INJECT     docs/writing/task2/106-3-2-agree-disagree.html  (+2/2 tag(s))
[2026-08-17 21:27:15 UTC] INJECT     docs/writing/task2/107-3-2-discuss-both-views.html  (+2/2 tag(s))
[2026-08-17 21:27:15 UTC] INJECT     docs/writing/task2/108-3-2-agree-disagree.html  (+2/2 tag(s))
[2026-08-17 21:27:15 UTC] INJECT     docs/writing/task2/109-3-2-agree-disagree.html  (+2/2 tag(s))
[2026-08-17 21:27:15 UTC] INJECT     docs/writing/task2/11-07-personal-skill.html  (+2/2 tag(s))
[2026-08-17 21:27:15 UTC] INJECT     docs/writing/task2/110-3-2-discuss-both-views.html  (+2/2 tag(s))
[2026-08-17 21:27:15 UTC] INJECT     docs/writing/task2/111-3-2-agree-disagree.html  (+2/2 tag(s))
[2026-08-17 21:27:15 UTC] INJECT     docs/writing/task2/112-3-2-agree-disagree.html  (+2/2 tag(s))
[2026-08-17 21:27:15 UTC] INJECT     docs/writing/task2/113-3-2-advantage-disadvantage.html  (+2/2 tag(s))
[2026-08-17 21:27:15 UTC] INJECT     docs/writing/task2/114-3-2-discuss-both-views.html  (+2/2 tag(s))
[2026-08-17 21:27:15 UTC] INJECT     docs/writing/task2/115-3-2-problem-solution.html  (+2/2 tag(s))
[2026-08-17 21:27:15 UTC] INJECT     docs/writing/task2/116-3-2-agree-disagree.html  (+2/2 tag(s))
[2026-08-17 21:27:15 UTC] INJECT     docs/writing/task2/117-3-2-discuss-both-views.html  (+2/2 tag(s))
[2026-08-17 21:27:15 UTC] INJECT     docs/writing/task2/118-3-2-discuss-both-views.html  (+2/2 tag(s))
[2026-08-17 21:27:15 UTC] INJECT     docs/writing/task2/119-3-2-agree-disagree.html  (+2/2 tag(s))
[2026-08-17 21:27:15 UTC] INJECT     docs/writing/task2/12-08-work-env.html  (+2/2 tag(s))
[2026-08-17 21:27:15 UTC] INJECT     docs/writing/task2/120-3-4-agree-disagree.html  (+2/2 tag(s))
[2026-08-17 21:27:15 UTC] INJECT     docs/writing/task2/121-3-4-agree-disagree.html  (+2/2 tag(s))
[2026-08-17 21:27:15 UTC] INJECT     docs/writing/task2/122-3-3-two-questions.html  (+2/2 tag(s))
[2026-08-17 21:27:15 UTC] INJECT     docs/writing/task2/123-3-3-positive-negative.html  (+2/2 tag(s))
[2026-08-17 21:27:15 UTC] INJECT     docs/writing/task2/124-3-3-problem-solution.html  (+2/2 tag(s))
[2026-08-17 21:27:15 UTC] INJECT     docs/writing/task2/125-3-3-problem-solution.html  (+2/2 tag(s))
[2026-08-17 21:27:15 UTC] INJECT     docs/writing/task2/126-3-3-two-questions.html  (+2/2 tag(s))
[2026-08-17 21:27:15 UTC] INJECT     docs/writing/task2/127-3-3-advantage-disadvantage.html  (+2/2 tag(s))
[2026-08-17 21:27:15 UTC] INJECT     docs/writing/task2/128-3-4-agree-disagree.html  (+2/2 tag(s))
[2026-08-17 21:27:15 UTC] INJECT     docs/writing/task2/129-3-4-problem-solution.html  (+2/2 tag(s))
[2026-08-17 21:27:15 UTC] INJECT     docs/writing/task2/13-09-job-types.html  (+2/2 tag(s))
[2026-08-17 21:27:15 UTC] INJECT     docs/writing/task2/130-3-4-agree-disagree.html  (+2/2 tag(s))
[2026-08-17 21:27:15 UTC] INJECT     docs/writing/task2/131-3-4-agree-disagree.html  (+2/2 tag(s))
[2026-08-17 21:27:15 UTC] INJECT     docs/writing/task2/132-3-4-advantage-disadvantage.html  (+2/2 tag(s))
[2026-08-17 21:27:15 UTC] INJECT     docs/writing/task2/133-3-4-advantage-disadvantage.html  (+2/2 tag(s))
[2026-08-17 21:27:15 UTC] INJECT     docs/writing/task2/134-3-4-two-questions.html  (+2/2 tag(s))
[2026-08-17 21:27:15 UTC] INJECT     docs/writing/task2/135-3-4-two-questions.html  (+2/2 tag(s))
[2026-08-17 21:27:15 UTC] INJECT     docs/writing/task2/136-3-4-agree-disagree.html  (+2/2 tag(s))
[2026-08-17 21:27:15 UTC] INJECT     docs/writing/task2/137-3-4-two-questions.html  (+2/2 tag(s))
[2026-08-17 21:27:15 UTC] INJECT     docs/writing/task2/138-3-5-agree-disagree.html  (+2/2 tag(s))
[2026-08-17 21:27:15 UTC] INJECT     docs/writing/task2/139-3-5-discuss-both-views.html  (+2/2 tag(s))
[2026-08-17 21:27:15 UTC] INJECT     docs/writing/task2/14-10-work-life-balance.html  (+2/2 tag(s))
[2026-08-17 21:27:15 UTC] INJECT     docs/writing/task2/140-3-5-discuss-both-views.html  (+2/2 tag(s))
[2026-08-17 21:27:15 UTC] INJECT     docs/writing/task2/141-3-5-agree-disagree.html  (+2/2 tag(s))
[2026-08-17 21:27:15 UTC] INJECT     docs/writing/task2/142-3-5-problem-solution.html  (+2/2 tag(s))
[2026-08-17 21:27:15 UTC] INJECT     docs/writing/task2/143-3-5-discuss-both-views.html  (+2/2 tag(s))
[2026-08-17 21:27:15 UTC] INJECT     docs/writing/task2/144-3-5-agree-disagree.html  (+2/2 tag(s))
[2026-08-17 21:27:15 UTC] INJECT     docs/writing/task2/145-3-5-discuss-both-views.html  (+2/2 tag(s))
[2026-08-17 21:27:15 UTC] INJECT     docs/writing/task2/146-3-5-discuss-both-views.html  (+2/2 tag(s))
[2026-08-17 21:27:15 UTC] INJECT     docs/writing/task2/147-3-5-problem-solution.html  (+2/2 tag(s))
[2026-08-17 21:27:15 UTC] INJECT     docs/writing/task2/148-3-5-discuss-both-views.html  (+2/2 tag(s))
[2026-08-17 21:27:15 UTC] INJECT     docs/writing/task2/149-3-5-discuss-both-views.html  (+2/2 tag(s))
[2026-08-17 21:27:15 UTC] INJECT     docs/writing/task2/15-11-urbanisation.html  (+2/2 tag(s))
[2026-08-17 21:27:15 UTC] INJECT     docs/writing/task2/150-3-5-agree-disagree.html  (+2/2 tag(s))
[2026-08-17 21:27:15 UTC] INJECT     docs/writing/task2/151-3-5-discuss-both-views.html  (+2/2 tag(s))
[2026-08-17 21:27:15 UTC] INJECT     docs/writing/task2/152-3-5-advantage-disadvantage.html  (+2/2 tag(s))
[2026-08-17 21:27:15 UTC] INJECT     docs/writing/task2/153-3-5-opinion.html  (+2/2 tag(s))
[2026-08-17 21:27:15 UTC] INJECT     docs/writing/task2/154-3-5-agree-disagree.html  (+2/2 tag(s))
[2026-08-17 21:27:15 UTC] INJECT     docs/writing/task2/155-3-6-problem-solution.html  (+2/2 tag(s))
[2026-08-17 21:27:15 UTC] INJECT     docs/writing/task2/156-3-6-problem-solution.html  (+2/2 tag(s))
[2026-08-17 21:27:15 UTC] INJECT     docs/writing/task2/157-3-6-problem-solution.html  (+2/2 tag(s))
[2026-08-17 21:27:15 UTC] INJECT     docs/writing/task2/158-3-6-problem-solution.html  (+2/2 tag(s))
[2026-08-17 21:27:15 UTC] INJECT     docs/writing/task2/159-3-6-problem-solution.html  (+2/2 tag(s))
[2026-08-17 21:27:15 UTC] INJECT     docs/writing/task2/16-12-culture.html  (+2/2 tag(s))
[2026-08-17 21:27:15 UTC] INJECT     docs/writing/task2/160-3-6-problem-solution.html  (+2/2 tag(s))
[2026-08-17 21:27:15 UTC] INJECT     docs/writing/task2/161-3-6-problem-solution.html  (+2/2 tag(s))
[2026-08-17 21:27:15 UTC] INJECT     docs/writing/task2/162-3-6-problem-solution.html  (+2/2 tag(s))
[2026-08-17 21:27:15 UTC] INJECT     docs/writing/task2/163-3-6-two-questions.html  (+2/2 tag(s))
[2026-08-17 21:27:15 UTC] INJECT     docs/writing/task2/164-3-6-problem-solution.html  (+2/2 tag(s))
[2026-08-17 21:27:15 UTC] INJECT     docs/writing/task2/165-3-6-problem-solution.html  (+2/2 tag(s))
[2026-08-17 21:27:15 UTC] INJECT     docs/writing/task2/166-3-6-two-questions.html  (+2/2 tag(s))
[2026-08-17 21:27:15 UTC] INJECT     docs/writing/task2/167-3-6-two-questions.html  (+2/2 tag(s))
[2026-08-17 21:27:15 UTC] INJECT     docs/writing/task2/168-3-6-problem-solution.html  (+2/2 tag(s))
[2026-08-17 21:27:15 UTC] INJECT     docs/writing/task2/169-3-6-problem-solution.html  (+2/2 tag(s))
[2026-08-17 21:27:15 UTC] INJECT     docs/writing/task2/17-13-ageing.html  (+2/2 tag(s))
[2026-08-17 21:27:15 UTC] INJECT     docs/writing/task2/170-3-7-positive-negative.html  (+2/2 tag(s))
[2026-08-17 21:27:15 UTC] INJECT     docs/writing/task2/171-3-8-agree-disagree.html  (+2/2 tag(s))
[2026-08-17 21:27:15 UTC] INJECT     docs/writing/task2/172-3-8-advantage-disadvantage.html  (+2/2 tag(s))
[2026-08-17 21:27:15 UTC] INJECT     docs/writing/task2/173-3-8-advantage-disadvantage.html  (+2/2 tag(s))
[2026-08-17 21:27:15 UTC] INJECT     docs/writing/task2/174-3-8-agree-disagree.html  (+2/2 tag(s))
[2026-08-17 21:27:15 UTC] INJECT     docs/writing/task2/175-3-9-agree-disagree.html  (+2/2 tag(s))
[2026-08-17 21:27:15 UTC] INJECT     docs/writing/task2/176-3-10-agree-disagree.html  (+2/2 tag(s))
[2026-08-17 21:27:15 UTC] INJECT     docs/writing/task2/177-4-1-agree-disagree.html  (+2/2 tag(s))
[2026-08-17 21:27:15 UTC] INJECT     docs/writing/task2/178-4-1-agree-disagree.html  (+2/2 tag(s))
[2026-08-17 21:27:15 UTC] INJECT     docs/writing/task2/179-4-1-discuss-both-views.html  (+2/2 tag(s))
[2026-08-17 21:27:15 UTC] INJECT     docs/writing/task2/18-14-transport.html  (+2/2 tag(s))
[2026-08-17 21:27:15 UTC] INJECT     docs/writing/task2/180-4-1-agree-disagree.html  (+2/2 tag(s))
[2026-08-17 21:27:15 UTC] INJECT     docs/writing/task2/181-4-2-problem-solution.html  (+2/2 tag(s))
[2026-08-17 21:27:15 UTC] INJECT     docs/writing/task2/182-4-3-problem-solution.html  (+2/2 tag(s))
[2026-08-17 21:27:15 UTC] INJECT     docs/writing/task2/183-4-3-agree-disagree.html  (+2/2 tag(s))
[2026-08-17 21:27:15 UTC] INJECT     docs/writing/task2/184-4-4-problem-solution.html  (+2/2 tag(s))
[2026-08-17 21:27:15 UTC] INJECT     docs/writing/task2/185-4-4-problem-solution.html  (+2/2 tag(s))
[2026-08-17 21:27:15 UTC] INJECT     docs/writing/task2/186-4-4-advantage-disadvantage.html  (+2/2 tag(s))
[2026-08-17 21:27:15 UTC] INJECT     docs/writing/task2/187-4-4-discuss-both-views.html  (+2/2 tag(s))
[2026-08-17 21:27:15 UTC] INJECT     docs/writing/task2/188-4-4-agree-disagree.html  (+2/2 tag(s))
[2026-08-17 21:27:15 UTC] INJECT     docs/writing/task2/189-4-4-advantage-disadvantage.html  (+2/2 tag(s))
[2026-08-17 21:27:15 UTC] INJECT     docs/writing/task2/19-15-values-compare.html  (+2/2 tag(s))
[2026-08-17 21:27:15 UTC] INJECT     docs/writing/task2/190-4-5-problem-solution.html  (+2/2 tag(s))
[2026-08-17 21:27:15 UTC] INJECT     docs/writing/task2/191-4-6-problem-solution.html  (+2/2 tag(s))
[2026-08-17 21:27:15 UTC] INJECT     docs/writing/task2/192-4-6-two-questions.html  (+2/2 tag(s))
[2026-08-17 21:27:15 UTC] INJECT     docs/writing/task2/193-4-7-agree-disagree.html  (+2/2 tag(s))
[2026-08-17 21:27:15 UTC] INJECT     docs/writing/task2/194-4-7-discuss-both-views.html  (+2/2 tag(s))
[2026-08-17 21:27:15 UTC] INJECT     docs/writing/task2/195-4-7-agree-disagree.html  (+2/2 tag(s))
[2026-08-17 21:27:15 UTC] INJECT     docs/writing/task2/196-5-1-agree-disagree.html  (+2/2 tag(s))
[2026-08-17 21:27:15 UTC] INJECT     docs/writing/task2/197-5-1-agree-disagree.html  (+2/2 tag(s))
[2026-08-17 21:27:15 UTC] INJECT     docs/writing/task2/198-5-1-agree-disagree.html  (+2/2 tag(s))
[2026-08-17 21:27:15 UTC] INJECT     docs/writing/task2/199-5-1-agree-disagree.html  (+2/2 tag(s))
[2026-08-17 21:27:15 UTC] INJECT     docs/writing/task2/20-16-social-phenomenon.html  (+2/2 tag(s))
[2026-08-17 21:27:15 UTC] INJECT     docs/writing/task2/200-5-1-discuss-both-views.html  (+2/2 tag(s))
[2026-08-17 21:27:15 UTC] INJECT     docs/writing/task2/201-5-1-discuss-both-views.html  (+2/2 tag(s))
[2026-08-17 21:27:15 UTC] INJECT     docs/writing/task2/202-5-1-opinion.html  (+2/2 tag(s))
[2026-08-17 21:27:15 UTC] INJECT     docs/writing/task2/203-5-1-agree-disagree.html  (+2/2 tag(s))
[2026-08-17 21:27:15 UTC] INJECT     docs/writing/task2/204-5-1-agree-disagree.html  (+2/2 tag(s))
[2026-08-17 21:27:15 UTC] INJECT     docs/writing/task2/205-5-1-agree-disagree.html  (+2/2 tag(s))
[2026-08-17 21:27:15 UTC] INJECT     docs/writing/task2/206-5-1-positive-negative.html  (+2/2 tag(s))
[2026-08-17 21:27:15 UTC] INJECT     docs/writing/task2/207-5-1-discuss-both-views.html  (+2/2 tag(s))
[2026-08-17 21:27:15 UTC] INJECT     docs/writing/task2/208-5-1-advantage-disadvantage.html  (+2/2 tag(s))
[2026-08-17 21:27:15 UTC] INJECT     docs/writing/task2/209-5-1-discuss-both-views.html  (+2/2 tag(s))
[2026-08-17 21:27:15 UTC] INJECT     docs/writing/task2/21-17-privacy.html  (+2/2 tag(s))
[2026-08-17 21:27:15 UTC] INJECT     docs/writing/task2/210-5-2-agree-disagree.html  (+2/2 tag(s))
[2026-08-17 21:27:15 UTC] INJECT     docs/writing/task2/211-5-2-problem-solution.html  (+2/2 tag(s))
[2026-08-17 21:27:15 UTC] INJECT     docs/writing/task2/212-5-2-agree-disagree.html  (+2/2 tag(s))
[2026-08-17 21:27:15 UTC] INJECT     docs/writing/task2/213-5-2-problem-solution.html  (+2/2 tag(s))
[2026-08-17 21:27:15 UTC] INJECT     docs/writing/task2/214-5-2-advantage-disadvantage.html  (+2/2 tag(s))
[2026-08-17 21:27:15 UTC] INJECT     docs/writing/task2/215-5-2-agree-disagree.html  (+2/2 tag(s))
[2026-08-17 21:27:15 UTC] INJECT     docs/writing/task2/216-6-1-agree-disagree.html  (+2/2 tag(s))
[2026-08-17 21:27:15 UTC] INJECT     docs/writing/task2/217-6-1-discuss-both-views.html  (+2/2 tag(s))
[2026-08-17 21:27:15 UTC] INJECT     docs/writing/task2/218-6-1-positive-negative.html  (+2/2 tag(s))
[2026-08-17 21:27:15 UTC] INJECT     docs/writing/task2/219-6-1-advantage-disadvantage.html  (+2/2 tag(s))
[2026-08-17 21:27:15 UTC] INJECT     docs/writing/task2/22-18-life-change.html  (+2/2 tag(s))
[2026-08-17 21:27:15 UTC] INJECT     docs/writing/task2/220-6-1-advantage-disadvantage.html  (+2/2 tag(s))
[2026-08-17 21:27:15 UTC] INJECT     docs/writing/task2/221-6-1-positive-negative.html  (+2/2 tag(s))
[2026-08-17 21:27:15 UTC] INJECT     docs/writing/task2/222-6-1-agree-disagree.html  (+2/2 tag(s))
[2026-08-17 21:27:15 UTC] INJECT     docs/writing/task2/223-6-1-agree-disagree.html  (+2/2 tag(s))
[2026-08-17 21:27:15 UTC] INJECT     docs/writing/task2/224-6-1-discuss-both-views.html  (+2/2 tag(s))
[2026-08-17 21:27:15 UTC] INJECT     docs/writing/task2/225-6-1-discuss-both-views.html  (+2/2 tag(s))
[2026-08-17 21:27:15 UTC] INJECT     docs/writing/task2/226-6-1-agree-disagree.html  (+2/2 tag(s))
[2026-08-17 21:27:15 UTC] INJECT     docs/writing/task2/227-6-1-discuss-both-views.html  (+2/2 tag(s))
[2026-08-17 21:27:15 UTC] INJECT     docs/writing/task2/228-6-1-discuss-both-views.html  (+2/2 tag(s))
[2026-08-17 21:27:15 UTC] INJECT     docs/writing/task2/229-6-1-agree-disagree.html  (+2/2 tag(s))
[2026-08-17 21:27:15 UTC] INJECT     docs/writing/task2/23-19-gender.html  (+2/2 tag(s))
[2026-08-17 21:27:15 UTC] INJECT     docs/writing/task2/230-6-1-discuss-both-views.html  (+2/2 tag(s))
[2026-08-17 21:27:15 UTC] INJECT     docs/writing/task2/231-6-1-discuss-both-views.html  (+2/2 tag(s))
[2026-08-17 21:27:15 UTC] INJECT     docs/writing/task2/232-6-1-agree-disagree.html  (+2/2 tag(s))
[2026-08-17 21:27:15 UTC] INJECT     docs/writing/task2/233-6-1-two-questions.html  (+2/2 tag(s))
[2026-08-17 21:27:15 UTC] INJECT     docs/writing/task2/234-6-2-discuss-both-views.html  (+2/2 tag(s))
[2026-08-17 21:27:15 UTC] INJECT     docs/writing/task2/235-6-2-agree-disagree.html  (+2/2 tag(s))
[2026-08-17 21:27:15 UTC] INJECT     docs/writing/task2/236-6-2-problem-solution.html  (+2/2 tag(s))
[2026-08-17 21:27:15 UTC] INJECT     docs/writing/task2/237-6-2-discuss-both-views.html  (+2/2 tag(s))
[2026-08-17 21:27:15 UTC] INJECT     docs/writing/task2/238-6-2-problem-solution.html  (+2/2 tag(s))
[2026-08-17 21:27:15 UTC] INJECT     docs/writing/task2/239-7-1-problem-solution.html  (+2/2 tag(s))
[2026-08-17 21:27:15 UTC] INJECT     docs/writing/task2/24-20-civility.html  (+2/2 tag(s))
[2026-08-17 21:27:15 UTC] INJECT     docs/writing/task2/240-7-1-agree-disagree.html  (+2/2 tag(s))
[2026-08-17 21:27:15 UTC] INJECT     docs/writing/task2/241-7-1-discuss-both-views.html  (+2/2 tag(s))
[2026-08-17 21:27:15 UTC] INJECT     docs/writing/task2/242-7-1-agree-disagree.html  (+2/2 tag(s))
[2026-08-17 21:27:15 UTC] INJECT     docs/writing/task2/243-7-1-agree-disagree.html  (+2/2 tag(s))
[2026-08-17 21:27:15 UTC] INJECT     docs/writing/task2/244-8-1-agree-disagree.html  (+2/2 tag(s))
[2026-08-17 21:27:15 UTC] INJECT     docs/writing/task2/245-8-1-positive-negative.html  (+2/2 tag(s))
[2026-08-17 21:27:15 UTC] INJECT     docs/writing/task2/246-8-1-agree-disagree.html  (+2/2 tag(s))
[2026-08-17 21:27:15 UTC] INJECT     docs/writing/task2/247-8-1-problem-solution.html  (+2/2 tag(s))
[2026-08-17 21:27:15 UTC] INJECT     docs/writing/task2/248-8-1-discuss-both-views.html  (+2/2 tag(s))
[2026-08-17 21:27:15 UTC] INJECT     docs/writing/task2/249-8-1-discuss-both-views.html  (+2/2 tag(s))
[2026-08-17 21:27:15 UTC] INJECT     docs/writing/task2/25-21-animal-protection.html  (+2/2 tag(s))
[2026-08-17 21:27:15 UTC] INJECT     docs/writing/task2/250-8-1-agree-disagree.html  (+2/2 tag(s))
[2026-08-17 21:27:15 UTC] INJECT     docs/writing/task2/251-8-1-discuss-both-views.html  (+2/2 tag(s))
[2026-08-17 21:27:15 UTC] INJECT     docs/writing/task2/252-8-1-two-questions.html  (+2/2 tag(s))
[2026-08-17 21:27:15 UTC] INJECT     docs/writing/task2/253-8-1-agree-disagree.html  (+2/2 tag(s))
[2026-08-17 21:27:15 UTC] INJECT     docs/writing/task2/254-8-1-agree-disagree.html  (+2/2 tag(s))
[2026-08-17 21:27:15 UTC] INJECT     docs/writing/task2/255-8-1-discuss-both-views.html  (+2/2 tag(s))
[2026-08-17 21:27:15 UTC] INJECT     docs/writing/task2/256-8-1-positive-negative.html  (+2/2 tag(s))
[2026-08-17 21:27:15 UTC] INJECT     docs/writing/task2/257-8-2-two-questions.html  (+2/2 tag(s))
[2026-08-17 21:27:15 UTC] INJECT     docs/writing/task2/258-8-2-discuss-both-views.html  (+2/2 tag(s))
[2026-08-17 21:27:15 UTC] INJECT     docs/writing/task2/259-8-2-two-questions.html  (+2/2 tag(s))
[2026-08-17 21:27:15 UTC] INJECT     docs/writing/task2/26-22-plastic.html  (+2/2 tag(s))
[2026-08-17 21:27:15 UTC] INJECT     docs/writing/task2/260-8-2-positive-negative.html  (+2/2 tag(s))
[2026-08-17 21:27:15 UTC] INJECT     docs/writing/task2/261-9-1-discuss-both-views.html  (+2/2 tag(s))
[2026-08-17 21:27:15 UTC] INJECT     docs/writing/task2/262-9-1-agree-disagree.html  (+2/2 tag(s))
[2026-08-17 21:27:15 UTC] INJECT     docs/writing/task2/263-9-1-agree-disagree.html  (+2/2 tag(s))
[2026-08-17 21:27:15 UTC] INJECT     docs/writing/task2/264-9-1-discuss-both-views.html  (+2/2 tag(s))
[2026-08-17 21:27:15 UTC] INJECT     docs/writing/task2/265-9-1-discuss-both-views.html  (+2/2 tag(s))
[2026-08-17 21:27:15 UTC] INJECT     docs/writing/task2/266-9-1-discuss-both-views.html  (+2/2 tag(s))
[2026-08-17 21:27:15 UTC] INJECT     docs/writing/task2/267-9-1-agree-disagree.html  (+2/2 tag(s))
[2026-08-17 21:27:15 UTC] INJECT     docs/writing/task2/268-9-1-discuss-both-views.html  (+2/2 tag(s))
[2026-08-17 21:27:15 UTC] INJECT     docs/writing/task2/269-9-1-agree-disagree.html  (+2/2 tag(s))
[2026-08-17 21:27:15 UTC] INJECT     docs/writing/task2/27-23-water.html  (+2/2 tag(s))
[2026-08-17 21:27:15 UTC] INJECT     docs/writing/task2/270-9-1-discuss-both-views.html  (+2/2 tag(s))
[2026-08-17 21:27:15 UTC] INJECT     docs/writing/task2/271-9-1-discuss-both-views.html  (+2/2 tag(s))
[2026-08-17 21:27:15 UTC] INJECT     docs/writing/task2/272-10-1-agree-disagree.html  (+2/2 tag(s))
[2026-08-17 21:27:15 UTC] INJECT     docs/writing/task2/273-10-1-problem-solution.html  (+2/2 tag(s))
[2026-08-17 21:27:15 UTC] INJECT     docs/writing/task2/274-10-1-problem-solution.html  (+2/2 tag(s))
[2026-08-17 21:27:15 UTC] INJECT     docs/writing/task2/275-10-1-agree-disagree.html  (+2/2 tag(s))
[2026-08-17 21:27:15 UTC] INJECT     docs/writing/task2/276-10-1-discuss-both-views.html  (+2/2 tag(s))
[2026-08-17 21:27:15 UTC] INJECT     docs/writing/task2/277-10-1-discuss-both-views.html  (+2/2 tag(s))
[2026-08-17 21:27:15 UTC] INJECT     docs/writing/task2/278-10-1-discuss-both-views.html  (+2/2 tag(s))
[2026-08-17 21:27:15 UTC] INJECT     docs/writing/task2/279-10-1-agree-disagree.html  (+2/2 tag(s))
[2026-08-17 21:27:15 UTC] INJECT     docs/writing/task2/28-24-noise-pollution.html  (+2/2 tag(s))
[2026-08-17 21:27:15 UTC] INJECT     docs/writing/task2/29-25-consumption-env.html  (+2/2 tag(s))
[2026-08-17 21:27:15 UTC] INJECT     docs/writing/task2/30-02-qual-meaning.html  (+2/2 tag(s))
[2026-08-17 21:27:15 UTC] INJECT     docs/writing/task2/31-03-education-method.html  (+2/2 tag(s))
[2026-08-17 21:27:15 UTC] INJECT     docs/writing/task2/32-27-technology.html  (+2/2 tag(s))
[2026-08-17 21:27:15 UTC] INJECT     docs/writing/task2/33-28-health.html  (+2/2 tag(s))
[2026-08-17 21:27:15 UTC] INJECT     docs/writing/task2/34-29-media.html  (+2/2 tag(s))
[2026-08-17 21:27:15 UTC] INJECT     docs/writing/task2/35-30-advertising.html  (+2/2 tag(s))
[2026-08-17 21:27:15 UTC] INJECT     docs/writing/task2/36-31-globalisation.html  (+2/2 tag(s))
[2026-08-17 21:27:15 UTC] INJECT     docs/writing/task2/37-32-travel.html  (+2/2 tag(s))
[2026-08-17 21:27:15 UTC] INJECT     docs/writing/task2/38-1-1-single-question.html  (+2/2 tag(s))
[2026-08-17 21:27:15 UTC] INJECT     docs/writing/task2/39-1-1-problem-solution.html  (+2/2 tag(s))
[2026-08-17 21:27:15 UTC] INJECT     docs/writing/task2/40-1-2-advantage-disadvantage.html  (+2/2 tag(s))
[2026-08-17 21:27:15 UTC] INJECT     docs/writing/task2/41-1-5-single-question.html  (+2/2 tag(s))
[2026-08-17 21:27:15 UTC] INJECT     docs/writing/task2/42-4-4-problem-solution.html  (+2/2 tag(s))
[2026-08-17 21:27:15 UTC] INJECT     docs/speaking/topics/p1-area.html  (+1/1 tag(s))
[2026-08-17 21:27:15 UTC] INJECT     docs/speaking/topics/p1-city.html  (+1/1 tag(s))
[2026-08-17 21:27:15 UTC] INJECT     docs/speaking/topics/p1-home.html  (+1/1 tag(s))
[2026-08-17 21:27:15 UTC] INJECT     docs/speaking/topics/p1-hometown.html  (+1/1 tag(s))
[2026-08-17 21:27:15 UTC] INJECT     docs/speaking/topics/p1-work.html  (+1/1 tag(s))
[2026-08-17 21:27:15 UTC] INJECT     docs/speaking/topics/p1f-building.html  (+1/1 tag(s))
[2026-08-17 21:27:15 UTC] INJECT     docs/speaking/topics/p1f-cars.html  (+1/1 tag(s))
[2026-08-17 21:27:15 UTC] INJECT     docs/speaking/topics/p1f-childhood.html  (+1/1 tag(s))
[2026-08-17 21:27:15 UTC] INJECT     docs/speaking/topics/p1f-food.html  (+1/1 tag(s))
[2026-08-17 21:27:15 UTC] INJECT     docs/speaking/topics/p1f-gifts.html  (+1/1 tag(s))
[2026-08-17 21:27:15 UTC] INJECT     docs/speaking/topics/p1f-hobby.html  (+1/1 tag(s))
[2026-08-17 21:27:15 UTC] INJECT     docs/speaking/topics/p1f-life-stages.html  (+1/1 tag(s))
[2026-08-17 21:27:15 UTC] INJECT     docs/speaking/topics/p1f-mirrors.html  (+1/1 tag(s))
[2026-08-17 21:27:15 UTC] INJECT     docs/speaking/topics/p1f-morning.html  (+1/1 tag(s))
[2026-08-17 21:27:15 UTC] INJECT     docs/speaking/topics/p1f-music.html  (+1/1 tag(s))
[2026-08-17 21:27:15 UTC] INJECT     docs/speaking/topics/p1f-outer-space.html  (+1/1 tag(s))
[2026-08-17 21:27:15 UTC] INJECT     docs/speaking/topics/p1f-parks.html  (+1/1 tag(s))
[2026-08-17 21:27:15 UTC] INJECT     docs/speaking/topics/p1f-pets.html  (+1/1 tag(s))
[2026-08-17 21:27:15 UTC] INJECT     docs/speaking/topics/p1f-reading.html  (+1/1 tag(s))
[2026-08-17 21:27:15 UTC] INJECT     docs/speaking/topics/p1f-scenery.html  (+1/1 tag(s))
[2026-08-17 21:27:15 UTC] INJECT     docs/speaking/topics/p1f-science.html  (+1/1 tag(s))
[2026-08-17 21:27:15 UTC] INJECT     docs/speaking/topics/p1f-shopping.html  (+1/1 tag(s))
[2026-08-17 21:27:15 UTC] INJECT     docs/speaking/topics/p1f-singing.html  (+1/1 tag(s))
[2026-08-17 21:27:15 UTC] INJECT     docs/speaking/topics/p1f-social-media.html  (+1/1 tag(s))
[2026-08-17 21:27:15 UTC] INJECT     docs/speaking/topics/p1f-sports-team.html  (+1/1 tag(s))
[2026-08-17 21:27:15 UTC] INJECT     docs/speaking/topics/p1f-teachers.html  (+1/1 tag(s))
[2026-08-17 21:27:15 UTC] INJECT     docs/speaking/topics/p1f-tidiness.html  (+1/1 tag(s))
[2026-08-17 21:27:15 UTC] INJECT     docs/speaking/topics/p1f-typing.html  (+1/1 tag(s))
[2026-08-17 21:27:15 UTC] INJECT     docs/speaking/topics/p1f-views.html  (+1/1 tag(s))
[2026-08-17 21:27:15 UTC] INJECT     docs/speaking/topics/p1f-walking.html  (+1/1 tag(s))
[2026-08-17 21:27:15 UTC] INJECT     docs/speaking/topics/p1f-watch.html  (+1/1 tag(s))
[2026-08-17 21:27:15 UTC] INJECT     docs/speaking/topics/p1f-websites.html  (+1/1 tag(s))
[2026-08-17 21:27:15 UTC] INJECT     docs/speaking/topics/p23-advice.html  (+1/1 tag(s))
[2026-08-17 21:27:15 UTC] INJECT     docs/speaking/topics/p23-app.html  (+1/1 tag(s))
[2026-08-17 21:27:15 UTC] INJECT     docs/speaking/topics/p23-bad-music.html  (+1/1 tag(s))
[2026-08-17 21:27:15 UTC] INJECT     docs/speaking/topics/p23-boring.html  (+1/1 tag(s))
[2026-08-17 21:27:15 UTC] INJECT     docs/speaking/topics/p23-business.html  (+1/1 tag(s))
[2026-08-17 21:27:15 UTC] INJECT     docs/speaking/topics/p23-changed-plan.html  (+1/1 tag(s))
[2026-08-17 21:27:15 UTC] INJECT     docs/speaking/topics/p23-child-art.html  (+1/1 tag(s))
[2026-08-17 21:27:15 UTC] INJECT     docs/speaking/topics/p23-child-friend.html  (+1/1 tag(s))
[2026-08-17 21:27:15 UTC] INJECT     docs/speaking/topics/p23-decision.html  (+1/1 tag(s))
[2026-08-17 21:27:15 UTC] INJECT     docs/speaking/topics/p23-early.html  (+1/1 tag(s))
[2026-08-17 21:27:15 UTC] INJECT     docs/speaking/topics/p23-encourage.html  (+1/1 tag(s))
[2026-08-17 21:27:15 UTC] INJECT     docs/speaking/topics/p23-famous-city.html  (+1/1 tag(s))
[2026-08-17 21:27:15 UTC] INJECT     docs/speaking/topics/p23-famous.html  (+1/1 tag(s))
[2026-08-17 21:27:15 UTC] INJECT     docs/speaking/topics/p23-fav-city.html  (+1/1 tag(s))
[2026-08-17 21:27:15 UTC] INJECT     docs/speaking/topics/p23-foreign-job.html  (+1/1 tag(s))
[2026-08-17 21:27:15 UTC] INJECT     docs/speaking/topics/p23-group.html  (+1/1 tag(s))
[2026-08-17 21:27:15 UTC] INJECT     docs/speaking/topics/p23-heirloom.html  (+1/1 tag(s))
[2026-08-17 21:27:15 UTC] INJECT     docs/speaking/topics/p23-helper.html  (+1/1 tag(s))
[2026-08-17 21:27:15 UTC] INJECT     docs/speaking/topics/p23-imagination.html  (+1/1 tag(s))
[2026-08-17 21:27:15 UTC] INJECT     docs/speaking/topics/p23-interest-bldg.html  (+1/1 tag(s))
[2026-08-17 21:27:15 UTC] INJECT     docs/speaking/topics/p23-law.html  (+1/1 tag(s))
[2026-08-17 21:27:15 UTC] INJECT     docs/speaking/topics/p23-medical.html  (+1/1 tag(s))
[2026-08-17 21:27:15 UTC] INJECT     docs/speaking/topics/p23-movie.html  (+1/1 tag(s))
[2026-08-17 21:27:15 UTC] INJECT     docs/speaking/topics/p23-nanning.html  (+1/1 tag(s))
[2026-08-17 21:27:15 UTC] INJECT     docs/speaking/topics/p23-nature.html  (+1/1 tag(s))
[2026-08-17 21:27:15 UTC] INJECT     docs/speaking/topics/p23-no-phone.html  (+1/1 tag(s))
[2026-08-17 21:27:15 UTC] INJECT     docs/speaking/topics/p23-overspent.html  (+1/1 tag(s))
[2026-08-17 21:27:15 UTC] INJECT     docs/speaking/topics/p23-perfect-job.html  (+1/1 tag(s))
[2026-08-17 21:27:15 UTC] INJECT     docs/speaking/topics/p23-planning.html  (+1/1 tag(s))
[2026-08-17 21:27:15 UTC] INJECT     docs/speaking/topics/p23-plants.html  (+1/1 tag(s))
[2026-08-17 21:27:15 UTC] INJECT     docs/speaking/topics/p23-proud.html  (+1/1 tag(s))
[2026-08-17 21:27:15 UTC] INJECT     docs/speaking/topics/p23-self-learn.html  (+1/1 tag(s))
[2026-08-17 21:27:15 UTC] INJECT     docs/speaking/topics/p23-smart.html  (+1/1 tag(s))
[2026-08-17 21:27:15 UTC] INJECT     docs/speaking/topics/p23-smiling.html  (+1/1 tag(s))
[2026-08-17 21:27:15 UTC] INJECT     docs/speaking/topics/p23-sports.html  (+1/1 tag(s))
[2026-08-17 21:27:15 UTC] INJECT     docs/speaking/topics/p23-tall.html  (+1/1 tag(s))
[2026-08-17 21:27:15 UTC] INJECT     docs/speaking/topics/p23-tech.html  (+1/1 tag(s))
[2026-08-17 21:27:15 UTC] INJECT     docs/speaking/topics/p23-vehicle.html  (+1/1 tag(s))
[2026-08-17 21:27:15 UTC] INJECT     docs/speaking/topics/p23-video.html  (+1/1 tag(s))
[2026-08-17 21:27:15 UTC] SKIP       docs/writing/index.html  (1 tag(s) present)
[2026-08-17 21:27:15 UTC] SKIP       docs/speaking/index.html  (1 tag(s) present)
[2026-08-17 21:27:15 UTC] SUMMARY inject: 363 modified, 2 skipped, 0 errors, 365 total
[2026-08-17 21:27:19 UTC] === inject ===
[2026-08-17 21:27:19 UTC] SKIP       docs/writing/task1/01-table-universities-ranked.html  (2 tag(s) present)
[2026-08-17 21:27:19 UTC] SKIP       docs/writing/task1/02-pie-meal-nutrients.html  (2 tag(s) present)
[2026-08-17 21:27:19 UTC] SKIP       docs/writing/task1/03-bar-electricity.html  (2 tag(s) present)
[2026-08-17 21:27:19 UTC] SKIP       docs/writing/task1/04-bar-physical-activity.html  (2 tag(s) present)
[2026-08-17 21:27:19 UTC] SKIP       docs/writing/task1/05-mixed-graph.html  (2 tag(s) present)
[2026-08-17 21:27:19 UTC] SKIP       docs/writing/task1/06-process-rain-shadow-desert.html  (2 tag(s) present)
[2026-08-17 21:27:19 UTC] SKIP       docs/writing/task1/07-process-plastic-recycling.html  (2 tag(s) present)
[2026-08-17 21:27:19 UTC] SKIP       docs/writing/task1/08-process-cement-making.html  (2 tag(s) present)
[2026-08-17 21:27:19 UTC] SKIP       docs/writing/task1/09-mixed-library-survey.html  (2 tag(s) present)
[2026-08-17 21:27:19 UTC] SKIP       docs/writing/task1/10-dynamic-caribbean-tourists.html  (2 tag(s) present)
[2026-08-17 21:27:19 UTC] SKIP       docs/writing/task1/11-dynamic-melbourne-activities.html  (2 tag(s) present)
[2026-08-17 21:27:19 UTC] SKIP       docs/writing/task1/12-dynamic-asian-cities.html  (2 tag(s) present)
[2026-08-17 21:27:19 UTC] SKIP       docs/writing/task1/13-static-uk-school-spending.html  (2 tag(s) present)
[2026-08-17 21:27:19 UTC] SKIP       docs/writing/task2/01-agree-disagree-history-vs-business.html  (2 tag(s) present)
[2026-08-17 21:27:19 UTC] SKIP       docs/writing/task2/02-discuss-both-views-employment-skills.html  (2 tag(s) present)
[2026-08-17 21:27:19 UTC] SKIP       docs/writing/task2/03-positive-negative-children-freedom.html  (2 tag(s) present)
[2026-08-17 21:27:19 UTC] SKIP       docs/writing/task2/04-opinion-teachers-morality.html  (2 tag(s) present)
[2026-08-17 21:27:19 UTC] SKIP       docs/writing/task2/043-1-1-agree-disagree.html  (2 tag(s) present)
[2026-08-17 21:27:19 UTC] SKIP       docs/writing/task2/044-1-1-discuss-both-views.html  (2 tag(s) present)
[2026-08-17 21:27:19 UTC] SKIP       docs/writing/task2/045-1-1-agree-disagree.html  (2 tag(s) present)
[2026-08-17 21:27:19 UTC] SKIP       docs/writing/task2/046-1-1-agree-disagree.html  (2 tag(s) present)
[2026-08-17 21:27:19 UTC] SKIP       docs/writing/task2/047-1-1-discuss-both-views.html  (2 tag(s) present)
[2026-08-17 21:27:19 UTC] SKIP       docs/writing/task2/048-1-1-discuss-both-views.html  (2 tag(s) present)
[2026-08-17 21:27:19 UTC] SKIP       docs/writing/task2/049-1-1-agree-disagree.html  (2 tag(s) present)
[2026-08-17 21:27:19 UTC] SKIP       docs/writing/task2/05-two-questions-environment.html  (2 tag(s) present)
[2026-08-17 21:27:19 UTC] SKIP       docs/writing/task2/050-1-2-positive-negative.html  (2 tag(s) present)
[2026-08-17 21:27:19 UTC] SKIP       docs/writing/task2/051-1-2-discuss-both-views.html  (2 tag(s) present)
[2026-08-17 21:27:19 UTC] SKIP       docs/writing/task2/052-1-2-agree-disagree.html  (2 tag(s) present)
[2026-08-17 21:27:19 UTC] SKIP       docs/writing/task2/053-1-2-discuss-both-views.html  (2 tag(s) present)
[2026-08-17 21:27:19 UTC] SKIP       docs/writing/task2/054-1-2-agree-disagree.html  (2 tag(s) present)
[2026-08-17 21:27:19 UTC] SKIP       docs/writing/task2/055-1-2-agree-disagree.html  (2 tag(s) present)
[2026-08-17 21:27:19 UTC] SKIP       docs/writing/task2/056-1-2-agree-disagree.html  (2 tag(s) present)
[2026-08-17 21:27:19 UTC] SKIP       docs/writing/task2/057-1-2-agree-disagree.html  (2 tag(s) present)
[2026-08-17 21:27:19 UTC] SKIP       docs/writing/task2/058-1-2-discuss-both-views.html  (2 tag(s) present)
[2026-08-17 21:27:19 UTC] SKIP       docs/writing/task2/059-1-2-discuss-both-views.html  (2 tag(s) present)
[2026-08-17 21:27:19 UTC] SKIP       docs/writing/task2/06-26-env-solutions.html  (2 tag(s) present)
[2026-08-17 21:27:19 UTC] SKIP       docs/writing/task2/060-1-3-agree-disagree.html  (2 tag(s) present)
[2026-08-17 21:27:19 UTC] SKIP       docs/writing/task2/061-1-4-discuss-both-views.html  (2 tag(s) present)
[2026-08-17 21:27:19 UTC] SKIP       docs/writing/task2/062-1-4-discuss-both-views.html  (2 tag(s) present)
[2026-08-17 21:27:19 UTC] SKIP       docs/writing/task2/063-1-4-discuss-both-views.html  (2 tag(s) present)
[2026-08-17 21:27:19 UTC] SKIP       docs/writing/task2/064-1-5-discuss-both-views.html  (2 tag(s) present)
[2026-08-17 21:27:19 UTC] SKIP       docs/writing/task2/065-1-5-discuss-both-views.html  (2 tag(s) present)
[2026-08-17 21:27:19 UTC] SKIP       docs/writing/task2/066-1-6-agree-disagree.html  (2 tag(s) present)
[2026-08-17 21:27:19 UTC] SKIP       docs/writing/task2/067-1-6-agree-disagree.html  (2 tag(s) present)
[2026-08-17 21:27:19 UTC] SKIP       docs/writing/task2/068-1-6-advantage-disadvantage.html  (2 tag(s) present)
[2026-08-17 21:27:19 UTC] SKIP       docs/writing/task2/069-1-6-agree-disagree.html  (2 tag(s) present)
[2026-08-17 21:27:19 UTC] SKIP       docs/writing/task2/07-01-lang-learning.html  (2 tag(s) present)
[2026-08-17 21:27:19 UTC] SKIP       docs/writing/task2/070-1-6-agree-disagree.html  (2 tag(s) present)
[2026-08-17 21:27:19 UTC] SKIP       docs/writing/task2/071-1-6-two-questions.html  (2 tag(s) present)
[2026-08-17 21:27:19 UTC] SKIP       docs/writing/task2/072-1-6-two-questions.html  (2 tag(s) present)
[2026-08-17 21:27:19 UTC] SKIP       docs/writing/task2/073-1-7-agree-disagree.html  (2 tag(s) present)
[2026-08-17 21:27:19 UTC] SKIP       docs/writing/task2/074-1-7-advantage-disadvantage.html  (2 tag(s) present)
[2026-08-17 21:27:19 UTC] SKIP       docs/writing/task2/075-1-7-agree-disagree.html  (2 tag(s) present)
[2026-08-17 21:27:19 UTC] SKIP       docs/writing/task2/076-1-8-problem-solution.html  (2 tag(s) present)
[2026-08-17 21:27:19 UTC] SKIP       docs/writing/task2/077-1-8-problem-solution.html  (2 tag(s) present)
[2026-08-17 21:27:19 UTC] SKIP       docs/writing/task2/078-1-8-two-questions.html  (2 tag(s) present)
[2026-08-17 21:27:19 UTC] SKIP       docs/writing/task2/079-2-1-single-question.html  (2 tag(s) present)
[2026-08-17 21:27:19 UTC] SKIP       docs/writing/task2/08-04-education-target.html  (2 tag(s) present)
[2026-08-17 21:27:19 UTC] SKIP       docs/writing/task2/080-2-1-advantage-disadvantage.html  (2 tag(s) present)
[2026-08-17 21:27:19 UTC] SKIP       docs/writing/task2/081-2-1-agree-disagree.html  (2 tag(s) present)
[2026-08-17 21:27:19 UTC] SKIP       docs/writing/task2/082-2-1-agree-disagree.html  (2 tag(s) present)
[2026-08-17 21:27:19 UTC] SKIP       docs/writing/task2/083-2-1-discuss-both-views.html  (2 tag(s) present)
[2026-08-17 21:27:19 UTC] SKIP       docs/writing/task2/084-2-1-agree-disagree.html  (2 tag(s) present)
[2026-08-17 21:27:19 UTC] SKIP       docs/writing/task2/085-2-2-agree-disagree.html  (2 tag(s) present)
[2026-08-17 21:27:19 UTC] SKIP       docs/writing/task2/086-2-2-agree-disagree.html  (2 tag(s) present)
[2026-08-17 21:27:19 UTC] SKIP       docs/writing/task2/087-2-2-agree-disagree.html  (2 tag(s) present)
[2026-08-17 21:27:19 UTC] SKIP       docs/writing/task2/088-2-2-positive-negative.html  (2 tag(s) present)
[2026-08-17 21:27:19 UTC] SKIP       docs/writing/task2/089-2-2-agree-disagree.html  (2 tag(s) present)
[2026-08-17 21:27:19 UTC] SKIP       docs/writing/task2/09-05-education-phenomenon.html  (2 tag(s) present)
[2026-08-17 21:27:19 UTC] SKIP       docs/writing/task2/090-2-3-agree-disagree.html  (2 tag(s) present)
[2026-08-17 21:27:19 UTC] SKIP       docs/writing/task2/091-2-3-agree-disagree.html  (2 tag(s) present)
[2026-08-17 21:27:19 UTC] SKIP       docs/writing/task2/092-2-3-agree-disagree.html  (2 tag(s) present)
[2026-08-17 21:27:19 UTC] SKIP       docs/writing/task2/093-2-3-agree-disagree.html  (2 tag(s) present)
[2026-08-17 21:27:19 UTC] SKIP       docs/writing/task2/094-2-4-agree-disagree.html  (2 tag(s) present)
[2026-08-17 21:27:19 UTC] SKIP       docs/writing/task2/095-2-5-problem-solution.html  (2 tag(s) present)
[2026-08-17 21:27:19 UTC] SKIP       docs/writing/task2/096-3-1-discuss-both-views.html  (2 tag(s) present)
[2026-08-17 21:27:19 UTC] SKIP       docs/writing/task2/097-3-1-agree-disagree.html  (2 tag(s) present)
[2026-08-17 21:27:19 UTC] SKIP       docs/writing/task2/098-3-1-agree-disagree.html  (2 tag(s) present)
[2026-08-17 21:27:19 UTC] SKIP       docs/writing/task2/099-3-1-positive-negative.html  (2 tag(s) present)
[2026-08-17 21:27:19 UTC] SKIP       docs/writing/task2/10-06-job-choice.html  (2 tag(s) present)
[2026-08-17 21:27:19 UTC] SKIP       docs/writing/task2/100-3-1-advantage-disadvantage.html  (2 tag(s) present)
[2026-08-17 21:27:19 UTC] SKIP       docs/writing/task2/101-3-1-advantage-disadvantage.html  (2 tag(s) present)
[2026-08-17 21:27:19 UTC] SKIP       docs/writing/task2/102-3-1-advantage-disadvantage.html  (2 tag(s) present)
[2026-08-17 21:27:19 UTC] SKIP       docs/writing/task2/103-3-1-advantage-disadvantage.html  (2 tag(s) present)
[2026-08-17 21:27:19 UTC] SKIP       docs/writing/task2/104-3-2-agree-disagree.html  (2 tag(s) present)
[2026-08-17 21:27:19 UTC] SKIP       docs/writing/task2/105-3-2-problem-solution.html  (2 tag(s) present)
[2026-08-17 21:27:19 UTC] SKIP       docs/writing/task2/106-3-2-agree-disagree.html  (2 tag(s) present)
[2026-08-17 21:27:19 UTC] SKIP       docs/writing/task2/107-3-2-discuss-both-views.html  (2 tag(s) present)
[2026-08-17 21:27:19 UTC] SKIP       docs/writing/task2/108-3-2-agree-disagree.html  (2 tag(s) present)
[2026-08-17 21:27:19 UTC] SKIP       docs/writing/task2/109-3-2-agree-disagree.html  (2 tag(s) present)
[2026-08-17 21:27:19 UTC] SKIP       docs/writing/task2/11-07-personal-skill.html  (2 tag(s) present)
[2026-08-17 21:27:19 UTC] SKIP       docs/writing/task2/110-3-2-discuss-both-views.html  (2 tag(s) present)
[2026-08-17 21:27:19 UTC] SKIP       docs/writing/task2/111-3-2-agree-disagree.html  (2 tag(s) present)
[2026-08-17 21:27:19 UTC] SKIP       docs/writing/task2/112-3-2-agree-disagree.html  (2 tag(s) present)
[2026-08-17 21:27:19 UTC] SKIP       docs/writing/task2/113-3-2-advantage-disadvantage.html  (2 tag(s) present)
[2026-08-17 21:27:19 UTC] SKIP       docs/writing/task2/114-3-2-discuss-both-views.html  (2 tag(s) present)
[2026-08-17 21:27:19 UTC] SKIP       docs/writing/task2/115-3-2-problem-solution.html  (2 tag(s) present)
[2026-08-17 21:27:19 UTC] SKIP       docs/writing/task2/116-3-2-agree-disagree.html  (2 tag(s) present)
[2026-08-17 21:27:19 UTC] SKIP       docs/writing/task2/117-3-2-discuss-both-views.html  (2 tag(s) present)
[2026-08-17 21:27:19 UTC] SKIP       docs/writing/task2/118-3-2-discuss-both-views.html  (2 tag(s) present)
[2026-08-17 21:27:19 UTC] SKIP       docs/writing/task2/119-3-2-agree-disagree.html  (2 tag(s) present)
[2026-08-17 21:27:19 UTC] SKIP       docs/writing/task2/12-08-work-env.html  (2 tag(s) present)
[2026-08-17 21:27:19 UTC] SKIP       docs/writing/task2/120-3-4-agree-disagree.html  (2 tag(s) present)
[2026-08-17 21:27:19 UTC] SKIP       docs/writing/task2/121-3-4-agree-disagree.html  (2 tag(s) present)
[2026-08-17 21:27:19 UTC] SKIP       docs/writing/task2/122-3-3-two-questions.html  (2 tag(s) present)
[2026-08-17 21:27:19 UTC] SKIP       docs/writing/task2/123-3-3-positive-negative.html  (2 tag(s) present)
[2026-08-17 21:27:19 UTC] SKIP       docs/writing/task2/124-3-3-problem-solution.html  (2 tag(s) present)
[2026-08-17 21:27:19 UTC] SKIP       docs/writing/task2/125-3-3-problem-solution.html  (2 tag(s) present)
[2026-08-17 21:27:19 UTC] SKIP       docs/writing/task2/126-3-3-two-questions.html  (2 tag(s) present)
[2026-08-17 21:27:19 UTC] SKIP       docs/writing/task2/127-3-3-advantage-disadvantage.html  (2 tag(s) present)
[2026-08-17 21:27:19 UTC] SKIP       docs/writing/task2/128-3-4-agree-disagree.html  (2 tag(s) present)
[2026-08-17 21:27:19 UTC] SKIP       docs/writing/task2/129-3-4-problem-solution.html  (2 tag(s) present)
[2026-08-17 21:27:19 UTC] SKIP       docs/writing/task2/13-09-job-types.html  (2 tag(s) present)
[2026-08-17 21:27:19 UTC] SKIP       docs/writing/task2/130-3-4-agree-disagree.html  (2 tag(s) present)
[2026-08-17 21:27:19 UTC] SKIP       docs/writing/task2/131-3-4-agree-disagree.html  (2 tag(s) present)
[2026-08-17 21:27:19 UTC] SKIP       docs/writing/task2/132-3-4-advantage-disadvantage.html  (2 tag(s) present)
[2026-08-17 21:27:19 UTC] SKIP       docs/writing/task2/133-3-4-advantage-disadvantage.html  (2 tag(s) present)
[2026-08-17 21:27:19 UTC] SKIP       docs/writing/task2/134-3-4-two-questions.html  (2 tag(s) present)
[2026-08-17 21:27:19 UTC] SKIP       docs/writing/task2/135-3-4-two-questions.html  (2 tag(s) present)
[2026-08-17 21:27:19 UTC] SKIP       docs/writing/task2/136-3-4-agree-disagree.html  (2 tag(s) present)
[2026-08-17 21:27:19 UTC] SKIP       docs/writing/task2/137-3-4-two-questions.html  (2 tag(s) present)
[2026-08-17 21:27:19 UTC] SKIP       docs/writing/task2/138-3-5-agree-disagree.html  (2 tag(s) present)
[2026-08-17 21:27:19 UTC] SKIP       docs/writing/task2/139-3-5-discuss-both-views.html  (2 tag(s) present)
[2026-08-17 21:27:19 UTC] SKIP       docs/writing/task2/14-10-work-life-balance.html  (2 tag(s) present)
[2026-08-17 21:27:19 UTC] SKIP       docs/writing/task2/140-3-5-discuss-both-views.html  (2 tag(s) present)
[2026-08-17 21:27:19 UTC] SKIP       docs/writing/task2/141-3-5-agree-disagree.html  (2 tag(s) present)
[2026-08-17 21:27:19 UTC] SKIP       docs/writing/task2/142-3-5-problem-solution.html  (2 tag(s) present)
[2026-08-17 21:27:19 UTC] SKIP       docs/writing/task2/143-3-5-discuss-both-views.html  (2 tag(s) present)
[2026-08-17 21:27:19 UTC] SKIP       docs/writing/task2/144-3-5-agree-disagree.html  (2 tag(s) present)
[2026-08-17 21:27:19 UTC] SKIP       docs/writing/task2/145-3-5-discuss-both-views.html  (2 tag(s) present)
[2026-08-17 21:27:19 UTC] SKIP       docs/writing/task2/146-3-5-discuss-both-views.html  (2 tag(s) present)
[2026-08-17 21:27:19 UTC] SKIP       docs/writing/task2/147-3-5-problem-solution.html  (2 tag(s) present)
[2026-08-17 21:27:19 UTC] SKIP       docs/writing/task2/148-3-5-discuss-both-views.html  (2 tag(s) present)
[2026-08-17 21:27:19 UTC] SKIP       docs/writing/task2/149-3-5-discuss-both-views.html  (2 tag(s) present)
[2026-08-17 21:27:19 UTC] SKIP       docs/writing/task2/15-11-urbanisation.html  (2 tag(s) present)
[2026-08-17 21:27:19 UTC] SKIP       docs/writing/task2/150-3-5-agree-disagree.html  (2 tag(s) present)
[2026-08-17 21:27:19 UTC] SKIP       docs/writing/task2/151-3-5-discuss-both-views.html  (2 tag(s) present)
[2026-08-17 21:27:19 UTC] SKIP       docs/writing/task2/152-3-5-advantage-disadvantage.html  (2 tag(s) present)
[2026-08-17 21:27:19 UTC] SKIP       docs/writing/task2/153-3-5-opinion.html  (2 tag(s) present)
[2026-08-17 21:27:19 UTC] SKIP       docs/writing/task2/154-3-5-agree-disagree.html  (2 tag(s) present)
[2026-08-17 21:27:19 UTC] SKIP       docs/writing/task2/155-3-6-problem-solution.html  (2 tag(s) present)
[2026-08-17 21:27:19 UTC] SKIP       docs/writing/task2/156-3-6-problem-solution.html  (2 tag(s) present)
[2026-08-17 21:27:19 UTC] SKIP       docs/writing/task2/157-3-6-problem-solution.html  (2 tag(s) present)
[2026-08-17 21:27:19 UTC] SKIP       docs/writing/task2/158-3-6-problem-solution.html  (2 tag(s) present)
[2026-08-17 21:27:19 UTC] SKIP       docs/writing/task2/159-3-6-problem-solution.html  (2 tag(s) present)
[2026-08-17 21:27:19 UTC] SKIP       docs/writing/task2/16-12-culture.html  (2 tag(s) present)
[2026-08-17 21:27:19 UTC] SKIP       docs/writing/task2/160-3-6-problem-solution.html  (2 tag(s) present)
[2026-08-17 21:27:19 UTC] SKIP       docs/writing/task2/161-3-6-problem-solution.html  (2 tag(s) present)
[2026-08-17 21:27:19 UTC] SKIP       docs/writing/task2/162-3-6-problem-solution.html  (2 tag(s) present)
[2026-08-17 21:27:19 UTC] SKIP       docs/writing/task2/163-3-6-two-questions.html  (2 tag(s) present)
[2026-08-17 21:27:19 UTC] SKIP       docs/writing/task2/164-3-6-problem-solution.html  (2 tag(s) present)
[2026-08-17 21:27:19 UTC] SKIP       docs/writing/task2/165-3-6-problem-solution.html  (2 tag(s) present)
[2026-08-17 21:27:19 UTC] SKIP       docs/writing/task2/166-3-6-two-questions.html  (2 tag(s) present)
[2026-08-17 21:27:19 UTC] SKIP       docs/writing/task2/167-3-6-two-questions.html  (2 tag(s) present)
[2026-08-17 21:27:19 UTC] SKIP       docs/writing/task2/168-3-6-problem-solution.html  (2 tag(s) present)
[2026-08-17 21:27:19 UTC] SKIP       docs/writing/task2/169-3-6-problem-solution.html  (2 tag(s) present)
[2026-08-17 21:27:19 UTC] SKIP       docs/writing/task2/17-13-ageing.html  (2 tag(s) present)
[2026-08-17 21:27:19 UTC] SKIP       docs/writing/task2/170-3-7-positive-negative.html  (2 tag(s) present)
[2026-08-17 21:27:19 UTC] SKIP       docs/writing/task2/171-3-8-agree-disagree.html  (2 tag(s) present)
[2026-08-17 21:27:19 UTC] SKIP       docs/writing/task2/172-3-8-advantage-disadvantage.html  (2 tag(s) present)
[2026-08-17 21:27:19 UTC] SKIP       docs/writing/task2/173-3-8-advantage-disadvantage.html  (2 tag(s) present)
[2026-08-17 21:27:19 UTC] SKIP       docs/writing/task2/174-3-8-agree-disagree.html  (2 tag(s) present)
[2026-08-17 21:27:19 UTC] SKIP       docs/writing/task2/175-3-9-agree-disagree.html  (2 tag(s) present)
[2026-08-17 21:27:19 UTC] SKIP       docs/writing/task2/176-3-10-agree-disagree.html  (2 tag(s) present)
[2026-08-17 21:27:19 UTC] SKIP       docs/writing/task2/177-4-1-agree-disagree.html  (2 tag(s) present)
[2026-08-17 21:27:19 UTC] SKIP       docs/writing/task2/178-4-1-agree-disagree.html  (2 tag(s) present)
[2026-08-17 21:27:19 UTC] SKIP       docs/writing/task2/179-4-1-discuss-both-views.html  (2 tag(s) present)
[2026-08-17 21:27:19 UTC] SKIP       docs/writing/task2/18-14-transport.html  (2 tag(s) present)
[2026-08-17 21:27:19 UTC] SKIP       docs/writing/task2/180-4-1-agree-disagree.html  (2 tag(s) present)
[2026-08-17 21:27:19 UTC] SKIP       docs/writing/task2/181-4-2-problem-solution.html  (2 tag(s) present)
[2026-08-17 21:27:19 UTC] SKIP       docs/writing/task2/182-4-3-problem-solution.html  (2 tag(s) present)
[2026-08-17 21:27:19 UTC] SKIP       docs/writing/task2/183-4-3-agree-disagree.html  (2 tag(s) present)
[2026-08-17 21:27:19 UTC] SKIP       docs/writing/task2/184-4-4-problem-solution.html  (2 tag(s) present)
[2026-08-17 21:27:19 UTC] SKIP       docs/writing/task2/185-4-4-problem-solution.html  (2 tag(s) present)
[2026-08-17 21:27:19 UTC] SKIP       docs/writing/task2/186-4-4-advantage-disadvantage.html  (2 tag(s) present)
[2026-08-17 21:27:19 UTC] SKIP       docs/writing/task2/187-4-4-discuss-both-views.html  (2 tag(s) present)
[2026-08-17 21:27:19 UTC] SKIP       docs/writing/task2/188-4-4-agree-disagree.html  (2 tag(s) present)
[2026-08-17 21:27:19 UTC] SKIP       docs/writing/task2/189-4-4-advantage-disadvantage.html  (2 tag(s) present)
[2026-08-17 21:27:19 UTC] SKIP       docs/writing/task2/19-15-values-compare.html  (2 tag(s) present)
[2026-08-17 21:27:19 UTC] SKIP       docs/writing/task2/190-4-5-problem-solution.html  (2 tag(s) present)
[2026-08-17 21:27:19 UTC] SKIP       docs/writing/task2/191-4-6-problem-solution.html  (2 tag(s) present)
[2026-08-17 21:27:19 UTC] SKIP       docs/writing/task2/192-4-6-two-questions.html  (2 tag(s) present)
[2026-08-17 21:27:19 UTC] SKIP       docs/writing/task2/193-4-7-agree-disagree.html  (2 tag(s) present)
[2026-08-17 21:27:19 UTC] SKIP       docs/writing/task2/194-4-7-discuss-both-views.html  (2 tag(s) present)
[2026-08-17 21:27:19 UTC] SKIP       docs/writing/task2/195-4-7-agree-disagree.html  (2 tag(s) present)
[2026-08-17 21:27:19 UTC] SKIP       docs/writing/task2/196-5-1-agree-disagree.html  (2 tag(s) present)
[2026-08-17 21:27:19 UTC] SKIP       docs/writing/task2/197-5-1-agree-disagree.html  (2 tag(s) present)
[2026-08-17 21:27:19 UTC] SKIP       docs/writing/task2/198-5-1-agree-disagree.html  (2 tag(s) present)
[2026-08-17 21:27:19 UTC] SKIP       docs/writing/task2/199-5-1-agree-disagree.html  (2 tag(s) present)
[2026-08-17 21:27:19 UTC] SKIP       docs/writing/task2/20-16-social-phenomenon.html  (2 tag(s) present)
[2026-08-17 21:27:19 UTC] SKIP       docs/writing/task2/200-5-1-discuss-both-views.html  (2 tag(s) present)
[2026-08-17 21:27:19 UTC] SKIP       docs/writing/task2/201-5-1-discuss-both-views.html  (2 tag(s) present)
[2026-08-17 21:27:19 UTC] SKIP       docs/writing/task2/202-5-1-opinion.html  (2 tag(s) present)
[2026-08-17 21:27:19 UTC] SKIP       docs/writing/task2/203-5-1-agree-disagree.html  (2 tag(s) present)
[2026-08-17 21:27:19 UTC] SKIP       docs/writing/task2/204-5-1-agree-disagree.html  (2 tag(s) present)
[2026-08-17 21:27:19 UTC] SKIP       docs/writing/task2/205-5-1-agree-disagree.html  (2 tag(s) present)
[2026-08-17 21:27:19 UTC] SKIP       docs/writing/task2/206-5-1-positive-negative.html  (2 tag(s) present)
[2026-08-17 21:27:19 UTC] SKIP       docs/writing/task2/207-5-1-discuss-both-views.html  (2 tag(s) present)
[2026-08-17 21:27:19 UTC] SKIP       docs/writing/task2/208-5-1-advantage-disadvantage.html  (2 tag(s) present)
[2026-08-17 21:27:19 UTC] SKIP       docs/writing/task2/209-5-1-discuss-both-views.html  (2 tag(s) present)
[2026-08-17 21:27:19 UTC] SKIP       docs/writing/task2/21-17-privacy.html  (2 tag(s) present)
[2026-08-17 21:27:19 UTC] SKIP       docs/writing/task2/210-5-2-agree-disagree.html  (2 tag(s) present)
[2026-08-17 21:27:19 UTC] SKIP       docs/writing/task2/211-5-2-problem-solution.html  (2 tag(s) present)
[2026-08-17 21:27:19 UTC] SKIP       docs/writing/task2/212-5-2-agree-disagree.html  (2 tag(s) present)
[2026-08-17 21:27:19 UTC] SKIP       docs/writing/task2/213-5-2-problem-solution.html  (2 tag(s) present)
[2026-08-17 21:27:19 UTC] SKIP       docs/writing/task2/214-5-2-advantage-disadvantage.html  (2 tag(s) present)
[2026-08-17 21:27:19 UTC] SKIP       docs/writing/task2/215-5-2-agree-disagree.html  (2 tag(s) present)
[2026-08-17 21:27:19 UTC] SKIP       docs/writing/task2/216-6-1-agree-disagree.html  (2 tag(s) present)
[2026-08-17 21:27:19 UTC] SKIP       docs/writing/task2/217-6-1-discuss-both-views.html  (2 tag(s) present)
[2026-08-17 21:27:19 UTC] SKIP       docs/writing/task2/218-6-1-positive-negative.html  (2 tag(s) present)
[2026-08-17 21:27:19 UTC] SKIP       docs/writing/task2/219-6-1-advantage-disadvantage.html  (2 tag(s) present)
[2026-08-17 21:27:19 UTC] SKIP       docs/writing/task2/22-18-life-change.html  (2 tag(s) present)
[2026-08-17 21:27:19 UTC] SKIP       docs/writing/task2/220-6-1-advantage-disadvantage.html  (2 tag(s) present)
[2026-08-17 21:27:19 UTC] SKIP       docs/writing/task2/221-6-1-positive-negative.html  (2 tag(s) present)
[2026-08-17 21:27:19 UTC] SKIP       docs/writing/task2/222-6-1-agree-disagree.html  (2 tag(s) present)
[2026-08-17 21:27:19 UTC] SKIP       docs/writing/task2/223-6-1-agree-disagree.html  (2 tag(s) present)
[2026-08-17 21:27:19 UTC] SKIP       docs/writing/task2/224-6-1-discuss-both-views.html  (2 tag(s) present)
[2026-08-17 21:27:19 UTC] SKIP       docs/writing/task2/225-6-1-discuss-both-views.html  (2 tag(s) present)
[2026-08-17 21:27:19 UTC] SKIP       docs/writing/task2/226-6-1-agree-disagree.html  (2 tag(s) present)
[2026-08-17 21:27:19 UTC] SKIP       docs/writing/task2/227-6-1-discuss-both-views.html  (2 tag(s) present)
[2026-08-17 21:27:19 UTC] SKIP       docs/writing/task2/228-6-1-discuss-both-views.html  (2 tag(s) present)
[2026-08-17 21:27:19 UTC] SKIP       docs/writing/task2/229-6-1-agree-disagree.html  (2 tag(s) present)
[2026-08-17 21:27:19 UTC] SKIP       docs/writing/task2/23-19-gender.html  (2 tag(s) present)
[2026-08-17 21:27:19 UTC] SKIP       docs/writing/task2/230-6-1-discuss-both-views.html  (2 tag(s) present)
[2026-08-17 21:27:19 UTC] SKIP       docs/writing/task2/231-6-1-discuss-both-views.html  (2 tag(s) present)
[2026-08-17 21:27:19 UTC] SKIP       docs/writing/task2/232-6-1-agree-disagree.html  (2 tag(s) present)
[2026-08-17 21:27:19 UTC] SKIP       docs/writing/task2/233-6-1-two-questions.html  (2 tag(s) present)
[2026-08-17 21:27:19 UTC] SKIP       docs/writing/task2/234-6-2-discuss-both-views.html  (2 tag(s) present)
[2026-08-17 21:27:19 UTC] SKIP       docs/writing/task2/235-6-2-agree-disagree.html  (2 tag(s) present)
[2026-08-17 21:27:19 UTC] SKIP       docs/writing/task2/236-6-2-problem-solution.html  (2 tag(s) present)
[2026-08-17 21:27:19 UTC] SKIP       docs/writing/task2/237-6-2-discuss-both-views.html  (2 tag(s) present)
[2026-08-17 21:27:19 UTC] SKIP       docs/writing/task2/238-6-2-problem-solution.html  (2 tag(s) present)
[2026-08-17 21:27:19 UTC] SKIP       docs/writing/task2/239-7-1-problem-solution.html  (2 tag(s) present)
[2026-08-17 21:27:19 UTC] SKIP       docs/writing/task2/24-20-civility.html  (2 tag(s) present)
[2026-08-17 21:27:19 UTC] SKIP       docs/writing/task2/240-7-1-agree-disagree.html  (2 tag(s) present)
[2026-08-17 21:27:19 UTC] SKIP       docs/writing/task2/241-7-1-discuss-both-views.html  (2 tag(s) present)
[2026-08-17 21:27:19 UTC] SKIP       docs/writing/task2/242-7-1-agree-disagree.html  (2 tag(s) present)
[2026-08-17 21:27:19 UTC] SKIP       docs/writing/task2/243-7-1-agree-disagree.html  (2 tag(s) present)
[2026-08-17 21:27:19 UTC] SKIP       docs/writing/task2/244-8-1-agree-disagree.html  (2 tag(s) present)
[2026-08-17 21:27:19 UTC] SKIP       docs/writing/task2/245-8-1-positive-negative.html  (2 tag(s) present)
[2026-08-17 21:27:19 UTC] SKIP       docs/writing/task2/246-8-1-agree-disagree.html  (2 tag(s) present)
[2026-08-17 21:27:19 UTC] SKIP       docs/writing/task2/247-8-1-problem-solution.html  (2 tag(s) present)
[2026-08-17 21:27:19 UTC] SKIP       docs/writing/task2/248-8-1-discuss-both-views.html  (2 tag(s) present)
[2026-08-17 21:27:19 UTC] SKIP       docs/writing/task2/249-8-1-discuss-both-views.html  (2 tag(s) present)
[2026-08-17 21:27:19 UTC] SKIP       docs/writing/task2/25-21-animal-protection.html  (2 tag(s) present)
[2026-08-17 21:27:19 UTC] SKIP       docs/writing/task2/250-8-1-agree-disagree.html  (2 tag(s) present)
[2026-08-17 21:27:19 UTC] SKIP       docs/writing/task2/251-8-1-discuss-both-views.html  (2 tag(s) present)
[2026-08-17 21:27:19 UTC] SKIP       docs/writing/task2/252-8-1-two-questions.html  (2 tag(s) present)
[2026-08-17 21:27:19 UTC] SKIP       docs/writing/task2/253-8-1-agree-disagree.html  (2 tag(s) present)
[2026-08-17 21:27:19 UTC] SKIP       docs/writing/task2/254-8-1-agree-disagree.html  (2 tag(s) present)
[2026-08-17 21:27:19 UTC] SKIP       docs/writing/task2/255-8-1-discuss-both-views.html  (2 tag(s) present)
[2026-08-17 21:27:19 UTC] SKIP       docs/writing/task2/256-8-1-positive-negative.html  (2 tag(s) present)
[2026-08-17 21:27:19 UTC] SKIP       docs/writing/task2/257-8-2-two-questions.html  (2 tag(s) present)
[2026-08-17 21:27:19 UTC] SKIP       docs/writing/task2/258-8-2-discuss-both-views.html  (2 tag(s) present)
[2026-08-17 21:27:19 UTC] SKIP       docs/writing/task2/259-8-2-two-questions.html  (2 tag(s) present)
[2026-08-17 21:27:19 UTC] SKIP       docs/writing/task2/26-22-plastic.html  (2 tag(s) present)
[2026-08-17 21:27:19 UTC] SKIP       docs/writing/task2/260-8-2-positive-negative.html  (2 tag(s) present)
[2026-08-17 21:27:19 UTC] SKIP       docs/writing/task2/261-9-1-discuss-both-views.html  (2 tag(s) present)
[2026-08-17 21:27:19 UTC] SKIP       docs/writing/task2/262-9-1-agree-disagree.html  (2 tag(s) present)
[2026-08-17 21:27:19 UTC] SKIP       docs/writing/task2/263-9-1-agree-disagree.html  (2 tag(s) present)
[2026-08-17 21:27:19 UTC] SKIP       docs/writing/task2/264-9-1-discuss-both-views.html  (2 tag(s) present)
[2026-08-17 21:27:19 UTC] SKIP       docs/writing/task2/265-9-1-discuss-both-views.html  (2 tag(s) present)
[2026-08-17 21:27:19 UTC] SKIP       docs/writing/task2/266-9-1-discuss-both-views.html  (2 tag(s) present)
[2026-08-17 21:27:19 UTC] SKIP       docs/writing/task2/267-9-1-agree-disagree.html  (2 tag(s) present)
[2026-08-17 21:27:19 UTC] SKIP       docs/writing/task2/268-9-1-discuss-both-views.html  (2 tag(s) present)
[2026-08-17 21:27:19 UTC] SKIP       docs/writing/task2/269-9-1-agree-disagree.html  (2 tag(s) present)
[2026-08-17 21:27:19 UTC] SKIP       docs/writing/task2/27-23-water.html  (2 tag(s) present)
[2026-08-17 21:27:19 UTC] SKIP       docs/writing/task2/270-9-1-discuss-both-views.html  (2 tag(s) present)
[2026-08-17 21:27:19 UTC] SKIP       docs/writing/task2/271-9-1-discuss-both-views.html  (2 tag(s) present)
[2026-08-17 21:27:19 UTC] SKIP       docs/writing/task2/272-10-1-agree-disagree.html  (2 tag(s) present)
[2026-08-17 21:27:19 UTC] SKIP       docs/writing/task2/273-10-1-problem-solution.html  (2 tag(s) present)
[2026-08-17 21:27:19 UTC] SKIP       docs/writing/task2/274-10-1-problem-solution.html  (2 tag(s) present)
[2026-08-17 21:27:19 UTC] SKIP       docs/writing/task2/275-10-1-agree-disagree.html  (2 tag(s) present)
[2026-08-17 21:27:19 UTC] SKIP       docs/writing/task2/276-10-1-discuss-both-views.html  (2 tag(s) present)
[2026-08-17 21:27:19 UTC] SKIP       docs/writing/task2/277-10-1-discuss-both-views.html  (2 tag(s) present)
[2026-08-17 21:27:19 UTC] SKIP       docs/writing/task2/278-10-1-discuss-both-views.html  (2 tag(s) present)
[2026-08-17 21:27:19 UTC] SKIP       docs/writing/task2/279-10-1-agree-disagree.html  (2 tag(s) present)
[2026-08-17 21:27:19 UTC] SKIP       docs/writing/task2/28-24-noise-pollution.html  (2 tag(s) present)
[2026-08-17 21:27:19 UTC] SKIP       docs/writing/task2/29-25-consumption-env.html  (2 tag(s) present)
[2026-08-17 21:27:19 UTC] SKIP       docs/writing/task2/30-02-qual-meaning.html  (2 tag(s) present)
[2026-08-17 21:27:19 UTC] SKIP       docs/writing/task2/31-03-education-method.html  (2 tag(s) present)
[2026-08-17 21:27:19 UTC] SKIP       docs/writing/task2/32-27-technology.html  (2 tag(s) present)
[2026-08-17 21:27:19 UTC] SKIP       docs/writing/task2/33-28-health.html  (2 tag(s) present)
[2026-08-17 21:27:19 UTC] SKIP       docs/writing/task2/34-29-media.html  (2 tag(s) present)
[2026-08-17 21:27:19 UTC] SKIP       docs/writing/task2/35-30-advertising.html  (2 tag(s) present)
[2026-08-17 21:27:19 UTC] SKIP       docs/writing/task2/36-31-globalisation.html  (2 tag(s) present)
[2026-08-17 21:27:19 UTC] SKIP       docs/writing/task2/37-32-travel.html  (2 tag(s) present)
[2026-08-17 21:27:19 UTC] SKIP       docs/writing/task2/38-1-1-single-question.html  (2 tag(s) present)
[2026-08-17 21:27:19 UTC] SKIP       docs/writing/task2/39-1-1-problem-solution.html  (2 tag(s) present)
[2026-08-17 21:27:19 UTC] SKIP       docs/writing/task2/40-1-2-advantage-disadvantage.html  (2 tag(s) present)
[2026-08-17 21:27:19 UTC] SKIP       docs/writing/task2/41-1-5-single-question.html  (2 tag(s) present)
[2026-08-17 21:27:19 UTC] SKIP       docs/writing/task2/42-4-4-problem-solution.html  (2 tag(s) present)
[2026-08-17 21:27:19 UTC] SKIP       docs/speaking/topics/p1-area.html  (1 tag(s) present)
[2026-08-17 21:27:19 UTC] SKIP       docs/speaking/topics/p1-city.html  (1 tag(s) present)
[2026-08-17 21:27:19 UTC] SKIP       docs/speaking/topics/p1-home.html  (1 tag(s) present)
[2026-08-17 21:27:19 UTC] SKIP       docs/speaking/topics/p1-hometown.html  (1 tag(s) present)
[2026-08-17 21:27:19 UTC] SKIP       docs/speaking/topics/p1-work.html  (1 tag(s) present)
[2026-08-17 21:27:19 UTC] SKIP       docs/speaking/topics/p1f-building.html  (1 tag(s) present)
[2026-08-17 21:27:19 UTC] SKIP       docs/speaking/topics/p1f-cars.html  (1 tag(s) present)
[2026-08-17 21:27:19 UTC] SKIP       docs/speaking/topics/p1f-childhood.html  (1 tag(s) present)
[2026-08-17 21:27:19 UTC] SKIP       docs/speaking/topics/p1f-food.html  (1 tag(s) present)
[2026-08-17 21:27:19 UTC] SKIP       docs/speaking/topics/p1f-gifts.html  (1 tag(s) present)
[2026-08-17 21:27:19 UTC] SKIP       docs/speaking/topics/p1f-hobby.html  (1 tag(s) present)
[2026-08-17 21:27:19 UTC] SKIP       docs/speaking/topics/p1f-life-stages.html  (1 tag(s) present)
[2026-08-17 21:27:19 UTC] SKIP       docs/speaking/topics/p1f-mirrors.html  (1 tag(s) present)
[2026-08-17 21:27:19 UTC] SKIP       docs/speaking/topics/p1f-morning.html  (1 tag(s) present)
[2026-08-17 21:27:19 UTC] SKIP       docs/speaking/topics/p1f-music.html  (1 tag(s) present)
[2026-08-17 21:27:19 UTC] SKIP       docs/speaking/topics/p1f-outer-space.html  (1 tag(s) present)
[2026-08-17 21:27:19 UTC] SKIP       docs/speaking/topics/p1f-parks.html  (1 tag(s) present)
[2026-08-17 21:27:19 UTC] SKIP       docs/speaking/topics/p1f-pets.html  (1 tag(s) present)
[2026-08-17 21:27:19 UTC] SKIP       docs/speaking/topics/p1f-reading.html  (1 tag(s) present)
[2026-08-17 21:27:19 UTC] SKIP       docs/speaking/topics/p1f-scenery.html  (1 tag(s) present)
[2026-08-17 21:27:19 UTC] SKIP       docs/speaking/topics/p1f-science.html  (1 tag(s) present)
[2026-08-17 21:27:19 UTC] SKIP       docs/speaking/topics/p1f-shopping.html  (1 tag(s) present)
[2026-08-17 21:27:19 UTC] SKIP       docs/speaking/topics/p1f-singing.html  (1 tag(s) present)
[2026-08-17 21:27:19 UTC] SKIP       docs/speaking/topics/p1f-social-media.html  (1 tag(s) present)
[2026-08-17 21:27:19 UTC] SKIP       docs/speaking/topics/p1f-sports-team.html  (1 tag(s) present)
[2026-08-17 21:27:19 UTC] SKIP       docs/speaking/topics/p1f-teachers.html  (1 tag(s) present)
[2026-08-17 21:27:19 UTC] SKIP       docs/speaking/topics/p1f-tidiness.html  (1 tag(s) present)
[2026-08-17 21:27:19 UTC] SKIP       docs/speaking/topics/p1f-typing.html  (1 tag(s) present)
[2026-08-17 21:27:19 UTC] SKIP       docs/speaking/topics/p1f-views.html  (1 tag(s) present)
[2026-08-17 21:27:19 UTC] SKIP       docs/speaking/topics/p1f-walking.html  (1 tag(s) present)
[2026-08-17 21:27:19 UTC] SKIP       docs/speaking/topics/p1f-watch.html  (1 tag(s) present)
[2026-08-17 21:27:19 UTC] SKIP       docs/speaking/topics/p1f-websites.html  (1 tag(s) present)
[2026-08-17 21:27:19 UTC] SKIP       docs/speaking/topics/p23-advice.html  (1 tag(s) present)
[2026-08-17 21:27:19 UTC] SKIP       docs/speaking/topics/p23-app.html  (1 tag(s) present)
[2026-08-17 21:27:19 UTC] SKIP       docs/speaking/topics/p23-bad-music.html  (1 tag(s) present)
[2026-08-17 21:27:19 UTC] SKIP       docs/speaking/topics/p23-boring.html  (1 tag(s) present)
[2026-08-17 21:27:19 UTC] SKIP       docs/speaking/topics/p23-business.html  (1 tag(s) present)
[2026-08-17 21:27:19 UTC] SKIP       docs/speaking/topics/p23-changed-plan.html  (1 tag(s) present)
[2026-08-17 21:27:19 UTC] SKIP       docs/speaking/topics/p23-child-art.html  (1 tag(s) present)
[2026-08-17 21:27:19 UTC] SKIP       docs/speaking/topics/p23-child-friend.html  (1 tag(s) present)
[2026-08-17 21:27:19 UTC] SKIP       docs/speaking/topics/p23-decision.html  (1 tag(s) present)
[2026-08-17 21:27:19 UTC] SKIP       docs/speaking/topics/p23-early.html  (1 tag(s) present)
[2026-08-17 21:27:19 UTC] SKIP       docs/speaking/topics/p23-encourage.html  (1 tag(s) present)
[2026-08-17 21:27:19 UTC] SKIP       docs/speaking/topics/p23-famous-city.html  (1 tag(s) present)
[2026-08-17 21:27:19 UTC] SKIP       docs/speaking/topics/p23-famous.html  (1 tag(s) present)
[2026-08-17 21:27:19 UTC] SKIP       docs/speaking/topics/p23-fav-city.html  (1 tag(s) present)
[2026-08-17 21:27:19 UTC] SKIP       docs/speaking/topics/p23-foreign-job.html  (1 tag(s) present)
[2026-08-17 21:27:19 UTC] SKIP       docs/speaking/topics/p23-group.html  (1 tag(s) present)
[2026-08-17 21:27:19 UTC] SKIP       docs/speaking/topics/p23-heirloom.html  (1 tag(s) present)
[2026-08-17 21:27:19 UTC] SKIP       docs/speaking/topics/p23-helper.html  (1 tag(s) present)
[2026-08-17 21:27:19 UTC] SKIP       docs/speaking/topics/p23-imagination.html  (1 tag(s) present)
[2026-08-17 21:27:19 UTC] SKIP       docs/speaking/topics/p23-interest-bldg.html  (1 tag(s) present)
[2026-08-17 21:27:19 UTC] SKIP       docs/speaking/topics/p23-law.html  (1 tag(s) present)
[2026-08-17 21:27:19 UTC] SKIP       docs/speaking/topics/p23-medical.html  (1 tag(s) present)
[2026-08-17 21:27:19 UTC] SKIP       docs/speaking/topics/p23-movie.html  (1 tag(s) present)
[2026-08-17 21:27:19 UTC] SKIP       docs/speaking/topics/p23-nanning.html  (1 tag(s) present)
[2026-08-17 21:27:19 UTC] SKIP       docs/speaking/topics/p23-nature.html  (1 tag(s) present)
[2026-08-17 21:27:19 UTC] SKIP       docs/speaking/topics/p23-no-phone.html  (1 tag(s) present)
[2026-08-17 21:27:19 UTC] SKIP       docs/speaking/topics/p23-overspent.html  (1 tag(s) present)
[2026-08-17 21:27:19 UTC] SKIP       docs/speaking/topics/p23-perfect-job.html  (1 tag(s) present)
[2026-08-17 21:27:19 UTC] SKIP       docs/speaking/topics/p23-planning.html  (1 tag(s) present)
[2026-08-17 21:27:19 UTC] SKIP       docs/speaking/topics/p23-plants.html  (1 tag(s) present)
[2026-08-17 21:27:19 UTC] SKIP       docs/speaking/topics/p23-proud.html  (1 tag(s) present)
[2026-08-17 21:27:19 UTC] SKIP       docs/speaking/topics/p23-self-learn.html  (1 tag(s) present)
[2026-08-17 21:27:19 UTC] SKIP       docs/speaking/topics/p23-smart.html  (1 tag(s) present)
[2026-08-17 21:27:19 UTC] SKIP       docs/speaking/topics/p23-smiling.html  (1 tag(s) present)
[2026-08-17 21:27:19 UTC] SKIP       docs/speaking/topics/p23-sports.html  (1 tag(s) present)
[2026-08-17 21:27:19 UTC] SKIP       docs/speaking/topics/p23-tall.html  (1 tag(s) present)
[2026-08-17 21:27:19 UTC] SKIP       docs/speaking/topics/p23-tech.html  (1 tag(s) present)
[2026-08-17 21:27:19 UTC] SKIP       docs/speaking/topics/p23-vehicle.html  (1 tag(s) present)
[2026-08-17 21:27:19 UTC] SKIP       docs/speaking/topics/p23-video.html  (1 tag(s) present)
[2026-08-17 21:27:19 UTC] SKIP       docs/writing/index.html  (1 tag(s) present)
[2026-08-17 21:27:19 UTC] SKIP       docs/speaking/index.html  (1 tag(s) present)
[2026-08-17 21:27:19 UTC] SUMMARY inject: 0 modified, 365 skipped, 0 errors, 365 total
[2026-08-17 21:27:22 UTC] === drift-check ===
[2026-08-17 21:27:22 UTC] DRIFT-CHECK: 365/365 OK, 0 missing, 0 unreadable
[2026-08-17 21:27:25 UTC] === undo ===
[2026-08-17 21:27:25 UTC] UNDO       docs/writing/task1/01-table-universities-ranked.html  (-2 tag line(s))
[2026-08-17 21:27:25 UTC] UNDO       docs/writing/task1/02-pie-meal-nutrients.html  (-2 tag line(s))
[2026-08-17 21:27:25 UTC] UNDO       docs/writing/task1/03-bar-electricity.html  (-2 tag line(s))
[2026-08-17 21:27:25 UTC] UNDO       docs/writing/task1/04-bar-physical-activity.html  (-2 tag line(s))
[2026-08-17 21:27:25 UTC] UNDO       docs/writing/task1/05-mixed-graph.html  (-2 tag line(s))
[2026-08-17 21:27:25 UTC] UNDO       docs/writing/task1/06-process-rain-shadow-desert.html  (-2 tag line(s))
[2026-08-17 21:27:25 UTC] UNDO       docs/writing/task1/07-process-plastic-recycling.html  (-2 tag line(s))
[2026-08-17 21:27:25 UTC] UNDO       docs/writing/task1/08-process-cement-making.html  (-2 tag line(s))
[2026-08-17 21:27:25 UTC] UNDO       docs/writing/task1/09-mixed-library-survey.html  (-2 tag line(s))
[2026-08-17 21:27:25 UTC] UNDO       docs/writing/task1/10-dynamic-caribbean-tourists.html  (-2 tag line(s))
[2026-08-17 21:27:25 UTC] UNDO       docs/writing/task1/11-dynamic-melbourne-activities.html  (-2 tag line(s))
[2026-08-17 21:27:25 UTC] UNDO       docs/writing/task1/12-dynamic-asian-cities.html  (-2 tag line(s))
[2026-08-17 21:27:25 UTC] UNDO       docs/writing/task1/13-static-uk-school-spending.html  (-2 tag line(s))
[2026-08-17 21:27:25 UTC] UNDO       docs/writing/task2/01-agree-disagree-history-vs-business.html  (-2 tag line(s))
[2026-08-17 21:27:25 UTC] UNDO       docs/writing/task2/02-discuss-both-views-employment-skills.html  (-2 tag line(s))
[2026-08-17 21:27:25 UTC] UNDO       docs/writing/task2/03-positive-negative-children-freedom.html  (-2 tag line(s))
[2026-08-17 21:27:25 UTC] UNDO       docs/writing/task2/04-opinion-teachers-morality.html  (-2 tag line(s))
[2026-08-17 21:27:25 UTC] UNDO       docs/writing/task2/043-1-1-agree-disagree.html  (-2 tag line(s))
[2026-08-17 21:27:25 UTC] UNDO       docs/writing/task2/044-1-1-discuss-both-views.html  (-2 tag line(s))
[2026-08-17 21:27:25 UTC] UNDO       docs/writing/task2/045-1-1-agree-disagree.html  (-2 tag line(s))
[2026-08-17 21:27:25 UTC] UNDO       docs/writing/task2/046-1-1-agree-disagree.html  (-2 tag line(s))
[2026-08-17 21:27:25 UTC] UNDO       docs/writing/task2/047-1-1-discuss-both-views.html  (-2 tag line(s))
[2026-08-17 21:27:25 UTC] UNDO       docs/writing/task2/048-1-1-discuss-both-views.html  (-2 tag line(s))
[2026-08-17 21:27:25 UTC] UNDO       docs/writing/task2/049-1-1-agree-disagree.html  (-2 tag line(s))
[2026-08-17 21:27:25 UTC] UNDO       docs/writing/task2/05-two-questions-environment.html  (-2 tag line(s))
[2026-08-17 21:27:25 UTC] UNDO       docs/writing/task2/050-1-2-positive-negative.html  (-2 tag line(s))
[2026-08-17 21:27:25 UTC] UNDO       docs/writing/task2/051-1-2-discuss-both-views.html  (-2 tag line(s))
[2026-08-17 21:27:25 UTC] UNDO       docs/writing/task2/052-1-2-agree-disagree.html  (-2 tag line(s))
[2026-08-17 21:27:25 UTC] UNDO       docs/writing/task2/053-1-2-discuss-both-views.html  (-2 tag line(s))
[2026-08-17 21:27:25 UTC] UNDO       docs/writing/task2/054-1-2-agree-disagree.html  (-2 tag line(s))
[2026-08-17 21:27:25 UTC] UNDO       docs/writing/task2/055-1-2-agree-disagree.html  (-2 tag line(s))
[2026-08-17 21:27:25 UTC] UNDO       docs/writing/task2/056-1-2-agree-disagree.html  (-2 tag line(s))
[2026-08-17 21:27:25 UTC] UNDO       docs/writing/task2/057-1-2-agree-disagree.html  (-2 tag line(s))
[2026-08-17 21:27:25 UTC] UNDO       docs/writing/task2/058-1-2-discuss-both-views.html  (-2 tag line(s))
[2026-08-17 21:27:25 UTC] UNDO       docs/writing/task2/059-1-2-discuss-both-views.html  (-2 tag line(s))
[2026-08-17 21:27:25 UTC] UNDO       docs/writing/task2/06-26-env-solutions.html  (-2 tag line(s))
[2026-08-17 21:27:25 UTC] UNDO       docs/writing/task2/060-1-3-agree-disagree.html  (-2 tag line(s))
[2026-08-17 21:27:25 UTC] UNDO       docs/writing/task2/061-1-4-discuss-both-views.html  (-2 tag line(s))
[2026-08-17 21:27:25 UTC] UNDO       docs/writing/task2/062-1-4-discuss-both-views.html  (-2 tag line(s))
[2026-08-17 21:27:25 UTC] UNDO       docs/writing/task2/063-1-4-discuss-both-views.html  (-2 tag line(s))
[2026-08-17 21:27:25 UTC] UNDO       docs/writing/task2/064-1-5-discuss-both-views.html  (-2 tag line(s))
[2026-08-17 21:27:25 UTC] UNDO       docs/writing/task2/065-1-5-discuss-both-views.html  (-2 tag line(s))
[2026-08-17 21:27:25 UTC] UNDO       docs/writing/task2/066-1-6-agree-disagree.html  (-2 tag line(s))
[2026-08-17 21:27:25 UTC] UNDO       docs/writing/task2/067-1-6-agree-disagree.html  (-2 tag line(s))
[2026-08-17 21:27:25 UTC] UNDO       docs/writing/task2/068-1-6-advantage-disadvantage.html  (-2 tag line(s))
[2026-08-17 21:27:25 UTC] UNDO       docs/writing/task2/069-1-6-agree-disagree.html  (-2 tag line(s))
[2026-08-17 21:27:25 UTC] UNDO       docs/writing/task2/07-01-lang-learning.html  (-2 tag line(s))
[2026-08-17 21:27:25 UTC] UNDO       docs/writing/task2/070-1-6-agree-disagree.html  (-2 tag line(s))
[2026-08-17 21:27:25 UTC] UNDO       docs/writing/task2/071-1-6-two-questions.html  (-2 tag line(s))
[2026-08-17 21:27:25 UTC] UNDO       docs/writing/task2/072-1-6-two-questions.html  (-2 tag line(s))
[2026-08-17 21:27:25 UTC] UNDO       docs/writing/task2/073-1-7-agree-disagree.html  (-2 tag line(s))
[2026-08-17 21:27:25 UTC] UNDO       docs/writing/task2/074-1-7-advantage-disadvantage.html  (-2 tag line(s))
[2026-08-17 21:27:25 UTC] UNDO       docs/writing/task2/075-1-7-agree-disagree.html  (-2 tag line(s))
[2026-08-17 21:27:25 UTC] UNDO       docs/writing/task2/076-1-8-problem-solution.html  (-2 tag line(s))
[2026-08-17 21:27:25 UTC] UNDO       docs/writing/task2/077-1-8-problem-solution.html  (-2 tag line(s))
[2026-08-17 21:27:25 UTC] UNDO       docs/writing/task2/078-1-8-two-questions.html  (-2 tag line(s))
[2026-08-17 21:27:25 UTC] UNDO       docs/writing/task2/079-2-1-single-question.html  (-2 tag line(s))
[2026-08-17 21:27:25 UTC] UNDO       docs/writing/task2/08-04-education-target.html  (-2 tag line(s))
[2026-08-17 21:27:25 UTC] UNDO       docs/writing/task2/080-2-1-advantage-disadvantage.html  (-2 tag line(s))
[2026-08-17 21:27:25 UTC] UNDO       docs/writing/task2/081-2-1-agree-disagree.html  (-2 tag line(s))
[2026-08-17 21:27:25 UTC] UNDO       docs/writing/task2/082-2-1-agree-disagree.html  (-2 tag line(s))
[2026-08-17 21:27:25 UTC] UNDO       docs/writing/task2/083-2-1-discuss-both-views.html  (-2 tag line(s))
[2026-08-17 21:27:25 UTC] UNDO       docs/writing/task2/084-2-1-agree-disagree.html  (-2 tag line(s))
[2026-08-17 21:27:25 UTC] UNDO       docs/writing/task2/085-2-2-agree-disagree.html  (-2 tag line(s))
[2026-08-17 21:27:25 UTC] UNDO       docs/writing/task2/086-2-2-agree-disagree.html  (-2 tag line(s))
[2026-08-17 21:27:25 UTC] UNDO       docs/writing/task2/087-2-2-agree-disagree.html  (-2 tag line(s))
[2026-08-17 21:27:25 UTC] UNDO       docs/writing/task2/088-2-2-positive-negative.html  (-2 tag line(s))
[2026-08-17 21:27:25 UTC] UNDO       docs/writing/task2/089-2-2-agree-disagree.html  (-2 tag line(s))
[2026-08-17 21:27:25 UTC] UNDO       docs/writing/task2/09-05-education-phenomenon.html  (-2 tag line(s))
[2026-08-17 21:27:25 UTC] UNDO       docs/writing/task2/090-2-3-agree-disagree.html  (-2 tag line(s))
[2026-08-17 21:27:25 UTC] UNDO       docs/writing/task2/091-2-3-agree-disagree.html  (-2 tag line(s))
[2026-08-17 21:27:25 UTC] UNDO       docs/writing/task2/092-2-3-agree-disagree.html  (-2 tag line(s))
[2026-08-17 21:27:25 UTC] UNDO       docs/writing/task2/093-2-3-agree-disagree.html  (-2 tag line(s))
[2026-08-17 21:27:25 UTC] UNDO       docs/writing/task2/094-2-4-agree-disagree.html  (-2 tag line(s))
[2026-08-17 21:27:25 UTC] UNDO       docs/writing/task2/095-2-5-problem-solution.html  (-2 tag line(s))
[2026-08-17 21:27:25 UTC] UNDO       docs/writing/task2/096-3-1-discuss-both-views.html  (-2 tag line(s))
[2026-08-17 21:27:25 UTC] UNDO       docs/writing/task2/097-3-1-agree-disagree.html  (-2 tag line(s))
[2026-08-17 21:27:25 UTC] UNDO       docs/writing/task2/098-3-1-agree-disagree.html  (-2 tag line(s))
[2026-08-17 21:27:25 UTC] UNDO       docs/writing/task2/099-3-1-positive-negative.html  (-2 tag line(s))
[2026-08-17 21:27:25 UTC] UNDO       docs/writing/task2/10-06-job-choice.html  (-2 tag line(s))
[2026-08-17 21:27:25 UTC] UNDO       docs/writing/task2/100-3-1-advantage-disadvantage.html  (-2 tag line(s))
[2026-08-17 21:27:25 UTC] UNDO       docs/writing/task2/101-3-1-advantage-disadvantage.html  (-2 tag line(s))
[2026-08-17 21:27:25 UTC] UNDO       docs/writing/task2/102-3-1-advantage-disadvantage.html  (-2 tag line(s))
[2026-08-17 21:27:25 UTC] UNDO       docs/writing/task2/103-3-1-advantage-disadvantage.html  (-2 tag line(s))
[2026-08-17 21:27:25 UTC] UNDO       docs/writing/task2/104-3-2-agree-disagree.html  (-2 tag line(s))
[2026-08-17 21:27:25 UTC] UNDO       docs/writing/task2/105-3-2-problem-solution.html  (-2 tag line(s))
[2026-08-17 21:27:25 UTC] UNDO       docs/writing/task2/106-3-2-agree-disagree.html  (-2 tag line(s))
[2026-08-17 21:27:25 UTC] UNDO       docs/writing/task2/107-3-2-discuss-both-views.html  (-2 tag line(s))
[2026-08-17 21:27:25 UTC] UNDO       docs/writing/task2/108-3-2-agree-disagree.html  (-2 tag line(s))
[2026-08-17 21:27:25 UTC] UNDO       docs/writing/task2/109-3-2-agree-disagree.html  (-2 tag line(s))
[2026-08-17 21:27:25 UTC] UNDO       docs/writing/task2/11-07-personal-skill.html  (-2 tag line(s))
[2026-08-17 21:27:25 UTC] UNDO       docs/writing/task2/110-3-2-discuss-both-views.html  (-2 tag line(s))
[2026-08-17 21:27:25 UTC] UNDO       docs/writing/task2/111-3-2-agree-disagree.html  (-2 tag line(s))
[2026-08-17 21:27:25 UTC] UNDO       docs/writing/task2/112-3-2-agree-disagree.html  (-2 tag line(s))
[2026-08-17 21:27:25 UTC] UNDO       docs/writing/task2/113-3-2-advantage-disadvantage.html  (-2 tag line(s))
[2026-08-17 21:27:25 UTC] UNDO       docs/writing/task2/114-3-2-discuss-both-views.html  (-2 tag line(s))
[2026-08-17 21:27:25 UTC] UNDO       docs/writing/task2/115-3-2-problem-solution.html  (-2 tag line(s))
[2026-08-17 21:27:25 UTC] UNDO       docs/writing/task2/116-3-2-agree-disagree.html  (-2 tag line(s))
[2026-08-17 21:27:25 UTC] UNDO       docs/writing/task2/117-3-2-discuss-both-views.html  (-2 tag line(s))
[2026-08-17 21:27:25 UTC] UNDO       docs/writing/task2/118-3-2-discuss-both-views.html  (-2 tag line(s))
[2026-08-17 21:27:25 UTC] UNDO       docs/writing/task2/119-3-2-agree-disagree.html  (-2 tag line(s))
[2026-08-17 21:27:25 UTC] UNDO       docs/writing/task2/12-08-work-env.html  (-2 tag line(s))
[2026-08-17 21:27:25 UTC] UNDO       docs/writing/task2/120-3-4-agree-disagree.html  (-2 tag line(s))
[2026-08-17 21:27:25 UTC] UNDO       docs/writing/task2/121-3-4-agree-disagree.html  (-2 tag line(s))
[2026-08-17 21:27:25 UTC] UNDO       docs/writing/task2/122-3-3-two-questions.html  (-2 tag line(s))
[2026-08-17 21:27:25 UTC] UNDO       docs/writing/task2/123-3-3-positive-negative.html  (-2 tag line(s))
[2026-08-17 21:27:25 UTC] UNDO       docs/writing/task2/124-3-3-problem-solution.html  (-2 tag line(s))
[2026-08-17 21:27:25 UTC] UNDO       docs/writing/task2/125-3-3-problem-solution.html  (-2 tag line(s))
[2026-08-17 21:27:25 UTC] UNDO       docs/writing/task2/126-3-3-two-questions.html  (-2 tag line(s))
[2026-08-17 21:27:25 UTC] UNDO       docs/writing/task2/127-3-3-advantage-disadvantage.html  (-2 tag line(s))
[2026-08-17 21:27:25 UTC] UNDO       docs/writing/task2/128-3-4-agree-disagree.html  (-2 tag line(s))
[2026-08-17 21:27:25 UTC] UNDO       docs/writing/task2/129-3-4-problem-solution.html  (-2 tag line(s))
[2026-08-17 21:27:25 UTC] UNDO       docs/writing/task2/13-09-job-types.html  (-2 tag line(s))
[2026-08-17 21:27:25 UTC] UNDO       docs/writing/task2/130-3-4-agree-disagree.html  (-2 tag line(s))
[2026-08-17 21:27:25 UTC] UNDO       docs/writing/task2/131-3-4-agree-disagree.html  (-2 tag line(s))
[2026-08-17 21:27:25 UTC] UNDO       docs/writing/task2/132-3-4-advantage-disadvantage.html  (-2 tag line(s))
[2026-08-17 21:27:25 UTC] UNDO       docs/writing/task2/133-3-4-advantage-disadvantage.html  (-2 tag line(s))
[2026-08-17 21:27:25 UTC] UNDO       docs/writing/task2/134-3-4-two-questions.html  (-2 tag line(s))
[2026-08-17 21:27:25 UTC] UNDO       docs/writing/task2/135-3-4-two-questions.html  (-2 tag line(s))
[2026-08-17 21:27:25 UTC] UNDO       docs/writing/task2/136-3-4-agree-disagree.html  (-2 tag line(s))
[2026-08-17 21:27:25 UTC] UNDO       docs/writing/task2/137-3-4-two-questions.html  (-2 tag line(s))
[2026-08-17 21:27:25 UTC] UNDO       docs/writing/task2/138-3-5-agree-disagree.html  (-2 tag line(s))
[2026-08-17 21:27:25 UTC] UNDO       docs/writing/task2/139-3-5-discuss-both-views.html  (-2 tag line(s))
[2026-08-17 21:27:25 UTC] UNDO       docs/writing/task2/14-10-work-life-balance.html  (-2 tag line(s))
[2026-08-17 21:27:25 UTC] UNDO       docs/writing/task2/140-3-5-discuss-both-views.html  (-2 tag line(s))
[2026-08-17 21:27:25 UTC] UNDO       docs/writing/task2/141-3-5-agree-disagree.html  (-2 tag line(s))
[2026-08-17 21:27:25 UTC] UNDO       docs/writing/task2/142-3-5-problem-solution.html  (-2 tag line(s))
[2026-08-17 21:27:25 UTC] UNDO       docs/writing/task2/143-3-5-discuss-both-views.html  (-2 tag line(s))
[2026-08-17 21:27:25 UTC] UNDO       docs/writing/task2/144-3-5-agree-disagree.html  (-2 tag line(s))
[2026-08-17 21:27:25 UTC] UNDO       docs/writing/task2/145-3-5-discuss-both-views.html  (-2 tag line(s))
[2026-08-17 21:27:25 UTC] UNDO       docs/writing/task2/146-3-5-discuss-both-views.html  (-2 tag line(s))
[2026-08-17 21:27:25 UTC] UNDO       docs/writing/task2/147-3-5-problem-solution.html  (-2 tag line(s))
[2026-08-17 21:27:25 UTC] UNDO       docs/writing/task2/148-3-5-discuss-both-views.html  (-2 tag line(s))
[2026-08-17 21:27:25 UTC] UNDO       docs/writing/task2/149-3-5-discuss-both-views.html  (-2 tag line(s))
[2026-08-17 21:27:25 UTC] UNDO       docs/writing/task2/15-11-urbanisation.html  (-2 tag line(s))
[2026-08-17 21:27:25 UTC] UNDO       docs/writing/task2/150-3-5-agree-disagree.html  (-2 tag line(s))
[2026-08-17 21:27:25 UTC] UNDO       docs/writing/task2/151-3-5-discuss-both-views.html  (-2 tag line(s))
[2026-08-17 21:27:25 UTC] UNDO       docs/writing/task2/152-3-5-advantage-disadvantage.html  (-2 tag line(s))
[2026-08-17 21:27:25 UTC] UNDO       docs/writing/task2/153-3-5-opinion.html  (-2 tag line(s))
[2026-08-17 21:27:25 UTC] UNDO       docs/writing/task2/154-3-5-agree-disagree.html  (-2 tag line(s))
[2026-08-17 21:27:25 UTC] UNDO       docs/writing/task2/155-3-6-problem-solution.html  (-2 tag line(s))
[2026-08-17 21:27:25 UTC] UNDO       docs/writing/task2/156-3-6-problem-solution.html  (-2 tag line(s))
[2026-08-17 21:27:25 UTC] UNDO       docs/writing/task2/157-3-6-problem-solution.html  (-2 tag line(s))
[2026-08-17 21:27:25 UTC] UNDO       docs/writing/task2/158-3-6-problem-solution.html  (-2 tag line(s))
[2026-08-17 21:27:25 UTC] UNDO       docs/writing/task2/159-3-6-problem-solution.html  (-2 tag line(s))
[2026-08-17 21:27:25 UTC] UNDO       docs/writing/task2/16-12-culture.html  (-2 tag line(s))
[2026-08-17 21:27:25 UTC] UNDO       docs/writing/task2/160-3-6-problem-solution.html  (-2 tag line(s))
[2026-08-17 21:27:25 UTC] UNDO       docs/writing/task2/161-3-6-problem-solution.html  (-2 tag line(s))
[2026-08-17 21:27:25 UTC] UNDO       docs/writing/task2/162-3-6-problem-solution.html  (-2 tag line(s))
[2026-08-17 21:27:25 UTC] UNDO       docs/writing/task2/163-3-6-two-questions.html  (-2 tag line(s))
[2026-08-17 21:27:25 UTC] UNDO       docs/writing/task2/164-3-6-problem-solution.html  (-2 tag line(s))
[2026-08-17 21:27:25 UTC] UNDO       docs/writing/task2/165-3-6-problem-solution.html  (-2 tag line(s))
[2026-08-17 21:27:25 UTC] UNDO       docs/writing/task2/166-3-6-two-questions.html  (-2 tag line(s))
[2026-08-17 21:27:25 UTC] UNDO       docs/writing/task2/167-3-6-two-questions.html  (-2 tag line(s))
[2026-08-17 21:27:25 UTC] UNDO       docs/writing/task2/168-3-6-problem-solution.html  (-2 tag line(s))
[2026-08-17 21:27:25 UTC] UNDO       docs/writing/task2/169-3-6-problem-solution.html  (-2 tag line(s))
[2026-08-17 21:27:25 UTC] UNDO       docs/writing/task2/17-13-ageing.html  (-2 tag line(s))
[2026-08-17 21:27:25 UTC] UNDO       docs/writing/task2/170-3-7-positive-negative.html  (-2 tag line(s))
[2026-08-17 21:27:25 UTC] UNDO       docs/writing/task2/171-3-8-agree-disagree.html  (-2 tag line(s))
[2026-08-17 21:27:25 UTC] UNDO       docs/writing/task2/172-3-8-advantage-disadvantage.html  (-2 tag line(s))
[2026-08-17 21:27:25 UTC] UNDO       docs/writing/task2/173-3-8-advantage-disadvantage.html  (-2 tag line(s))
[2026-08-17 21:27:25 UTC] UNDO       docs/writing/task2/174-3-8-agree-disagree.html  (-2 tag line(s))
[2026-08-17 21:27:25 UTC] UNDO       docs/writing/task2/175-3-9-agree-disagree.html  (-2 tag line(s))
[2026-08-17 21:27:25 UTC] UNDO       docs/writing/task2/176-3-10-agree-disagree.html  (-2 tag line(s))
[2026-08-17 21:27:25 UTC] UNDO       docs/writing/task2/177-4-1-agree-disagree.html  (-2 tag line(s))
[2026-08-17 21:27:25 UTC] UNDO       docs/writing/task2/178-4-1-agree-disagree.html  (-2 tag line(s))
[2026-08-17 21:27:25 UTC] UNDO       docs/writing/task2/179-4-1-discuss-both-views.html  (-2 tag line(s))
[2026-08-17 21:27:25 UTC] UNDO       docs/writing/task2/18-14-transport.html  (-2 tag line(s))
[2026-08-17 21:27:25 UTC] UNDO       docs/writing/task2/180-4-1-agree-disagree.html  (-2 tag line(s))
[2026-08-17 21:27:25 UTC] UNDO       docs/writing/task2/181-4-2-problem-solution.html  (-2 tag line(s))
[2026-08-17 21:27:25 UTC] UNDO       docs/writing/task2/182-4-3-problem-solution.html  (-2 tag line(s))
[2026-08-17 21:27:25 UTC] UNDO       docs/writing/task2/183-4-3-agree-disagree.html  (-2 tag line(s))
[2026-08-17 21:27:25 UTC] UNDO       docs/writing/task2/184-4-4-problem-solution.html  (-2 tag line(s))
[2026-08-17 21:27:25 UTC] UNDO       docs/writing/task2/185-4-4-problem-solution.html  (-2 tag line(s))
[2026-08-17 21:27:25 UTC] UNDO       docs/writing/task2/186-4-4-advantage-disadvantage.html  (-2 tag line(s))
[2026-08-17 21:27:25 UTC] UNDO       docs/writing/task2/187-4-4-discuss-both-views.html  (-2 tag line(s))
[2026-08-17 21:27:25 UTC] UNDO       docs/writing/task2/188-4-4-agree-disagree.html  (-2 tag line(s))
[2026-08-17 21:27:25 UTC] UNDO       docs/writing/task2/189-4-4-advantage-disadvantage.html  (-2 tag line(s))
[2026-08-17 21:27:25 UTC] UNDO       docs/writing/task2/19-15-values-compare.html  (-2 tag line(s))
[2026-08-17 21:27:25 UTC] UNDO       docs/writing/task2/190-4-5-problem-solution.html  (-2 tag line(s))
[2026-08-17 21:27:25 UTC] UNDO       docs/writing/task2/191-4-6-problem-solution.html  (-2 tag line(s))
[2026-08-17 21:27:25 UTC] UNDO       docs/writing/task2/192-4-6-two-questions.html  (-2 tag line(s))
[2026-08-17 21:27:25 UTC] UNDO       docs/writing/task2/193-4-7-agree-disagree.html  (-2 tag line(s))
[2026-08-17 21:27:25 UTC] UNDO       docs/writing/task2/194-4-7-discuss-both-views.html  (-2 tag line(s))
[2026-08-17 21:27:25 UTC] UNDO       docs/writing/task2/195-4-7-agree-disagree.html  (-2 tag line(s))
[2026-08-17 21:27:25 UTC] UNDO       docs/writing/task2/196-5-1-agree-disagree.html  (-2 tag line(s))
[2026-08-17 21:27:25 UTC] UNDO       docs/writing/task2/197-5-1-agree-disagree.html  (-2 tag line(s))
[2026-08-17 21:27:25 UTC] UNDO       docs/writing/task2/198-5-1-agree-disagree.html  (-2 tag line(s))
[2026-08-17 21:27:25 UTC] UNDO       docs/writing/task2/199-5-1-agree-disagree.html  (-2 tag line(s))
[2026-08-17 21:27:25 UTC] UNDO       docs/writing/task2/20-16-social-phenomenon.html  (-2 tag line(s))
[2026-08-17 21:27:25 UTC] UNDO       docs/writing/task2/200-5-1-discuss-both-views.html  (-2 tag line(s))
[2026-08-17 21:27:25 UTC] UNDO       docs/writing/task2/201-5-1-discuss-both-views.html  (-2 tag line(s))
[2026-08-17 21:27:25 UTC] UNDO       docs/writing/task2/202-5-1-opinion.html  (-2 tag line(s))
[2026-08-17 21:27:25 UTC] UNDO       docs/writing/task2/203-5-1-agree-disagree.html  (-2 tag line(s))
[2026-08-17 21:27:25 UTC] UNDO       docs/writing/task2/204-5-1-agree-disagree.html  (-2 tag line(s))
[2026-08-17 21:27:25 UTC] UNDO       docs/writing/task2/205-5-1-agree-disagree.html  (-2 tag line(s))
[2026-08-17 21:27:25 UTC] UNDO       docs/writing/task2/206-5-1-positive-negative.html  (-2 tag line(s))
[2026-08-17 21:27:25 UTC] UNDO       docs/writing/task2/207-5-1-discuss-both-views.html  (-2 tag line(s))
[2026-08-17 21:27:25 UTC] UNDO       docs/writing/task2/208-5-1-advantage-disadvantage.html  (-2 tag line(s))
[2026-08-17 21:27:25 UTC] UNDO       docs/writing/task2/209-5-1-discuss-both-views.html  (-2 tag line(s))
[2026-08-17 21:27:25 UTC] UNDO       docs/writing/task2/21-17-privacy.html  (-2 tag line(s))
[2026-08-17 21:27:25 UTC] UNDO       docs/writing/task2/210-5-2-agree-disagree.html  (-2 tag line(s))
[2026-08-17 21:27:25 UTC] UNDO       docs/writing/task2/211-5-2-problem-solution.html  (-2 tag line(s))
[2026-08-17 21:27:25 UTC] UNDO       docs/writing/task2/212-5-2-agree-disagree.html  (-2 tag line(s))
[2026-08-17 21:27:25 UTC] UNDO       docs/writing/task2/213-5-2-problem-solution.html  (-2 tag line(s))
[2026-08-17 21:27:25 UTC] UNDO       docs/writing/task2/214-5-2-advantage-disadvantage.html  (-2 tag line(s))
[2026-08-17 21:27:25 UTC] UNDO       docs/writing/task2/215-5-2-agree-disagree.html  (-2 tag line(s))
[2026-08-17 21:27:25 UTC] UNDO       docs/writing/task2/216-6-1-agree-disagree.html  (-2 tag line(s))
[2026-08-17 21:27:25 UTC] UNDO       docs/writing/task2/217-6-1-discuss-both-views.html  (-2 tag line(s))
[2026-08-17 21:27:25 UTC] UNDO       docs/writing/task2/218-6-1-positive-negative.html  (-2 tag line(s))
[2026-08-17 21:27:25 UTC] UNDO       docs/writing/task2/219-6-1-advantage-disadvantage.html  (-2 tag line(s))
[2026-08-17 21:27:25 UTC] UNDO       docs/writing/task2/22-18-life-change.html  (-2 tag line(s))
[2026-08-17 21:27:25 UTC] UNDO       docs/writing/task2/220-6-1-advantage-disadvantage.html  (-2 tag line(s))
[2026-08-17 21:27:25 UTC] UNDO       docs/writing/task2/221-6-1-positive-negative.html  (-2 tag line(s))
[2026-08-17 21:27:25 UTC] UNDO       docs/writing/task2/222-6-1-agree-disagree.html  (-2 tag line(s))
[2026-08-17 21:27:25 UTC] UNDO       docs/writing/task2/223-6-1-agree-disagree.html  (-2 tag line(s))
[2026-08-17 21:27:25 UTC] UNDO       docs/writing/task2/224-6-1-discuss-both-views.html  (-2 tag line(s))
[2026-08-17 21:27:25 UTC] UNDO       docs/writing/task2/225-6-1-discuss-both-views.html  (-2 tag line(s))
[2026-08-17 21:27:25 UTC] UNDO       docs/writing/task2/226-6-1-agree-disagree.html  (-2 tag line(s))
[2026-08-17 21:27:25 UTC] UNDO       docs/writing/task2/227-6-1-discuss-both-views.html  (-2 tag line(s))
[2026-08-17 21:27:25 UTC] UNDO       docs/writing/task2/228-6-1-discuss-both-views.html  (-2 tag line(s))
[2026-08-17 21:27:25 UTC] UNDO       docs/writing/task2/229-6-1-agree-disagree.html  (-2 tag line(s))
[2026-08-17 21:27:25 UTC] UNDO       docs/writing/task2/23-19-gender.html  (-2 tag line(s))
[2026-08-17 21:27:25 UTC] UNDO       docs/writing/task2/230-6-1-discuss-both-views.html  (-2 tag line(s))
[2026-08-17 21:27:25 UTC] UNDO       docs/writing/task2/231-6-1-discuss-both-views.html  (-2 tag line(s))
[2026-08-17 21:27:25 UTC] UNDO       docs/writing/task2/232-6-1-agree-disagree.html  (-2 tag line(s))
[2026-08-17 21:27:25 UTC] UNDO       docs/writing/task2/233-6-1-two-questions.html  (-2 tag line(s))
[2026-08-17 21:27:25 UTC] UNDO       docs/writing/task2/234-6-2-discuss-both-views.html  (-2 tag line(s))
[2026-08-17 21:27:25 UTC] UNDO       docs/writing/task2/235-6-2-agree-disagree.html  (-2 tag line(s))
[2026-08-17 21:27:25 UTC] UNDO       docs/writing/task2/236-6-2-problem-solution.html  (-2 tag line(s))
[2026-08-17 21:27:25 UTC] UNDO       docs/writing/task2/237-6-2-discuss-both-views.html  (-2 tag line(s))
[2026-08-17 21:27:25 UTC] UNDO       docs/writing/task2/238-6-2-problem-solution.html  (-2 tag line(s))
[2026-08-17 21:27:25 UTC] UNDO       docs/writing/task2/239-7-1-problem-solution.html  (-2 tag line(s))
[2026-08-17 21:27:25 UTC] UNDO       docs/writing/task2/24-20-civility.html  (-2 tag line(s))
[2026-08-17 21:27:25 UTC] UNDO       docs/writing/task2/240-7-1-agree-disagree.html  (-2 tag line(s))
[2026-08-17 21:27:25 UTC] UNDO       docs/writing/task2/241-7-1-discuss-both-views.html  (-2 tag line(s))
[2026-08-17 21:27:25 UTC] UNDO       docs/writing/task2/242-7-1-agree-disagree.html  (-2 tag line(s))
[2026-08-17 21:27:25 UTC] UNDO       docs/writing/task2/243-7-1-agree-disagree.html  (-2 tag line(s))
[2026-08-17 21:27:25 UTC] UNDO       docs/writing/task2/244-8-1-agree-disagree.html  (-2 tag line(s))
[2026-08-17 21:27:25 UTC] UNDO       docs/writing/task2/245-8-1-positive-negative.html  (-2 tag line(s))
[2026-08-17 21:27:25 UTC] UNDO       docs/writing/task2/246-8-1-agree-disagree.html  (-2 tag line(s))
[2026-08-17 21:27:25 UTC] UNDO       docs/writing/task2/247-8-1-problem-solution.html  (-2 tag line(s))
[2026-08-17 21:27:25 UTC] UNDO       docs/writing/task2/248-8-1-discuss-both-views.html  (-2 tag line(s))
[2026-08-17 21:27:25 UTC] UNDO       docs/writing/task2/249-8-1-discuss-both-views.html  (-2 tag line(s))
[2026-08-17 21:27:25 UTC] UNDO       docs/writing/task2/25-21-animal-protection.html  (-2 tag line(s))
[2026-08-17 21:27:25 UTC] UNDO       docs/writing/task2/250-8-1-agree-disagree.html  (-2 tag line(s))
[2026-08-17 21:27:25 UTC] UNDO       docs/writing/task2/251-8-1-discuss-both-views.html  (-2 tag line(s))
[2026-08-17 21:27:25 UTC] UNDO       docs/writing/task2/252-8-1-two-questions.html  (-2 tag line(s))
[2026-08-17 21:27:25 UTC] UNDO       docs/writing/task2/253-8-1-agree-disagree.html  (-2 tag line(s))
[2026-08-17 21:27:25 UTC] UNDO       docs/writing/task2/254-8-1-agree-disagree.html  (-2 tag line(s))
[2026-08-17 21:27:25 UTC] UNDO       docs/writing/task2/255-8-1-discuss-both-views.html  (-2 tag line(s))
[2026-08-17 21:27:25 UTC] UNDO       docs/writing/task2/256-8-1-positive-negative.html  (-2 tag line(s))
[2026-08-17 21:27:25 UTC] UNDO       docs/writing/task2/257-8-2-two-questions.html  (-2 tag line(s))
[2026-08-17 21:27:25 UTC] UNDO       docs/writing/task2/258-8-2-discuss-both-views.html  (-2 tag line(s))
[2026-08-17 21:27:25 UTC] UNDO       docs/writing/task2/259-8-2-two-questions.html  (-2 tag line(s))
[2026-08-17 21:27:25 UTC] UNDO       docs/writing/task2/26-22-plastic.html  (-2 tag line(s))
[2026-08-17 21:27:25 UTC] UNDO       docs/writing/task2/260-8-2-positive-negative.html  (-2 tag line(s))
[2026-08-17 21:27:25 UTC] UNDO       docs/writing/task2/261-9-1-discuss-both-views.html  (-2 tag line(s))
[2026-08-17 21:27:25 UTC] UNDO       docs/writing/task2/262-9-1-agree-disagree.html  (-2 tag line(s))
[2026-08-17 21:27:25 UTC] UNDO       docs/writing/task2/263-9-1-agree-disagree.html  (-2 tag line(s))
[2026-08-17 21:27:25 UTC] UNDO       docs/writing/task2/264-9-1-discuss-both-views.html  (-2 tag line(s))
[2026-08-17 21:27:25 UTC] UNDO       docs/writing/task2/265-9-1-discuss-both-views.html  (-2 tag line(s))
[2026-08-17 21:27:25 UTC] UNDO       docs/writing/task2/266-9-1-discuss-both-views.html  (-2 tag line(s))
[2026-08-17 21:27:25 UTC] UNDO       docs/writing/task2/267-9-1-agree-disagree.html  (-2 tag line(s))
[2026-08-17 21:27:25 UTC] UNDO       docs/writing/task2/268-9-1-discuss-both-views.html  (-2 tag line(s))
[2026-08-17 21:27:25 UTC] UNDO       docs/writing/task2/269-9-1-agree-disagree.html  (-2 tag line(s))
[2026-08-17 21:27:25 UTC] UNDO       docs/writing/task2/27-23-water.html  (-2 tag line(s))
[2026-08-17 21:27:25 UTC] UNDO       docs/writing/task2/270-9-1-discuss-both-views.html  (-2 tag line(s))
[2026-08-17 21:27:25 UTC] UNDO       docs/writing/task2/271-9-1-discuss-both-views.html  (-2 tag line(s))
[2026-08-17 21:27:25 UTC] UNDO       docs/writing/task2/272-10-1-agree-disagree.html  (-2 tag line(s))
[2026-08-17 21:27:25 UTC] UNDO       docs/writing/task2/273-10-1-problem-solution.html  (-2 tag line(s))
[2026-08-17 21:27:25 UTC] UNDO       docs/writing/task2/274-10-1-problem-solution.html  (-2 tag line(s))
[2026-08-17 21:27:25 UTC] UNDO       docs/writing/task2/275-10-1-agree-disagree.html  (-2 tag line(s))
[2026-08-17 21:27:25 UTC] UNDO       docs/writing/task2/276-10-1-discuss-both-views.html  (-2 tag line(s))
[2026-08-17 21:27:25 UTC] UNDO       docs/writing/task2/277-10-1-discuss-both-views.html  (-2 tag line(s))
[2026-08-17 21:27:25 UTC] UNDO       docs/writing/task2/278-10-1-discuss-both-views.html  (-2 tag line(s))
[2026-08-17 21:27:25 UTC] UNDO       docs/writing/task2/279-10-1-agree-disagree.html  (-2 tag line(s))
[2026-08-17 21:27:25 UTC] UNDO       docs/writing/task2/28-24-noise-pollution.html  (-2 tag line(s))
[2026-08-17 21:27:25 UTC] UNDO       docs/writing/task2/29-25-consumption-env.html  (-2 tag line(s))
[2026-08-17 21:27:25 UTC] UNDO       docs/writing/task2/30-02-qual-meaning.html  (-2 tag line(s))
[2026-08-17 21:27:25 UTC] UNDO       docs/writing/task2/31-03-education-method.html  (-2 tag line(s))
[2026-08-17 21:27:25 UTC] UNDO       docs/writing/task2/32-27-technology.html  (-2 tag line(s))
[2026-08-17 21:27:25 UTC] UNDO       docs/writing/task2/33-28-health.html  (-2 tag line(s))
[2026-08-17 21:27:25 UTC] UNDO       docs/writing/task2/34-29-media.html  (-2 tag line(s))
[2026-08-17 21:27:25 UTC] UNDO       docs/writing/task2/35-30-advertising.html  (-2 tag line(s))
[2026-08-17 21:27:25 UTC] UNDO       docs/writing/task2/36-31-globalisation.html  (-2 tag line(s))
[2026-08-17 21:27:25 UTC] UNDO       docs/writing/task2/37-32-travel.html  (-2 tag line(s))
[2026-08-17 21:27:25 UTC] UNDO       docs/writing/task2/38-1-1-single-question.html  (-2 tag line(s))
[2026-08-17 21:27:25 UTC] UNDO       docs/writing/task2/39-1-1-problem-solution.html  (-2 tag line(s))
[2026-08-17 21:27:25 UTC] UNDO       docs/writing/task2/40-1-2-advantage-disadvantage.html  (-2 tag line(s))
[2026-08-17 21:27:25 UTC] UNDO       docs/writing/task2/41-1-5-single-question.html  (-2 tag line(s))
[2026-08-17 21:27:25 UTC] UNDO       docs/writing/task2/42-4-4-problem-solution.html  (-2 tag line(s))
[2026-08-17 21:27:25 UTC] UNDO       docs/speaking/topics/p1-area.html  (-1 tag line(s))
[2026-08-17 21:27:25 UTC] UNDO       docs/speaking/topics/p1-city.html  (-1 tag line(s))
[2026-08-17 21:27:25 UTC] UNDO       docs/speaking/topics/p1-home.html  (-1 tag line(s))
[2026-08-17 21:27:25 UTC] UNDO       docs/speaking/topics/p1-hometown.html  (-1 tag line(s))
[2026-08-17 21:27:25 UTC] UNDO       docs/speaking/topics/p1-work.html  (-1 tag line(s))
[2026-08-17 21:27:25 UTC] UNDO       docs/speaking/topics/p1f-building.html  (-1 tag line(s))
[2026-08-17 21:27:25 UTC] UNDO       docs/speaking/topics/p1f-cars.html  (-1 tag line(s))
[2026-08-17 21:27:25 UTC] UNDO       docs/speaking/topics/p1f-childhood.html  (-1 tag line(s))
[2026-08-17 21:27:25 UTC] UNDO       docs/speaking/topics/p1f-food.html  (-1 tag line(s))
[2026-08-17 21:27:25 UTC] UNDO       docs/speaking/topics/p1f-gifts.html  (-1 tag line(s))
[2026-08-17 21:27:25 UTC] UNDO       docs/speaking/topics/p1f-hobby.html  (-1 tag line(s))
[2026-08-17 21:27:25 UTC] UNDO       docs/speaking/topics/p1f-life-stages.html  (-1 tag line(s))
[2026-08-17 21:27:25 UTC] UNDO       docs/speaking/topics/p1f-mirrors.html  (-1 tag line(s))
[2026-08-17 21:27:25 UTC] UNDO       docs/speaking/topics/p1f-morning.html  (-1 tag line(s))
[2026-08-17 21:27:25 UTC] UNDO       docs/speaking/topics/p1f-music.html  (-1 tag line(s))
[2026-08-17 21:27:25 UTC] UNDO       docs/speaking/topics/p1f-outer-space.html  (-1 tag line(s))
[2026-08-17 21:27:25 UTC] UNDO       docs/speaking/topics/p1f-parks.html  (-1 tag line(s))
[2026-08-17 21:27:25 UTC] UNDO       docs/speaking/topics/p1f-pets.html  (-1 tag line(s))
[2026-08-17 21:27:25 UTC] UNDO       docs/speaking/topics/p1f-reading.html  (-1 tag line(s))
[2026-08-17 21:27:25 UTC] UNDO       docs/speaking/topics/p1f-scenery.html  (-1 tag line(s))
[2026-08-17 21:27:25 UTC] UNDO       docs/speaking/topics/p1f-science.html  (-1 tag line(s))
[2026-08-17 21:27:25 UTC] UNDO       docs/speaking/topics/p1f-shopping.html  (-1 tag line(s))
[2026-08-17 21:27:25 UTC] UNDO       docs/speaking/topics/p1f-singing.html  (-1 tag line(s))
[2026-08-17 21:27:25 UTC] UNDO       docs/speaking/topics/p1f-social-media.html  (-1 tag line(s))
[2026-08-17 21:27:25 UTC] UNDO       docs/speaking/topics/p1f-sports-team.html  (-1 tag line(s))
[2026-08-17 21:27:25 UTC] UNDO       docs/speaking/topics/p1f-teachers.html  (-1 tag line(s))
[2026-08-17 21:27:25 UTC] UNDO       docs/speaking/topics/p1f-tidiness.html  (-1 tag line(s))
[2026-08-17 21:27:25 UTC] UNDO       docs/speaking/topics/p1f-typing.html  (-1 tag line(s))
[2026-08-17 21:27:25 UTC] UNDO       docs/speaking/topics/p1f-views.html  (-1 tag line(s))
[2026-08-17 21:27:25 UTC] UNDO       docs/speaking/topics/p1f-walking.html  (-1 tag line(s))
[2026-08-17 21:27:25 UTC] UNDO       docs/speaking/topics/p1f-watch.html  (-1 tag line(s))
[2026-08-17 21:27:25 UTC] UNDO       docs/speaking/topics/p1f-websites.html  (-1 tag line(s))
[2026-08-17 21:27:25 UTC] UNDO       docs/speaking/topics/p23-advice.html  (-1 tag line(s))
[2026-08-17 21:27:25 UTC] UNDO       docs/speaking/topics/p23-app.html  (-1 tag line(s))
[2026-08-17 21:27:25 UTC] UNDO       docs/speaking/topics/p23-bad-music.html  (-1 tag line(s))
[2026-08-17 21:27:25 UTC] UNDO       docs/speaking/topics/p23-boring.html  (-1 tag line(s))
[2026-08-17 21:27:25 UTC] UNDO       docs/speaking/topics/p23-business.html  (-1 tag line(s))
[2026-08-17 21:27:25 UTC] UNDO       docs/speaking/topics/p23-changed-plan.html  (-1 tag line(s))
[2026-08-17 21:27:25 UTC] UNDO       docs/speaking/topics/p23-child-art.html  (-1 tag line(s))
[2026-08-17 21:27:25 UTC] UNDO       docs/speaking/topics/p23-child-friend.html  (-1 tag line(s))
[2026-08-17 21:27:25 UTC] UNDO       docs/speaking/topics/p23-decision.html  (-1 tag line(s))
[2026-08-17 21:27:25 UTC] UNDO       docs/speaking/topics/p23-early.html  (-1 tag line(s))
[2026-08-17 21:27:25 UTC] UNDO       docs/speaking/topics/p23-encourage.html  (-1 tag line(s))
[2026-08-17 21:27:25 UTC] UNDO       docs/speaking/topics/p23-famous-city.html  (-1 tag line(s))
[2026-08-17 21:27:25 UTC] UNDO       docs/speaking/topics/p23-famous.html  (-1 tag line(s))
[2026-08-17 21:27:25 UTC] UNDO       docs/speaking/topics/p23-fav-city.html  (-1 tag line(s))
[2026-08-17 21:27:25 UTC] UNDO       docs/speaking/topics/p23-foreign-job.html  (-1 tag line(s))
[2026-08-17 21:27:25 UTC] UNDO       docs/speaking/topics/p23-group.html  (-1 tag line(s))
[2026-08-17 21:27:25 UTC] UNDO       docs/speaking/topics/p23-heirloom.html  (-1 tag line(s))
[2026-08-17 21:27:25 UTC] UNDO       docs/speaking/topics/p23-helper.html  (-1 tag line(s))
[2026-08-17 21:27:25 UTC] UNDO       docs/speaking/topics/p23-imagination.html  (-1 tag line(s))
[2026-08-17 21:27:25 UTC] UNDO       docs/speaking/topics/p23-interest-bldg.html  (-1 tag line(s))
[2026-08-17 21:27:25 UTC] UNDO       docs/speaking/topics/p23-law.html  (-1 tag line(s))
[2026-08-17 21:27:25 UTC] UNDO       docs/speaking/topics/p23-medical.html  (-1 tag line(s))
[2026-08-17 21:27:25 UTC] UNDO       docs/speaking/topics/p23-movie.html  (-1 tag line(s))
[2026-08-17 21:27:25 UTC] UNDO       docs/speaking/topics/p23-nanning.html  (-1 tag line(s))
[2026-08-17 21:27:25 UTC] UNDO       docs/speaking/topics/p23-nature.html  (-1 tag line(s))
[2026-08-17 21:27:25 UTC] UNDO       docs/speaking/topics/p23-no-phone.html  (-1 tag line(s))
[2026-08-17 21:27:25 UTC] UNDO       docs/speaking/topics/p23-overspent.html  (-1 tag line(s))
[2026-08-17 21:27:25 UTC] UNDO       docs/speaking/topics/p23-perfect-job.html  (-1 tag line(s))
[2026-08-17 21:27:25 UTC] UNDO       docs/speaking/topics/p23-planning.html  (-1 tag line(s))
[2026-08-17 21:27:25 UTC] UNDO       docs/speaking/topics/p23-plants.html  (-1 tag line(s))
[2026-08-17 21:27:25 UTC] UNDO       docs/speaking/topics/p23-proud.html  (-1 tag line(s))
[2026-08-17 21:27:25 UTC] UNDO       docs/speaking/topics/p23-self-learn.html  (-1 tag line(s))
[2026-08-17 21:27:25 UTC] UNDO       docs/speaking/topics/p23-smart.html  (-1 tag line(s))
[2026-08-17 21:27:25 UTC] UNDO       docs/speaking/topics/p23-smiling.html  (-1 tag line(s))
[2026-08-17 21:27:25 UTC] UNDO       docs/speaking/topics/p23-sports.html  (-1 tag line(s))
[2026-08-17 21:27:25 UTC] UNDO       docs/speaking/topics/p23-tall.html  (-1 tag line(s))
[2026-08-17 21:27:25 UTC] UNDO       docs/speaking/topics/p23-tech.html  (-1 tag line(s))
[2026-08-17 21:27:25 UTC] UNDO       docs/speaking/topics/p23-vehicle.html  (-1 tag line(s))
[2026-08-17 21:27:25 UTC] UNDO       docs/speaking/topics/p23-video.html  (-1 tag line(s))
[2026-08-17 21:27:25 UTC] UNDO       docs/writing/index.html  (-1 tag line(s))
[2026-08-17 21:27:25 UTC] UNDO       docs/speaking/index.html  (-1 tag line(s))
[2026-08-17 21:27:25 UTC] SUMMARY undo: 365 modified, 0 unchanged, 0 errors, 365 total
[2026-08-17 21:27:25 UTC] === drift-check ===
[2026-08-17 21:27:25 UTC] DRIFT-CHECK: 0/365 OK, 365 missing, 0 unreadable
[2026-08-17 21:27:25 UTC]   MISSING docs/writing/task1/01-table-universities-ranked.html: ['<script defer src="../../assets/js/read-tracker.js"></script...', '<script defer src="../../assets/js/essay-typing.js"></script...']
[2026-08-17 21:27:25 UTC]   MISSING docs/writing/task1/02-pie-meal-nutrients.html: ['<script defer src="../../assets/js/read-tracker.js"></script...', '<script defer src="../../assets/js/essay-typing.js"></script...']
[2026-08-17 21:27:25 UTC]   MISSING docs/writing/task1/03-bar-electricity.html: ['<script defer src="../../assets/js/read-tracker.js"></script...', '<script defer src="../../assets/js/essay-typing.js"></script...']
[2026-08-17 21:27:25 UTC]   MISSING docs/writing/task1/04-bar-physical-activity.html: ['<script defer src="../../assets/js/read-tracker.js"></script...', '<script defer src="../../assets/js/essay-typing.js"></script...']
[2026-08-17 21:27:25 UTC]   MISSING docs/writing/task1/05-mixed-graph.html: ['<script defer src="../../assets/js/read-tracker.js"></script...', '<script defer src="../../assets/js/essay-typing.js"></script...']
[2026-08-17 21:27:25 UTC]   MISSING docs/writing/task1/06-process-rain-shadow-desert.html: ['<script defer src="../../assets/js/read-tracker.js"></script...', '<script defer src="../../assets/js/essay-typing.js"></script...']
[2026-08-17 21:27:25 UTC]   MISSING docs/writing/task1/07-process-plastic-recycling.html: ['<script defer src="../../assets/js/read-tracker.js"></script...', '<script defer src="../../assets/js/essay-typing.js"></script...']
[2026-08-17 21:27:25 UTC]   MISSING docs/writing/task1/08-process-cement-making.html: ['<script defer src="../../assets/js/read-tracker.js"></script...', '<script defer src="../../assets/js/essay-typing.js"></script...']
[2026-08-17 21:27:25 UTC]   MISSING docs/writing/task1/09-mixed-library-survey.html: ['<script defer src="../../assets/js/read-tracker.js"></script...', '<script defer src="../../assets/js/essay-typing.js"></script...']
[2026-08-17 21:27:25 UTC]   MISSING docs/writing/task1/10-dynamic-caribbean-tourists.html: ['<script defer src="../../assets/js/read-tracker.js"></script...', '<script defer src="../../assets/js/essay-typing.js"></script...']
[2026-08-17 21:27:25 UTC]   MISSING docs/writing/task1/11-dynamic-melbourne-activities.html: ['<script defer src="../../assets/js/read-tracker.js"></script...', '<script defer src="../../assets/js/essay-typing.js"></script...']
[2026-08-17 21:27:25 UTC]   MISSING docs/writing/task1/12-dynamic-asian-cities.html: ['<script defer src="../../assets/js/read-tracker.js"></script...', '<script defer src="../../assets/js/essay-typing.js"></script...']
[2026-08-17 21:27:25 UTC]   MISSING docs/writing/task1/13-static-uk-school-spending.html: ['<script defer src="../../assets/js/read-tracker.js"></script...', '<script defer src="../../assets/js/essay-typing.js"></script...']
[2026-08-17 21:27:25 UTC]   MISSING docs/writing/task2/01-agree-disagree-history-vs-business.html: ['<script defer src="../../assets/js/read-tracker.js"></script...', '<script defer src="../../assets/js/essay-typing.js"></script...']
[2026-08-17 21:27:25 UTC]   MISSING docs/writing/task2/02-discuss-both-views-employment-skills.html: ['<script defer src="../../assets/js/read-tracker.js"></script...', '<script defer src="../../assets/js/essay-typing.js"></script...']
[2026-08-17 21:27:25 UTC]   MISSING docs/writing/task2/03-positive-negative-children-freedom.html: ['<script defer src="../../assets/js/read-tracker.js"></script...', '<script defer src="../../assets/js/essay-typing.js"></script...']
[2026-08-17 21:27:25 UTC]   MISSING docs/writing/task2/04-opinion-teachers-morality.html: ['<script defer src="../../assets/js/read-tracker.js"></script...', '<script defer src="../../assets/js/essay-typing.js"></script...']
[2026-08-17 21:27:25 UTC]   MISSING docs/writing/task2/043-1-1-agree-disagree.html: ['<script defer src="../../assets/js/read-tracker.js"></script...', '<script defer src="../../assets/js/essay-typing.js"></script...']
[2026-08-17 21:27:25 UTC]   MISSING docs/writing/task2/044-1-1-discuss-both-views.html: ['<script defer src="../../assets/js/read-tracker.js"></script...', '<script defer src="../../assets/js/essay-typing.js"></script...']
[2026-08-17 21:27:25 UTC]   MISSING docs/writing/task2/045-1-1-agree-disagree.html: ['<script defer src="../../assets/js/read-tracker.js"></script...', '<script defer src="../../assets/js/essay-typing.js"></script...']
[2026-08-17 21:27:25 UTC]   MISSING docs/writing/task2/046-1-1-agree-disagree.html: ['<script defer src="../../assets/js/read-tracker.js"></script...', '<script defer src="../../assets/js/essay-typing.js"></script...']
[2026-08-17 21:27:25 UTC]   MISSING docs/writing/task2/047-1-1-discuss-both-views.html: ['<script defer src="../../assets/js/read-tracker.js"></script...', '<script defer src="../../assets/js/essay-typing.js"></script...']
[2026-08-17 21:27:25 UTC]   MISSING docs/writing/task2/048-1-1-discuss-both-views.html: ['<script defer src="../../assets/js/read-tracker.js"></script...', '<script defer src="../../assets/js/essay-typing.js"></script...']
[2026-08-17 21:27:25 UTC]   MISSING docs/writing/task2/049-1-1-agree-disagree.html: ['<script defer src="../../assets/js/read-tracker.js"></script...', '<script defer src="../../assets/js/essay-typing.js"></script...']
[2026-08-17 21:27:25 UTC]   MISSING docs/writing/task2/05-two-questions-environment.html: ['<script defer src="../../assets/js/read-tracker.js"></script...', '<script defer src="../../assets/js/essay-typing.js"></script...']
[2026-08-17 21:27:25 UTC]   MISSING docs/writing/task2/050-1-2-positive-negative.html: ['<script defer src="../../assets/js/read-tracker.js"></script...', '<script defer src="../../assets/js/essay-typing.js"></script...']
[2026-08-17 21:27:25 UTC]   MISSING docs/writing/task2/051-1-2-discuss-both-views.html: ['<script defer src="../../assets/js/read-tracker.js"></script...', '<script defer src="../../assets/js/essay-typing.js"></script...']
[2026-08-17 21:27:25 UTC]   MISSING docs/writing/task2/052-1-2-agree-disagree.html: ['<script defer src="../../assets/js/read-tracker.js"></script...', '<script defer src="../../assets/js/essay-typing.js"></script...']
[2026-08-17 21:27:25 UTC]   MISSING docs/writing/task2/053-1-2-discuss-both-views.html: ['<script defer src="../../assets/js/read-tracker.js"></script...', '<script defer src="../../assets/js/essay-typing.js"></script...']
[2026-08-17 21:27:25 UTC]   MISSING docs/writing/task2/054-1-2-agree-disagree.html: ['<script defer src="../../assets/js/read-tracker.js"></script...', '<script defer src="../../assets/js/essay-typing.js"></script...']
[2026-08-17 21:27:25 UTC]   MISSING docs/writing/task2/055-1-2-agree-disagree.html: ['<script defer src="../../assets/js/read-tracker.js"></script...', '<script defer src="../../assets/js/essay-typing.js"></script...']
[2026-08-17 21:27:25 UTC]   MISSING docs/writing/task2/056-1-2-agree-disagree.html: ['<script defer src="../../assets/js/read-tracker.js"></script...', '<script defer src="../../assets/js/essay-typing.js"></script...']
[2026-08-17 21:27:25 UTC]   MISSING docs/writing/task2/057-1-2-agree-disagree.html: ['<script defer src="../../assets/js/read-tracker.js"></script...', '<script defer src="../../assets/js/essay-typing.js"></script...']
[2026-08-17 21:27:25 UTC]   MISSING docs/writing/task2/058-1-2-discuss-both-views.html: ['<script defer src="../../assets/js/read-tracker.js"></script...', '<script defer src="../../assets/js/essay-typing.js"></script...']
[2026-08-17 21:27:25 UTC]   MISSING docs/writing/task2/059-1-2-discuss-both-views.html: ['<script defer src="../../assets/js/read-tracker.js"></script...', '<script defer src="../../assets/js/essay-typing.js"></script...']
[2026-08-17 21:27:25 UTC]   MISSING docs/writing/task2/06-26-env-solutions.html: ['<script defer src="../../assets/js/read-tracker.js"></script...', '<script defer src="../../assets/js/essay-typing.js"></script...']
[2026-08-17 21:27:25 UTC]   MISSING docs/writing/task2/060-1-3-agree-disagree.html: ['<script defer src="../../assets/js/read-tracker.js"></script...', '<script defer src="../../assets/js/essay-typing.js"></script...']
[2026-08-17 21:27:25 UTC]   MISSING docs/writing/task2/061-1-4-discuss-both-views.html: ['<script defer src="../../assets/js/read-tracker.js"></script...', '<script defer src="../../assets/js/essay-typing.js"></script...']
[2026-08-17 21:27:25 UTC]   MISSING docs/writing/task2/062-1-4-discuss-both-views.html: ['<script defer src="../../assets/js/read-tracker.js"></script...', '<script defer src="../../assets/js/essay-typing.js"></script...']
[2026-08-17 21:27:25 UTC]   MISSING docs/writing/task2/063-1-4-discuss-both-views.html: ['<script defer src="../../assets/js/read-tracker.js"></script...', '<script defer src="../../assets/js/essay-typing.js"></script...']
[2026-08-17 21:27:25 UTC]   MISSING docs/writing/task2/064-1-5-discuss-both-views.html: ['<script defer src="../../assets/js/read-tracker.js"></script...', '<script defer src="../../assets/js/essay-typing.js"></script...']
[2026-08-17 21:27:25 UTC]   MISSING docs/writing/task2/065-1-5-discuss-both-views.html: ['<script defer src="../../assets/js/read-tracker.js"></script...', '<script defer src="../../assets/js/essay-typing.js"></script...']
[2026-08-17 21:27:25 UTC]   MISSING docs/writing/task2/066-1-6-agree-disagree.html: ['<script defer src="../../assets/js/read-tracker.js"></script...', '<script defer src="../../assets/js/essay-typing.js"></script...']
[2026-08-17 21:27:25 UTC]   MISSING docs/writing/task2/067-1-6-agree-disagree.html: ['<script defer src="../../assets/js/read-tracker.js"></script...', '<script defer src="../../assets/js/essay-typing.js"></script...']
[2026-08-17 21:27:25 UTC]   MISSING docs/writing/task2/068-1-6-advantage-disadvantage.html: ['<script defer src="../../assets/js/read-tracker.js"></script...', '<script defer src="../../assets/js/essay-typing.js"></script...']
[2026-08-17 21:27:25 UTC]   MISSING docs/writing/task2/069-1-6-agree-disagree.html: ['<script defer src="../../assets/js/read-tracker.js"></script...', '<script defer src="../../assets/js/essay-typing.js"></script...']
[2026-08-17 21:27:25 UTC]   MISSING docs/writing/task2/07-01-lang-learning.html: ['<script defer src="../../assets/js/read-tracker.js"></script...', '<script defer src="../../assets/js/essay-typing.js"></script...']
[2026-08-17 21:27:25 UTC]   MISSING docs/writing/task2/070-1-6-agree-disagree.html: ['<script defer src="../../assets/js/read-tracker.js"></script...', '<script defer src="../../assets/js/essay-typing.js"></script...']
[2026-08-17 21:27:25 UTC]   MISSING docs/writing/task2/071-1-6-two-questions.html: ['<script defer src="../../assets/js/read-tracker.js"></script...', '<script defer src="../../assets/js/essay-typing.js"></script...']
[2026-08-17 21:27:25 UTC]   MISSING docs/writing/task2/072-1-6-two-questions.html: ['<script defer src="../../assets/js/read-tracker.js"></script...', '<script defer src="../../assets/js/essay-typing.js"></script...']
[2026-08-17 21:27:25 UTC]   MISSING docs/writing/task2/073-1-7-agree-disagree.html: ['<script defer src="../../assets/js/read-tracker.js"></script...', '<script defer src="../../assets/js/essay-typing.js"></script...']
[2026-08-17 21:27:25 UTC]   MISSING docs/writing/task2/074-1-7-advantage-disadvantage.html: ['<script defer src="../../assets/js/read-tracker.js"></script...', '<script defer src="../../assets/js/essay-typing.js"></script...']
[2026-08-17 21:27:25 UTC]   MISSING docs/writing/task2/075-1-7-agree-disagree.html: ['<script defer src="../../assets/js/read-tracker.js"></script...', '<script defer src="../../assets/js/essay-typing.js"></script...']
[2026-08-17 21:27:25 UTC]   MISSING docs/writing/task2/076-1-8-problem-solution.html: ['<script defer src="../../assets/js/read-tracker.js"></script...', '<script defer src="../../assets/js/essay-typing.js"></script...']
[2026-08-17 21:27:25 UTC]   MISSING docs/writing/task2/077-1-8-problem-solution.html: ['<script defer src="../../assets/js/read-tracker.js"></script...', '<script defer src="../../assets/js/essay-typing.js"></script...']
[2026-08-17 21:27:25 UTC]   MISSING docs/writing/task2/078-1-8-two-questions.html: ['<script defer src="../../assets/js/read-tracker.js"></script...', '<script defer src="../../assets/js/essay-typing.js"></script...']
[2026-08-17 21:27:25 UTC]   MISSING docs/writing/task2/079-2-1-single-question.html: ['<script defer src="../../assets/js/read-tracker.js"></script...', '<script defer src="../../assets/js/essay-typing.js"></script...']
[2026-08-17 21:27:25 UTC]   MISSING docs/writing/task2/08-04-education-target.html: ['<script defer src="../../assets/js/read-tracker.js"></script...', '<script defer src="../../assets/js/essay-typing.js"></script...']
[2026-08-17 21:27:25 UTC]   MISSING docs/writing/task2/080-2-1-advantage-disadvantage.html: ['<script defer src="../../assets/js/read-tracker.js"></script...', '<script defer src="../../assets/js/essay-typing.js"></script...']
[2026-08-17 21:27:25 UTC]   MISSING docs/writing/task2/081-2-1-agree-disagree.html: ['<script defer src="../../assets/js/read-tracker.js"></script...', '<script defer src="../../assets/js/essay-typing.js"></script...']
[2026-08-17 21:27:25 UTC]   MISSING docs/writing/task2/082-2-1-agree-disagree.html: ['<script defer src="../../assets/js/read-tracker.js"></script...', '<script defer src="../../assets/js/essay-typing.js"></script...']
[2026-08-17 21:27:25 UTC]   MISSING docs/writing/task2/083-2-1-discuss-both-views.html: ['<script defer src="../../assets/js/read-tracker.js"></script...', '<script defer src="../../assets/js/essay-typing.js"></script...']
[2026-08-17 21:27:25 UTC]   MISSING docs/writing/task2/084-2-1-agree-disagree.html: ['<script defer src="../../assets/js/read-tracker.js"></script...', '<script defer src="../../assets/js/essay-typing.js"></script...']
[2026-08-17 21:27:25 UTC]   MISSING docs/writing/task2/085-2-2-agree-disagree.html: ['<script defer src="../../assets/js/read-tracker.js"></script...', '<script defer src="../../assets/js/essay-typing.js"></script...']
[2026-08-17 21:27:25 UTC]   MISSING docs/writing/task2/086-2-2-agree-disagree.html: ['<script defer src="../../assets/js/read-tracker.js"></script...', '<script defer src="../../assets/js/essay-typing.js"></script...']
[2026-08-17 21:27:25 UTC]   MISSING docs/writing/task2/087-2-2-agree-disagree.html: ['<script defer src="../../assets/js/read-tracker.js"></script...', '<script defer src="../../assets/js/essay-typing.js"></script...']
[2026-08-17 21:27:25 UTC]   MISSING docs/writing/task2/088-2-2-positive-negative.html: ['<script defer src="../../assets/js/read-tracker.js"></script...', '<script defer src="../../assets/js/essay-typing.js"></script...']
[2026-08-17 21:27:25 UTC]   MISSING docs/writing/task2/089-2-2-agree-disagree.html: ['<script defer src="../../assets/js/read-tracker.js"></script...', '<script defer src="../../assets/js/essay-typing.js"></script...']
[2026-08-17 21:27:25 UTC]   MISSING docs/writing/task2/09-05-education-phenomenon.html: ['<script defer src="../../assets/js/read-tracker.js"></script...', '<script defer src="../../assets/js/essay-typing.js"></script...']
[2026-08-17 21:27:25 UTC]   MISSING docs/writing/task2/090-2-3-agree-disagree.html: ['<script defer src="../../assets/js/read-tracker.js"></script...', '<script defer src="../../assets/js/essay-typing.js"></script...']
[2026-08-17 21:27:25 UTC]   MISSING docs/writing/task2/091-2-3-agree-disagree.html: ['<script defer src="../../assets/js/read-tracker.js"></script...', '<script defer src="../../assets/js/essay-typing.js"></script...']
[2026-08-17 21:27:25 UTC]   MISSING docs/writing/task2/092-2-3-agree-disagree.html: ['<script defer src="../../assets/js/read-tracker.js"></script...', '<script defer src="../../assets/js/essay-typing.js"></script...']
[2026-08-17 21:27:25 UTC]   MISSING docs/writing/task2/093-2-3-agree-disagree.html: ['<script defer src="../../assets/js/read-tracker.js"></script...', '<script defer src="../../assets/js/essay-typing.js"></script...']
[2026-08-17 21:27:25 UTC]   MISSING docs/writing/task2/094-2-4-agree-disagree.html: ['<script defer src="../../assets/js/read-tracker.js"></script...', '<script defer src="../../assets/js/essay-typing.js"></script...']
[2026-08-17 21:27:25 UTC]   MISSING docs/writing/task2/095-2-5-problem-solution.html: ['<script defer src="../../assets/js/read-tracker.js"></script...', '<script defer src="../../assets/js/essay-typing.js"></script...']
[2026-08-17 21:27:25 UTC]   MISSING docs/writing/task2/096-3-1-discuss-both-views.html: ['<script defer src="../../assets/js/read-tracker.js"></script...', '<script defer src="../../assets/js/essay-typing.js"></script...']
[2026-08-17 21:27:25 UTC]   MISSING docs/writing/task2/097-3-1-agree-disagree.html: ['<script defer src="../../assets/js/read-tracker.js"></script...', '<script defer src="../../assets/js/essay-typing.js"></script...']
[2026-08-17 21:27:25 UTC]   MISSING docs/writing/task2/098-3-1-agree-disagree.html: ['<script defer src="../../assets/js/read-tracker.js"></script...', '<script defer src="../../assets/js/essay-typing.js"></script...']
[2026-08-17 21:27:25 UTC]   MISSING docs/writing/task2/099-3-1-positive-negative.html: ['<script defer src="../../assets/js/read-tracker.js"></script...', '<script defer src="../../assets/js/essay-typing.js"></script...']
[2026-08-17 21:27:25 UTC]   MISSING docs/writing/task2/10-06-job-choice.html: ['<script defer src="../../assets/js/read-tracker.js"></script...', '<script defer src="../../assets/js/essay-typing.js"></script...']
[2026-08-17 21:27:25 UTC]   MISSING docs/writing/task2/100-3-1-advantage-disadvantage.html: ['<script defer src="../../assets/js/read-tracker.js"></script...', '<script defer src="../../assets/js/essay-typing.js"></script...']
[2026-08-17 21:27:25 UTC]   MISSING docs/writing/task2/101-3-1-advantage-disadvantage.html: ['<script defer src="../../assets/js/read-tracker.js"></script...', '<script defer src="../../assets/js/essay-typing.js"></script...']
[2026-08-17 21:27:25 UTC]   MISSING docs/writing/task2/102-3-1-advantage-disadvantage.html: ['<script defer src="../../assets/js/read-tracker.js"></script...', '<script defer src="../../assets/js/essay-typing.js"></script...']
[2026-08-17 21:27:25 UTC]   MISSING docs/writing/task2/103-3-1-advantage-disadvantage.html: ['<script defer src="../../assets/js/read-tracker.js"></script...', '<script defer src="../../assets/js/essay-typing.js"></script...']
[2026-08-17 21:27:25 UTC]   MISSING docs/writing/task2/104-3-2-agree-disagree.html: ['<script defer src="../../assets/js/read-tracker.js"></script...', '<script defer src="../../assets/js/essay-typing.js"></script...']
[2026-08-17 21:27:25 UTC]   MISSING docs/writing/task2/105-3-2-problem-solution.html: ['<script defer src="../../assets/js/read-tracker.js"></script...', '<script defer src="../../assets/js/essay-typing.js"></script...']
[2026-08-17 21:27:25 UTC]   MISSING docs/writing/task2/106-3-2-agree-disagree.html: ['<script defer src="../../assets/js/read-tracker.js"></script...', '<script defer src="../../assets/js/essay-typing.js"></script...']
[2026-08-17 21:27:25 UTC]   MISSING docs/writing/task2/107-3-2-discuss-both-views.html: ['<script defer src="../../assets/js/read-tracker.js"></script...', '<script defer src="../../assets/js/essay-typing.js"></script...']
[2026-08-17 21:27:25 UTC]   MISSING docs/writing/task2/108-3-2-agree-disagree.html: ['<script defer src="../../assets/js/read-tracker.js"></script...', '<script defer src="../../assets/js/essay-typing.js"></script...']
[2026-08-17 21:27:25 UTC]   MISSING docs/writing/task2/109-3-2-agree-disagree.html: ['<script defer src="../../assets/js/read-tracker.js"></script...', '<script defer src="../../assets/js/essay-typing.js"></script...']
[2026-08-17 21:27:25 UTC]   MISSING docs/writing/task2/11-07-personal-skill.html: ['<script defer src="../../assets/js/read-tracker.js"></script...', '<script defer src="../../assets/js/essay-typing.js"></script...']
[2026-08-17 21:27:25 UTC]   MISSING docs/writing/task2/110-3-2-discuss-both-views.html: ['<script defer src="../../assets/js/read-tracker.js"></script...', '<script defer src="../../assets/js/essay-typing.js"></script...']
[2026-08-17 21:27:25 UTC]   MISSING docs/writing/task2/111-3-2-agree-disagree.html: ['<script defer src="../../assets/js/read-tracker.js"></script...', '<script defer src="../../assets/js/essay-typing.js"></script...']
[2026-08-17 21:27:25 UTC]   MISSING docs/writing/task2/112-3-2-agree-disagree.html: ['<script defer src="../../assets/js/read-tracker.js"></script...', '<script defer src="../../assets/js/essay-typing.js"></script...']
[2026-08-17 21:27:25 UTC]   MISSING docs/writing/task2/113-3-2-advantage-disadvantage.html: ['<script defer src="../../assets/js/read-tracker.js"></script...', '<script defer src="../../assets/js/essay-typing.js"></script...']
[2026-08-17 21:27:25 UTC]   MISSING docs/writing/task2/114-3-2-discuss-both-views.html: ['<script defer src="../../assets/js/read-tracker.js"></script...', '<script defer src="../../assets/js/essay-typing.js"></script...']
[2026-08-17 21:27:25 UTC]   MISSING docs/writing/task2/115-3-2-problem-solution.html: ['<script defer src="../../assets/js/read-tracker.js"></script...', '<script defer src="../../assets/js/essay-typing.js"></script...']
[2026-08-17 21:27:25 UTC]   MISSING docs/writing/task2/116-3-2-agree-disagree.html: ['<script defer src="../../assets/js/read-tracker.js"></script...', '<script defer src="../../assets/js/essay-typing.js"></script...']
[2026-08-17 21:27:25 UTC]   MISSING docs/writing/task2/117-3-2-discuss-both-views.html: ['<script defer src="../../assets/js/read-tracker.js"></script...', '<script defer src="../../assets/js/essay-typing.js"></script...']
[2026-08-17 21:27:25 UTC]   MISSING docs/writing/task2/118-3-2-discuss-both-views.html: ['<script defer src="../../assets/js/read-tracker.js"></script...', '<script defer src="../../assets/js/essay-typing.js"></script...']
[2026-08-17 21:27:25 UTC]   MISSING docs/writing/task2/119-3-2-agree-disagree.html: ['<script defer src="../../assets/js/read-tracker.js"></script...', '<script defer src="../../assets/js/essay-typing.js"></script...']
[2026-08-17 21:27:25 UTC]   MISSING docs/writing/task2/12-08-work-env.html: ['<script defer src="../../assets/js/read-tracker.js"></script...', '<script defer src="../../assets/js/essay-typing.js"></script...']
[2026-08-17 21:27:25 UTC]   MISSING docs/writing/task2/120-3-4-agree-disagree.html: ['<script defer src="../../assets/js/read-tracker.js"></script...', '<script defer src="../../assets/js/essay-typing.js"></script...']
[2026-08-17 21:27:25 UTC]   MISSING docs/writing/task2/121-3-4-agree-disagree.html: ['<script defer src="../../assets/js/read-tracker.js"></script...', '<script defer src="../../assets/js/essay-typing.js"></script...']
[2026-08-17 21:27:25 UTC]   MISSING docs/writing/task2/122-3-3-two-questions.html: ['<script defer src="../../assets/js/read-tracker.js"></script...', '<script defer src="../../assets/js/essay-typing.js"></script...']
[2026-08-17 21:27:25 UTC]   MISSING docs/writing/task2/123-3-3-positive-negative.html: ['<script defer src="../../assets/js/read-tracker.js"></script...', '<script defer src="../../assets/js/essay-typing.js"></script...']
[2026-08-17 21:27:25 UTC]   MISSING docs/writing/task2/124-3-3-problem-solution.html: ['<script defer src="../../assets/js/read-tracker.js"></script...', '<script defer src="../../assets/js/essay-typing.js"></script...']
[2026-08-17 21:27:25 UTC]   MISSING docs/writing/task2/125-3-3-problem-solution.html: ['<script defer src="../../assets/js/read-tracker.js"></script...', '<script defer src="../../assets/js/essay-typing.js"></script...']
[2026-08-17 21:27:25 UTC]   MISSING docs/writing/task2/126-3-3-two-questions.html: ['<script defer src="../../assets/js/read-tracker.js"></script...', '<script defer src="../../assets/js/essay-typing.js"></script...']
[2026-08-17 21:27:25 UTC]   MISSING docs/writing/task2/127-3-3-advantage-disadvantage.html: ['<script defer src="../../assets/js/read-tracker.js"></script...', '<script defer src="../../assets/js/essay-typing.js"></script...']
[2026-08-17 21:27:25 UTC]   MISSING docs/writing/task2/128-3-4-agree-disagree.html: ['<script defer src="../../assets/js/read-tracker.js"></script...', '<script defer src="../../assets/js/essay-typing.js"></script...']
[2026-08-17 21:27:25 UTC]   MISSING docs/writing/task2/129-3-4-problem-solution.html: ['<script defer src="../../assets/js/read-tracker.js"></script...', '<script defer src="../../assets/js/essay-typing.js"></script...']
[2026-08-17 21:27:25 UTC]   MISSING docs/writing/task2/13-09-job-types.html: ['<script defer src="../../assets/js/read-tracker.js"></script...', '<script defer src="../../assets/js/essay-typing.js"></script...']
[2026-08-17 21:27:25 UTC]   MISSING docs/writing/task2/130-3-4-agree-disagree.html: ['<script defer src="../../assets/js/read-tracker.js"></script...', '<script defer src="../../assets/js/essay-typing.js"></script...']
[2026-08-17 21:27:25 UTC]   MISSING docs/writing/task2/131-3-4-agree-disagree.html: ['<script defer src="../../assets/js/read-tracker.js"></script...', '<script defer src="../../assets/js/essay-typing.js"></script...']
[2026-08-17 21:27:25 UTC]   MISSING docs/writing/task2/132-3-4-advantage-disadvantage.html: ['<script defer src="../../assets/js/read-tracker.js"></script...', '<script defer src="../../assets/js/essay-typing.js"></script...']
[2026-08-17 21:27:25 UTC]   MISSING docs/writing/task2/133-3-4-advantage-disadvantage.html: ['<script defer src="../../assets/js/read-tracker.js"></script...', '<script defer src="../../assets/js/essay-typing.js"></script...']
[2026-08-17 21:27:25 UTC]   MISSING docs/writing/task2/134-3-4-two-questions.html: ['<script defer src="../../assets/js/read-tracker.js"></script...', '<script defer src="../../assets/js/essay-typing.js"></script...']
[2026-08-17 21:27:25 UTC]   MISSING docs/writing/task2/135-3-4-two-questions.html: ['<script defer src="../../assets/js/read-tracker.js"></script...', '<script defer src="../../assets/js/essay-typing.js"></script...']
[2026-08-17 21:27:25 UTC]   MISSING docs/writing/task2/136-3-4-agree-disagree.html: ['<script defer src="../../assets/js/read-tracker.js"></script...', '<script defer src="../../assets/js/essay-typing.js"></script...']
[2026-08-17 21:27:25 UTC]   MISSING docs/writing/task2/137-3-4-two-questions.html: ['<script defer src="../../assets/js/read-tracker.js"></script...', '<script defer src="../../assets/js/essay-typing.js"></script...']
[2026-08-17 21:27:25 UTC]   MISSING docs/writing/task2/138-3-5-agree-disagree.html: ['<script defer src="../../assets/js/read-tracker.js"></script...', '<script defer src="../../assets/js/essay-typing.js"></script...']
[2026-08-17 21:27:25 UTC]   MISSING docs/writing/task2/139-3-5-discuss-both-views.html: ['<script defer src="../../assets/js/read-tracker.js"></script...', '<script defer src="../../assets/js/essay-typing.js"></script...']
[2026-08-17 21:27:25 UTC]   MISSING docs/writing/task2/14-10-work-life-balance.html: ['<script defer src="../../assets/js/read-tracker.js"></script...', '<script defer src="../../assets/js/essay-typing.js"></script...']
[2026-08-17 21:27:25 UTC]   MISSING docs/writing/task2/140-3-5-discuss-both-views.html: ['<script defer src="../../assets/js/read-tracker.js"></script...', '<script defer src="../../assets/js/essay-typing.js"></script...']
[2026-08-17 21:27:25 UTC]   MISSING docs/writing/task2/141-3-5-agree-disagree.html: ['<script defer src="../../assets/js/read-tracker.js"></script...', '<script defer src="../../assets/js/essay-typing.js"></script...']
[2026-08-17 21:27:25 UTC]   MISSING docs/writing/task2/142-3-5-problem-solution.html: ['<script defer src="../../assets/js/read-tracker.js"></script...', '<script defer src="../../assets/js/essay-typing.js"></script...']
[2026-08-17 21:27:25 UTC]   MISSING docs/writing/task2/143-3-5-discuss-both-views.html: ['<script defer src="../../assets/js/read-tracker.js"></script...', '<script defer src="../../assets/js/essay-typing.js"></script...']
[2026-08-17 21:27:25 UTC]   MISSING docs/writing/task2/144-3-5-agree-disagree.html: ['<script defer src="../../assets/js/read-tracker.js"></script...', '<script defer src="../../assets/js/essay-typing.js"></script...']
[2026-08-17 21:27:25 UTC]   MISSING docs/writing/task2/145-3-5-discuss-both-views.html: ['<script defer src="../../assets/js/read-tracker.js"></script...', '<script defer src="../../assets/js/essay-typing.js"></script...']
[2026-08-17 21:27:25 UTC]   MISSING docs/writing/task2/146-3-5-discuss-both-views.html: ['<script defer src="../../assets/js/read-tracker.js"></script...', '<script defer src="../../assets/js/essay-typing.js"></script...']
[2026-08-17 21:27:25 UTC]   MISSING docs/writing/task2/147-3-5-problem-solution.html: ['<script defer src="../../assets/js/read-tracker.js"></script...', '<script defer src="../../assets/js/essay-typing.js"></script...']
[2026-08-17 21:27:25 UTC]   MISSING docs/writing/task2/148-3-5-discuss-both-views.html: ['<script defer src="../../assets/js/read-tracker.js"></script...', '<script defer src="../../assets/js/essay-typing.js"></script...']
[2026-08-17 21:27:25 UTC]   MISSING docs/writing/task2/149-3-5-discuss-both-views.html: ['<script defer src="../../assets/js/read-tracker.js"></script...', '<script defer src="../../assets/js/essay-typing.js"></script...']
[2026-08-17 21:27:25 UTC]   MISSING docs/writing/task2/15-11-urbanisation.html: ['<script defer src="../../assets/js/read-tracker.js"></script...', '<script defer src="../../assets/js/essay-typing.js"></script...']
[2026-08-17 21:27:25 UTC]   MISSING docs/writing/task2/150-3-5-agree-disagree.html: ['<script defer src="../../assets/js/read-tracker.js"></script...', '<script defer src="../../assets/js/essay-typing.js"></script...']
[2026-08-17 21:27:25 UTC]   MISSING docs/writing/task2/151-3-5-discuss-both-views.html: ['<script defer src="../../assets/js/read-tracker.js"></script...', '<script defer src="../../assets/js/essay-typing.js"></script...']
[2026-08-17 21:27:25 UTC]   MISSING docs/writing/task2/152-3-5-advantage-disadvantage.html: ['<script defer src="../../assets/js/read-tracker.js"></script...', '<script defer src="../../assets/js/essay-typing.js"></script...']
[2026-08-17 21:27:25 UTC]   MISSING docs/writing/task2/153-3-5-opinion.html: ['<script defer src="../../assets/js/read-tracker.js"></script...', '<script defer src="../../assets/js/essay-typing.js"></script...']
[2026-08-17 21:27:25 UTC]   MISSING docs/writing/task2/154-3-5-agree-disagree.html: ['<script defer src="../../assets/js/read-tracker.js"></script...', '<script defer src="../../assets/js/essay-typing.js"></script...']
[2026-08-17 21:27:25 UTC]   MISSING docs/writing/task2/155-3-6-problem-solution.html: ['<script defer src="../../assets/js/read-tracker.js"></script...', '<script defer src="../../assets/js/essay-typing.js"></script...']
[2026-08-17 21:27:25 UTC]   MISSING docs/writing/task2/156-3-6-problem-solution.html: ['<script defer src="../../assets/js/read-tracker.js"></script...', '<script defer src="../../assets/js/essay-typing.js"></script...']
[2026-08-17 21:27:25 UTC]   MISSING docs/writing/task2/157-3-6-problem-solution.html: ['<script defer src="../../assets/js/read-tracker.js"></script...', '<script defer src="../../assets/js/essay-typing.js"></script...']
[2026-08-17 21:27:25 UTC]   MISSING docs/writing/task2/158-3-6-problem-solution.html: ['<script defer src="../../assets/js/read-tracker.js"></script...', '<script defer src="../../assets/js/essay-typing.js"></script...']
[2026-08-17 21:27:25 UTC]   MISSING docs/writing/task2/159-3-6-problem-solution.html: ['<script defer src="../../assets/js/read-tracker.js"></script...', '<script defer src="../../assets/js/essay-typing.js"></script...']
[2026-08-17 21:27:25 UTC]   MISSING docs/writing/task2/16-12-culture.html: ['<script defer src="../../assets/js/read-tracker.js"></script...', '<script defer src="../../assets/js/essay-typing.js"></script...']
[2026-08-17 21:27:25 UTC]   MISSING docs/writing/task2/160-3-6-problem-solution.html: ['<script defer src="../../assets/js/read-tracker.js"></script...', '<script defer src="../../assets/js/essay-typing.js"></script...']
[2026-08-17 21:27:25 UTC]   MISSING docs/writing/task2/161-3-6-problem-solution.html: ['<script defer src="../../assets/js/read-tracker.js"></script...', '<script defer src="../../assets/js/essay-typing.js"></script...']
[2026-08-17 21:27:25 UTC]   MISSING docs/writing/task2/162-3-6-problem-solution.html: ['<script defer src="../../assets/js/read-tracker.js"></script...', '<script defer src="../../assets/js/essay-typing.js"></script...']
[2026-08-17 21:27:25 UTC]   MISSING docs/writing/task2/163-3-6-two-questions.html: ['<script defer src="../../assets/js/read-tracker.js"></script...', '<script defer src="../../assets/js/essay-typing.js"></script...']
[2026-08-17 21:27:25 UTC]   MISSING docs/writing/task2/164-3-6-problem-solution.html: ['<script defer src="../../assets/js/read-tracker.js"></script...', '<script defer src="../../assets/js/essay-typing.js"></script...']
[2026-08-17 21:27:25 UTC]   MISSING docs/writing/task2/165-3-6-problem-solution.html: ['<script defer src="../../assets/js/read-tracker.js"></script...', '<script defer src="../../assets/js/essay-typing.js"></script...']
[2026-08-17 21:27:25 UTC]   MISSING docs/writing/task2/166-3-6-two-questions.html: ['<script defer src="../../assets/js/read-tracker.js"></script...', '<script defer src="../../assets/js/essay-typing.js"></script...']
[2026-08-17 21:27:25 UTC]   MISSING docs/writing/task2/167-3-6-two-questions.html: ['<script defer src="../../assets/js/read-tracker.js"></script...', '<script defer src="../../assets/js/essay-typing.js"></script...']
[2026-08-17 21:27:25 UTC]   MISSING docs/writing/task2/168-3-6-problem-solution.html: ['<script defer src="../../assets/js/read-tracker.js"></script...', '<script defer src="../../assets/js/essay-typing.js"></script...']
[2026-08-17 21:27:25 UTC]   MISSING docs/writing/task2/169-3-6-problem-solution.html: ['<script defer src="../../assets/js/read-tracker.js"></script...', '<script defer src="../../assets/js/essay-typing.js"></script...']
[2026-08-17 21:27:25 UTC]   MISSING docs/writing/task2/17-13-ageing.html: ['<script defer src="../../assets/js/read-tracker.js"></script...', '<script defer src="../../assets/js/essay-typing.js"></script...']
[2026-08-17 21:27:25 UTC]   MISSING docs/writing/task2/170-3-7-positive-negative.html: ['<script defer src="../../assets/js/read-tracker.js"></script...', '<script defer src="../../assets/js/essay-typing.js"></script...']
[2026-08-17 21:27:25 UTC]   MISSING docs/writing/task2/171-3-8-agree-disagree.html: ['<script defer src="../../assets/js/read-tracker.js"></script...', '<script defer src="../../assets/js/essay-typing.js"></script...']
[2026-08-17 21:27:25 UTC]   MISSING docs/writing/task2/172-3-8-advantage-disadvantage.html: ['<script defer src="../../assets/js/read-tracker.js"></script...', '<script defer src="../../assets/js/essay-typing.js"></script...']
[2026-08-17 21:27:25 UTC]   MISSING docs/writing/task2/173-3-8-advantage-disadvantage.html: ['<script defer src="../../assets/js/read-tracker.js"></script...', '<script defer src="../../assets/js/essay-typing.js"></script...']
[2026-08-17 21:27:25 UTC]   MISSING docs/writing/task2/174-3-8-agree-disagree.html: ['<script defer src="../../assets/js/read-tracker.js"></script...', '<script defer src="../../assets/js/essay-typing.js"></script...']
[2026-08-17 21:27:25 UTC]   MISSING docs/writing/task2/175-3-9-agree-disagree.html: ['<script defer src="../../assets/js/read-tracker.js"></script...', '<script defer src="../../assets/js/essay-typing.js"></script...']
[2026-08-17 21:27:25 UTC]   MISSING docs/writing/task2/176-3-10-agree-disagree.html: ['<script defer src="../../assets/js/read-tracker.js"></script...', '<script defer src="../../assets/js/essay-typing.js"></script...']
[2026-08-17 21:27:25 UTC]   MISSING docs/writing/task2/177-4-1-agree-disagree.html: ['<script defer src="../../assets/js/read-tracker.js"></script...', '<script defer src="../../assets/js/essay-typing.js"></script...']
[2026-08-17 21:27:25 UTC]   MISSING docs/writing/task2/178-4-1-agree-disagree.html: ['<script defer src="../../assets/js/read-tracker.js"></script...', '<script defer src="../../assets/js/essay-typing.js"></script...']
[2026-08-17 21:27:25 UTC]   MISSING docs/writing/task2/179-4-1-discuss-both-views.html: ['<script defer src="../../assets/js/read-tracker.js"></script...', '<script defer src="../../assets/js/essay-typing.js"></script...']
[2026-08-17 21:27:25 UTC]   MISSING docs/writing/task2/18-14-transport.html: ['<script defer src="../../assets/js/read-tracker.js"></script...', '<script defer src="../../assets/js/essay-typing.js"></script...']
[2026-08-17 21:27:25 UTC]   MISSING docs/writing/task2/180-4-1-agree-disagree.html: ['<script defer src="../../assets/js/read-tracker.js"></script...', '<script defer src="../../assets/js/essay-typing.js"></script...']
[2026-08-17 21:27:25 UTC]   MISSING docs/writing/task2/181-4-2-problem-solution.html: ['<script defer src="../../assets/js/read-tracker.js"></script...', '<script defer src="../../assets/js/essay-typing.js"></script...']
[2026-08-17 21:27:25 UTC]   MISSING docs/writing/task2/182-4-3-problem-solution.html: ['<script defer src="../../assets/js/read-tracker.js"></script...', '<script defer src="../../assets/js/essay-typing.js"></script...']
[2026-08-17 21:27:25 UTC]   MISSING docs/writing/task2/183-4-3-agree-disagree.html: ['<script defer src="../../assets/js/read-tracker.js"></script...', '<script defer src="../../assets/js/essay-typing.js"></script...']
[2026-08-17 21:27:25 UTC]   MISSING docs/writing/task2/184-4-4-problem-solution.html: ['<script defer src="../../assets/js/read-tracker.js"></script...', '<script defer src="../../assets/js/essay-typing.js"></script...']
[2026-08-17 21:27:25 UTC]   MISSING docs/writing/task2/185-4-4-problem-solution.html: ['<script defer src="../../assets/js/read-tracker.js"></script...', '<script defer src="../../assets/js/essay-typing.js"></script...']
[2026-08-17 21:27:25 UTC]   MISSING docs/writing/task2/186-4-4-advantage-disadvantage.html: ['<script defer src="../../assets/js/read-tracker.js"></script...', '<script defer src="../../assets/js/essay-typing.js"></script...']
[2026-08-17 21:27:25 UTC]   MISSING docs/writing/task2/187-4-4-discuss-both-views.html: ['<script defer src="../../assets/js/read-tracker.js"></script...', '<script defer src="../../assets/js/essay-typing.js"></script...']
[2026-08-17 21:27:25 UTC]   MISSING docs/writing/task2/188-4-4-agree-disagree.html: ['<script defer src="../../assets/js/read-tracker.js"></script...', '<script defer src="../../assets/js/essay-typing.js"></script...']
[2026-08-17 21:27:25 UTC]   MISSING docs/writing/task2/189-4-4-advantage-disadvantage.html: ['<script defer src="../../assets/js/read-tracker.js"></script...', '<script defer src="../../assets/js/essay-typing.js"></script...']
[2026-08-17 21:27:25 UTC]   MISSING docs/writing/task2/19-15-values-compare.html: ['<script defer src="../../assets/js/read-tracker.js"></script...', '<script defer src="../../assets/js/essay-typing.js"></script...']
[2026-08-17 21:27:25 UTC]   MISSING docs/writing/task2/190-4-5-problem-solution.html: ['<script defer src="../../assets/js/read-tracker.js"></script...', '<script defer src="../../assets/js/essay-typing.js"></script...']
[2026-08-17 21:27:25 UTC]   MISSING docs/writing/task2/191-4-6-problem-solution.html: ['<script defer src="../../assets/js/read-tracker.js"></script...', '<script defer src="../../assets/js/essay-typing.js"></script...']
[2026-08-17 21:27:25 UTC]   MISSING docs/writing/task2/192-4-6-two-questions.html: ['<script defer src="../../assets/js/read-tracker.js"></script...', '<script defer src="../../assets/js/essay-typing.js"></script...']
[2026-08-17 21:27:25 UTC]   MISSING docs/writing/task2/193-4-7-agree-disagree.html: ['<script defer src="../../assets/js/read-tracker.js"></script...', '<script defer src="../../assets/js/essay-typing.js"></script...']
[2026-08-17 21:27:25 UTC]   MISSING docs/writing/task2/194-4-7-discuss-both-views.html: ['<script defer src="../../assets/js/read-tracker.js"></script...', '<script defer src="../../assets/js/essay-typing.js"></script...']
[2026-08-17 21:27:25 UTC]   MISSING docs/writing/task2/195-4-7-agree-disagree.html: ['<script defer src="../../assets/js/read-tracker.js"></script...', '<script defer src="../../assets/js/essay-typing.js"></script...']
[2026-08-17 21:27:25 UTC]   MISSING docs/writing/task2/196-5-1-agree-disagree.html: ['<script defer src="../../assets/js/read-tracker.js"></script...', '<script defer src="../../assets/js/essay-typing.js"></script...']
[2026-08-17 21:27:25 UTC]   MISSING docs/writing/task2/197-5-1-agree-disagree.html: ['<script defer src="../../assets/js/read-tracker.js"></script...', '<script defer src="../../assets/js/essay-typing.js"></script...']
[2026-08-17 21:27:25 UTC]   MISSING docs/writing/task2/198-5-1-agree-disagree.html: ['<script defer src="../../assets/js/read-tracker.js"></script...', '<script defer src="../../assets/js/essay-typing.js"></script...']
[2026-08-17 21:27:25 UTC]   MISSING docs/writing/task2/199-5-1-agree-disagree.html: ['<script defer src="../../assets/js/read-tracker.js"></script...', '<script defer src="../../assets/js/essay-typing.js"></script...']
[2026-08-17 21:27:25 UTC]   MISSING docs/writing/task2/20-16-social-phenomenon.html: ['<script defer src="../../assets/js/read-tracker.js"></script...', '<script defer src="../../assets/js/essay-typing.js"></script...']
[2026-08-17 21:27:25 UTC]   MISSING docs/writing/task2/200-5-1-discuss-both-views.html: ['<script defer src="../../assets/js/read-tracker.js"></script...', '<script defer src="../../assets/js/essay-typing.js"></script...']
[2026-08-17 21:27:25 UTC]   MISSING docs/writing/task2/201-5-1-discuss-both-views.html: ['<script defer src="../../assets/js/read-tracker.js"></script...', '<script defer src="../../assets/js/essay-typing.js"></script...']
[2026-08-17 21:27:25 UTC]   MISSING docs/writing/task2/202-5-1-opinion.html: ['<script defer src="../../assets/js/read-tracker.js"></script...', '<script defer src="../../assets/js/essay-typing.js"></script...']
[2026-08-17 21:27:25 UTC]   MISSING docs/writing/task2/203-5-1-agree-disagree.html: ['<script defer src="../../assets/js/read-tracker.js"></script...', '<script defer src="../../assets/js/essay-typing.js"></script...']
[2026-08-17 21:27:25 UTC]   MISSING docs/writing/task2/204-5-1-agree-disagree.html: ['<script defer src="../../assets/js/read-tracker.js"></script...', '<script defer src="../../assets/js/essay-typing.js"></script...']
[2026-08-17 21:27:25 UTC]   MISSING docs/writing/task2/205-5-1-agree-disagree.html: ['<script defer src="../../assets/js/read-tracker.js"></script...', '<script defer src="../../assets/js/essay-typing.js"></script...']
[2026-08-17 21:27:25 UTC]   MISSING docs/writing/task2/206-5-1-positive-negative.html: ['<script defer src="../../assets/js/read-tracker.js"></script...', '<script defer src="../../assets/js/essay-typing.js"></script...']
[2026-08-17 21:27:25 UTC]   MISSING docs/writing/task2/207-5-1-discuss-both-views.html: ['<script defer src="../../assets/js/read-tracker.js"></script...', '<script defer src="../../assets/js/essay-typing.js"></script...']
[2026-08-17 21:27:25 UTC]   MISSING docs/writing/task2/208-5-1-advantage-disadvantage.html: ['<script defer src="../../assets/js/read-tracker.js"></script...', '<script defer src="../../assets/js/essay-typing.js"></script...']
[2026-08-17 21:27:25 UTC]   MISSING docs/writing/task2/209-5-1-discuss-both-views.html: ['<script defer src="../../assets/js/read-tracker.js"></script...', '<script defer src="../../assets/js/essay-typing.js"></script...']
[2026-08-17 21:27:25 UTC]   MISSING docs/writing/task2/21-17-privacy.html: ['<script defer src="../../assets/js/read-tracker.js"></script...', '<script defer src="../../assets/js/essay-typing.js"></script...']
[2026-08-17 21:27:25 UTC]   MISSING docs/writing/task2/210-5-2-agree-disagree.html: ['<script defer src="../../assets/js/read-tracker.js"></script...', '<script defer src="../../assets/js/essay-typing.js"></script...']
[2026-08-17 21:27:25 UTC]   MISSING docs/writing/task2/211-5-2-problem-solution.html: ['<script defer src="../../assets/js/read-tracker.js"></script...', '<script defer src="../../assets/js/essay-typing.js"></script...']
[2026-08-17 21:27:25 UTC]   MISSING docs/writing/task2/212-5-2-agree-disagree.html: ['<script defer src="../../assets/js/read-tracker.js"></script...', '<script defer src="../../assets/js/essay-typing.js"></script...']
[2026-08-17 21:27:25 UTC]   MISSING docs/writing/task2/213-5-2-problem-solution.html: ['<script defer src="../../assets/js/read-tracker.js"></script...', '<script defer src="../../assets/js/essay-typing.js"></script...']
[2026-08-17 21:27:25 UTC]   MISSING docs/writing/task2/214-5-2-advantage-disadvantage.html: ['<script defer src="../../assets/js/read-tracker.js"></script...', '<script defer src="../../assets/js/essay-typing.js"></script...']
[2026-08-17 21:27:25 UTC]   MISSING docs/writing/task2/215-5-2-agree-disagree.html: ['<script defer src="../../assets/js/read-tracker.js"></script...', '<script defer src="../../assets/js/essay-typing.js"></script...']
[2026-08-17 21:27:25 UTC]   MISSING docs/writing/task2/216-6-1-agree-disagree.html: ['<script defer src="../../assets/js/read-tracker.js"></script...', '<script defer src="../../assets/js/essay-typing.js"></script...']
[2026-08-17 21:27:25 UTC]   MISSING docs/writing/task2/217-6-1-discuss-both-views.html: ['<script defer src="../../assets/js/read-tracker.js"></script...', '<script defer src="../../assets/js/essay-typing.js"></script...']
[2026-08-17 21:27:25 UTC]   MISSING docs/writing/task2/218-6-1-positive-negative.html: ['<script defer src="../../assets/js/read-tracker.js"></script...', '<script defer src="../../assets/js/essay-typing.js"></script...']
[2026-08-17 21:27:25 UTC]   MISSING docs/writing/task2/219-6-1-advantage-disadvantage.html: ['<script defer src="../../assets/js/read-tracker.js"></script...', '<script defer src="../../assets/js/essay-typing.js"></script...']
[2026-08-17 21:27:25 UTC]   MISSING docs/writing/task2/22-18-life-change.html: ['<script defer src="../../assets/js/read-tracker.js"></script...', '<script defer src="../../assets/js/essay-typing.js"></script...']
[2026-08-17 21:27:25 UTC]   MISSING docs/writing/task2/220-6-1-advantage-disadvantage.html: ['<script defer src="../../assets/js/read-tracker.js"></script...', '<script defer src="../../assets/js/essay-typing.js"></script...']
[2026-08-17 21:27:25 UTC]   MISSING docs/writing/task2/221-6-1-positive-negative.html: ['<script defer src="../../assets/js/read-tracker.js"></script...', '<script defer src="../../assets/js/essay-typing.js"></script...']
[2026-08-17 21:27:25 UTC]   MISSING docs/writing/task2/222-6-1-agree-disagree.html: ['<script defer src="../../assets/js/read-tracker.js"></script...', '<script defer src="../../assets/js/essay-typing.js"></script...']
[2026-08-17 21:27:25 UTC]   MISSING docs/writing/task2/223-6-1-agree-disagree.html: ['<script defer src="../../assets/js/read-tracker.js"></script...', '<script defer src="../../assets/js/essay-typing.js"></script...']
[2026-08-17 21:27:25 UTC]   MISSING docs/writing/task2/224-6-1-discuss-both-views.html: ['<script defer src="../../assets/js/read-tracker.js"></script...', '<script defer src="../../assets/js/essay-typing.js"></script...']
[2026-08-17 21:27:25 UTC]   MISSING docs/writing/task2/225-6-1-discuss-both-views.html: ['<script defer src="../../assets/js/read-tracker.js"></script...', '<script defer src="../../assets/js/essay-typing.js"></script...']
[2026-08-17 21:27:25 UTC]   MISSING docs/writing/task2/226-6-1-agree-disagree.html: ['<script defer src="../../assets/js/read-tracker.js"></script...', '<script defer src="../../assets/js/essay-typing.js"></script...']
[2026-08-17 21:27:25 UTC]   MISSING docs/writing/task2/227-6-1-discuss-both-views.html: ['<script defer src="../../assets/js/read-tracker.js"></script...', '<script defer src="../../assets/js/essay-typing.js"></script...']
[2026-08-17 21:27:25 UTC]   MISSING docs/writing/task2/228-6-1-discuss-both-views.html: ['<script defer src="../../assets/js/read-tracker.js"></script...', '<script defer src="../../assets/js/essay-typing.js"></script...']
[2026-08-17 21:27:25 UTC]   MISSING docs/writing/task2/229-6-1-agree-disagree.html: ['<script defer src="../../assets/js/read-tracker.js"></script...', '<script defer src="../../assets/js/essay-typing.js"></script...']
[2026-08-17 21:27:25 UTC]   MISSING docs/writing/task2/23-19-gender.html: ['<script defer src="../../assets/js/read-tracker.js"></script...', '<script defer src="../../assets/js/essay-typing.js"></script...']
[2026-08-17 21:27:25 UTC]   MISSING docs/writing/task2/230-6-1-discuss-both-views.html: ['<script defer src="../../assets/js/read-tracker.js"></script...', '<script defer src="../../assets/js/essay-typing.js"></script...']
[2026-08-17 21:27:25 UTC]   MISSING docs/writing/task2/231-6-1-discuss-both-views.html: ['<script defer src="../../assets/js/read-tracker.js"></script...', '<script defer src="../../assets/js/essay-typing.js"></script...']
[2026-08-17 21:27:25 UTC]   MISSING docs/writing/task2/232-6-1-agree-disagree.html: ['<script defer src="../../assets/js/read-tracker.js"></script...', '<script defer src="../../assets/js/essay-typing.js"></script...']
[2026-08-17 21:27:25 UTC]   MISSING docs/writing/task2/233-6-1-two-questions.html: ['<script defer src="../../assets/js/read-tracker.js"></script...', '<script defer src="../../assets/js/essay-typing.js"></script...']
[2026-08-17 21:27:25 UTC]   MISSING docs/writing/task2/234-6-2-discuss-both-views.html: ['<script defer src="../../assets/js/read-tracker.js"></script...', '<script defer src="../../assets/js/essay-typing.js"></script...']
[2026-08-17 21:27:25 UTC]   MISSING docs/writing/task2/235-6-2-agree-disagree.html: ['<script defer src="../../assets/js/read-tracker.js"></script...', '<script defer src="../../assets/js/essay-typing.js"></script...']
[2026-08-17 21:27:25 UTC]   MISSING docs/writing/task2/236-6-2-problem-solution.html: ['<script defer src="../../assets/js/read-tracker.js"></script...', '<script defer src="../../assets/js/essay-typing.js"></script...']
[2026-08-17 21:27:25 UTC]   MISSING docs/writing/task2/237-6-2-discuss-both-views.html: ['<script defer src="../../assets/js/read-tracker.js"></script...', '<script defer src="../../assets/js/essay-typing.js"></script...']
[2026-08-17 21:27:25 UTC]   MISSING docs/writing/task2/238-6-2-problem-solution.html: ['<script defer src="../../assets/js/read-tracker.js"></script...', '<script defer src="../../assets/js/essay-typing.js"></script...']
[2026-08-17 21:27:25 UTC]   MISSING docs/writing/task2/239-7-1-problem-solution.html: ['<script defer src="../../assets/js/read-tracker.js"></script...', '<script defer src="../../assets/js/essay-typing.js"></script...']
[2026-08-17 21:27:25 UTC]   MISSING docs/writing/task2/24-20-civility.html: ['<script defer src="../../assets/js/read-tracker.js"></script...', '<script defer src="../../assets/js/essay-typing.js"></script...']
[2026-08-17 21:27:25 UTC]   MISSING docs/writing/task2/240-7-1-agree-disagree.html: ['<script defer src="../../assets/js/read-tracker.js"></script...', '<script defer src="../../assets/js/essay-typing.js"></script...']
[2026-08-17 21:27:25 UTC]   MISSING docs/writing/task2/241-7-1-discuss-both-views.html: ['<script defer src="../../assets/js/read-tracker.js"></script...', '<script defer src="../../assets/js/essay-typing.js"></script...']
[2026-08-17 21:27:25 UTC]   MISSING docs/writing/task2/242-7-1-agree-disagree.html: ['<script defer src="../../assets/js/read-tracker.js"></script...', '<script defer src="../../assets/js/essay-typing.js"></script...']
[2026-08-17 21:27:25 UTC]   MISSING docs/writing/task2/243-7-1-agree-disagree.html: ['<script defer src="../../assets/js/read-tracker.js"></script...', '<script defer src="../../assets/js/essay-typing.js"></script...']
[2026-08-17 21:27:25 UTC]   MISSING docs/writing/task2/244-8-1-agree-disagree.html: ['<script defer src="../../assets/js/read-tracker.js"></script...', '<script defer src="../../assets/js/essay-typing.js"></script...']
[2026-08-17 21:27:25 UTC]   MISSING docs/writing/task2/245-8-1-positive-negative.html: ['<script defer src="../../assets/js/read-tracker.js"></script...', '<script defer src="../../assets/js/essay-typing.js"></script...']
[2026-08-17 21:27:25 UTC]   MISSING docs/writing/task2/246-8-1-agree-disagree.html: ['<script defer src="../../assets/js/read-tracker.js"></script...', '<script defer src="../../assets/js/essay-typing.js"></script...']
[2026-08-17 21:27:25 UTC]   MISSING docs/writing/task2/247-8-1-problem-solution.html: ['<script defer src="../../assets/js/read-tracker.js"></script...', '<script defer src="../../assets/js/essay-typing.js"></script...']
[2026-08-17 21:27:25 UTC]   MISSING docs/writing/task2/248-8-1-discuss-both-views.html: ['<script defer src="../../assets/js/read-tracker.js"></script...', '<script defer src="../../assets/js/essay-typing.js"></script...']
[2026-08-17 21:27:25 UTC]   MISSING docs/writing/task2/249-8-1-discuss-both-views.html: ['<script defer src="../../assets/js/read-tracker.js"></script...', '<script defer src="../../assets/js/essay-typing.js"></script...']
[2026-08-17 21:27:25 UTC]   MISSING docs/writing/task2/25-21-animal-protection.html: ['<script defer src="../../assets/js/read-tracker.js"></script...', '<script defer src="../../assets/js/essay-typing.js"></script...']
[2026-08-17 21:27:25 UTC]   MISSING docs/writing/task2/250-8-1-agree-disagree.html: ['<script defer src="../../assets/js/read-tracker.js"></script...', '<script defer src="../../assets/js/essay-typing.js"></script...']
[2026-08-17 21:27:25 UTC]   MISSING docs/writing/task2/251-8-1-discuss-both-views.html: ['<script defer src="../../assets/js/read-tracker.js"></script...', '<script defer src="../../assets/js/essay-typing.js"></script...']
[2026-08-17 21:27:25 UTC]   MISSING docs/writing/task2/252-8-1-two-questions.html: ['<script defer src="../../assets/js/read-tracker.js"></script...', '<script defer src="../../assets/js/essay-typing.js"></script...']
[2026-08-17 21:27:25 UTC]   MISSING docs/writing/task2/253-8-1-agree-disagree.html: ['<script defer src="../../assets/js/read-tracker.js"></script...', '<script defer src="../../assets/js/essay-typing.js"></script...']
[2026-08-17 21:27:25 UTC]   MISSING docs/writing/task2/254-8-1-agree-disagree.html: ['<script defer src="../../assets/js/read-tracker.js"></script...', '<script defer src="../../assets/js/essay-typing.js"></script...']
[2026-08-17 21:27:25 UTC]   MISSING docs/writing/task2/255-8-1-discuss-both-views.html: ['<script defer src="../../assets/js/read-tracker.js"></script...', '<script defer src="../../assets/js/essay-typing.js"></script...']
[2026-08-17 21:27:25 UTC]   MISSING docs/writing/task2/256-8-1-positive-negative.html: ['<script defer src="../../assets/js/read-tracker.js"></script...', '<script defer src="../../assets/js/essay-typing.js"></script...']
[2026-08-17 21:27:25 UTC]   MISSING docs/writing/task2/257-8-2-two-questions.html: ['<script defer src="../../assets/js/read-tracker.js"></script...', '<script defer src="../../assets/js/essay-typing.js"></script...']
[2026-08-17 21:27:25 UTC]   MISSING docs/writing/task2/258-8-2-discuss-both-views.html: ['<script defer src="../../assets/js/read-tracker.js"></script...', '<script defer src="../../assets/js/essay-typing.js"></script...']
[2026-08-17 21:27:25 UTC]   MISSING docs/writing/task2/259-8-2-two-questions.html: ['<script defer src="../../assets/js/read-tracker.js"></script...', '<script defer src="../../assets/js/essay-typing.js"></script...']
[2026-08-17 21:27:25 UTC]   MISSING docs/writing/task2/26-22-plastic.html: ['<script defer src="../../assets/js/read-tracker.js"></script...', '<script defer src="../../assets/js/essay-typing.js"></script...']
[2026-08-17 21:27:25 UTC]   MISSING docs/writing/task2/260-8-2-positive-negative.html: ['<script defer src="../../assets/js/read-tracker.js"></script...', '<script defer src="../../assets/js/essay-typing.js"></script...']
[2026-08-17 21:27:25 UTC]   MISSING docs/writing/task2/261-9-1-discuss-both-views.html: ['<script defer src="../../assets/js/read-tracker.js"></script...', '<script defer src="../../assets/js/essay-typing.js"></script...']
[2026-08-17 21:27:25 UTC]   MISSING docs/writing/task2/262-9-1-agree-disagree.html: ['<script defer src="../../assets/js/read-tracker.js"></script...', '<script defer src="../../assets/js/essay-typing.js"></script...']
[2026-08-17 21:27:25 UTC]   MISSING docs/writing/task2/263-9-1-agree-disagree.html: ['<script defer src="../../assets/js/read-tracker.js"></script...', '<script defer src="../../assets/js/essay-typing.js"></script...']
[2026-08-17 21:27:25 UTC]   MISSING docs/writing/task2/264-9-1-discuss-both-views.html: ['<script defer src="../../assets/js/read-tracker.js"></script...', '<script defer src="../../assets/js/essay-typing.js"></script...']
[2026-08-17 21:27:25 UTC]   MISSING docs/writing/task2/265-9-1-discuss-both-views.html: ['<script defer src="../../assets/js/read-tracker.js"></script...', '<script defer src="../../assets/js/essay-typing.js"></script...']
[2026-08-17 21:27:25 UTC]   MISSING docs/writing/task2/266-9-1-discuss-both-views.html: ['<script defer src="../../assets/js/read-tracker.js"></script...', '<script defer src="../../assets/js/essay-typing.js"></script...']
[2026-08-17 21:27:25 UTC]   MISSING docs/writing/task2/267-9-1-agree-disagree.html: ['<script defer src="../../assets/js/read-tracker.js"></script...', '<script defer src="../../assets/js/essay-typing.js"></script...']
[2026-08-17 21:27:25 UTC]   MISSING docs/writing/task2/268-9-1-discuss-both-views.html: ['<script defer src="../../assets/js/read-tracker.js"></script...', '<script defer src="../../assets/js/essay-typing.js"></script...']
[2026-08-17 21:27:25 UTC]   MISSING docs/writing/task2/269-9-1-agree-disagree.html: ['<script defer src="../../assets/js/read-tracker.js"></script...', '<script defer src="../../assets/js/essay-typing.js"></script...']
[2026-08-17 21:27:25 UTC]   MISSING docs/writing/task2/27-23-water.html: ['<script defer src="../../assets/js/read-tracker.js"></script...', '<script defer src="../../assets/js/essay-typing.js"></script...']
[2026-08-17 21:27:25 UTC]   MISSING docs/writing/task2/270-9-1-discuss-both-views.html: ['<script defer src="../../assets/js/read-tracker.js"></script...', '<script defer src="../../assets/js/essay-typing.js"></script...']
[2026-08-17 21:27:25 UTC]   MISSING docs/writing/task2/271-9-1-discuss-both-views.html: ['<script defer src="../../assets/js/read-tracker.js"></script...', '<script defer src="../../assets/js/essay-typing.js"></script...']
[2026-08-17 21:27:25 UTC]   MISSING docs/writing/task2/272-10-1-agree-disagree.html: ['<script defer src="../../assets/js/read-tracker.js"></script...', '<script defer src="../../assets/js/essay-typing.js"></script...']
[2026-08-17 21:27:25 UTC]   MISSING docs/writing/task2/273-10-1-problem-solution.html: ['<script defer src="../../assets/js/read-tracker.js"></script...', '<script defer src="../../assets/js/essay-typing.js"></script...']
[2026-08-17 21:27:25 UTC]   MISSING docs/writing/task2/274-10-1-problem-solution.html: ['<script defer src="../../assets/js/read-tracker.js"></script...', '<script defer src="../../assets/js/essay-typing.js"></script...']
[2026-08-17 21:27:25 UTC]   MISSING docs/writing/task2/275-10-1-agree-disagree.html: ['<script defer src="../../assets/js/read-tracker.js"></script...', '<script defer src="../../assets/js/essay-typing.js"></script...']
[2026-08-17 21:27:25 UTC]   MISSING docs/writing/task2/276-10-1-discuss-both-views.html: ['<script defer src="../../assets/js/read-tracker.js"></script...', '<script defer src="../../assets/js/essay-typing.js"></script...']
[2026-08-17 21:27:25 UTC]   MISSING docs/writing/task2/277-10-1-discuss-both-views.html: ['<script defer src="../../assets/js/read-tracker.js"></script...', '<script defer src="../../assets/js/essay-typing.js"></script...']
[2026-08-17 21:27:25 UTC]   MISSING docs/writing/task2/278-10-1-discuss-both-views.html: ['<script defer src="../../assets/js/read-tracker.js"></script...', '<script defer src="../../assets/js/essay-typing.js"></script...']
[2026-08-17 21:27:25 UTC]   MISSING docs/writing/task2/279-10-1-agree-disagree.html: ['<script defer src="../../assets/js/read-tracker.js"></script...', '<script defer src="../../assets/js/essay-typing.js"></script...']
[2026-08-17 21:27:25 UTC]   MISSING docs/writing/task2/28-24-noise-pollution.html: ['<script defer src="../../assets/js/read-tracker.js"></script...', '<script defer src="../../assets/js/essay-typing.js"></script...']
[2026-08-17 21:27:25 UTC]   MISSING docs/writing/task2/29-25-consumption-env.html: ['<script defer src="../../assets/js/read-tracker.js"></script...', '<script defer src="../../assets/js/essay-typing.js"></script...']
[2026-08-17 21:27:25 UTC]   MISSING docs/writing/task2/30-02-qual-meaning.html: ['<script defer src="../../assets/js/read-tracker.js"></script...', '<script defer src="../../assets/js/essay-typing.js"></script...']
[2026-08-17 21:27:25 UTC]   MISSING docs/writing/task2/31-03-education-method.html: ['<script defer src="../../assets/js/read-tracker.js"></script...', '<script defer src="../../assets/js/essay-typing.js"></script...']
[2026-08-17 21:27:25 UTC]   MISSING docs/writing/task2/32-27-technology.html: ['<script defer src="../../assets/js/read-tracker.js"></script...', '<script defer src="../../assets/js/essay-typing.js"></script...']
[2026-08-17 21:27:25 UTC]   MISSING docs/writing/task2/33-28-health.html: ['<script defer src="../../assets/js/read-tracker.js"></script...', '<script defer src="../../assets/js/essay-typing.js"></script...']
[2026-08-17 21:27:25 UTC]   MISSING docs/writing/task2/34-29-media.html: ['<script defer src="../../assets/js/read-tracker.js"></script...', '<script defer src="../../assets/js/essay-typing.js"></script...']
[2026-08-17 21:27:25 UTC]   MISSING docs/writing/task2/35-30-advertising.html: ['<script defer src="../../assets/js/read-tracker.js"></script...', '<script defer src="../../assets/js/essay-typing.js"></script...']
[2026-08-17 21:27:25 UTC]   MISSING docs/writing/task2/36-31-globalisation.html: ['<script defer src="../../assets/js/read-tracker.js"></script...', '<script defer src="../../assets/js/essay-typing.js"></script...']
[2026-08-17 21:27:25 UTC]   MISSING docs/writing/task2/37-32-travel.html: ['<script defer src="../../assets/js/read-tracker.js"></script...', '<script defer src="../../assets/js/essay-typing.js"></script...']
[2026-08-17 21:27:25 UTC]   MISSING docs/writing/task2/38-1-1-single-question.html: ['<script defer src="../../assets/js/read-tracker.js"></script...', '<script defer src="../../assets/js/essay-typing.js"></script...']
[2026-08-17 21:27:25 UTC]   MISSING docs/writing/task2/39-1-1-problem-solution.html: ['<script defer src="../../assets/js/read-tracker.js"></script...', '<script defer src="../../assets/js/essay-typing.js"></script...']
[2026-08-17 21:27:25 UTC]   MISSING docs/writing/task2/40-1-2-advantage-disadvantage.html: ['<script defer src="../../assets/js/read-tracker.js"></script...', '<script defer src="../../assets/js/essay-typing.js"></script...']
[2026-08-17 21:27:25 UTC]   MISSING docs/writing/task2/41-1-5-single-question.html: ['<script defer src="../../assets/js/read-tracker.js"></script...', '<script defer src="../../assets/js/essay-typing.js"></script...']
[2026-08-17 21:27:25 UTC]   MISSING docs/writing/task2/42-4-4-problem-solution.html: ['<script defer src="../../assets/js/read-tracker.js"></script...', '<script defer src="../../assets/js/essay-typing.js"></script...']
[2026-08-17 21:27:25 UTC]   MISSING docs/speaking/topics/p1-area.html: ['<script defer src="../assets/js/read-tracker.js"></script>']
[2026-08-17 21:27:25 UTC]   MISSING docs/speaking/topics/p1-city.html: ['<script defer src="../assets/js/read-tracker.js"></script>']
[2026-08-17 21:27:25 UTC]   MISSING docs/speaking/topics/p1-home.html: ['<script defer src="../assets/js/read-tracker.js"></script>']
[2026-08-17 21:27:25 UTC]   MISSING docs/speaking/topics/p1-hometown.html: ['<script defer src="../assets/js/read-tracker.js"></script>']
[2026-08-17 21:27:25 UTC]   MISSING docs/speaking/topics/p1-work.html: ['<script defer src="../assets/js/read-tracker.js"></script>']
[2026-08-17 21:27:25 UTC]   MISSING docs/speaking/topics/p1f-building.html: ['<script defer src="../assets/js/read-tracker.js"></script>']
[2026-08-17 21:27:25 UTC]   MISSING docs/speaking/topics/p1f-cars.html: ['<script defer src="../assets/js/read-tracker.js"></script>']
[2026-08-17 21:27:25 UTC]   MISSING docs/speaking/topics/p1f-childhood.html: ['<script defer src="../assets/js/read-tracker.js"></script>']
[2026-08-17 21:27:25 UTC]   MISSING docs/speaking/topics/p1f-food.html: ['<script defer src="../assets/js/read-tracker.js"></script>']
[2026-08-17 21:27:25 UTC]   MISSING docs/speaking/topics/p1f-gifts.html: ['<script defer src="../assets/js/read-tracker.js"></script>']
[2026-08-17 21:27:25 UTC]   MISSING docs/speaking/topics/p1f-hobby.html: ['<script defer src="../assets/js/read-tracker.js"></script>']
[2026-08-17 21:27:25 UTC]   MISSING docs/speaking/topics/p1f-life-stages.html: ['<script defer src="../assets/js/read-tracker.js"></script>']
[2026-08-17 21:27:25 UTC]   MISSING docs/speaking/topics/p1f-mirrors.html: ['<script defer src="../assets/js/read-tracker.js"></script>']
[2026-08-17 21:27:25 UTC]   MISSING docs/speaking/topics/p1f-morning.html: ['<script defer src="../assets/js/read-tracker.js"></script>']
[2026-08-17 21:27:25 UTC]   MISSING docs/speaking/topics/p1f-music.html: ['<script defer src="../assets/js/read-tracker.js"></script>']
[2026-08-17 21:27:25 UTC]   MISSING docs/speaking/topics/p1f-outer-space.html: ['<script defer src="../assets/js/read-tracker.js"></script>']
[2026-08-17 21:27:25 UTC]   MISSING docs/speaking/topics/p1f-parks.html: ['<script defer src="../assets/js/read-tracker.js"></script>']
[2026-08-17 21:27:25 UTC]   MISSING docs/speaking/topics/p1f-pets.html: ['<script defer src="../assets/js/read-tracker.js"></script>']
[2026-08-17 21:27:25 UTC]   MISSING docs/speaking/topics/p1f-reading.html: ['<script defer src="../assets/js/read-tracker.js"></script>']
[2026-08-17 21:27:25 UTC]   MISSING docs/speaking/topics/p1f-scenery.html: ['<script defer src="../assets/js/read-tracker.js"></script>']
[2026-08-17 21:27:25 UTC]   MISSING docs/speaking/topics/p1f-science.html: ['<script defer src="../assets/js/read-tracker.js"></script>']
[2026-08-17 21:27:25 UTC]   MISSING docs/speaking/topics/p1f-shopping.html: ['<script defer src="../assets/js/read-tracker.js"></script>']
[2026-08-17 21:27:25 UTC]   MISSING docs/speaking/topics/p1f-singing.html: ['<script defer src="../assets/js/read-tracker.js"></script>']
[2026-08-17 21:27:25 UTC]   MISSING docs/speaking/topics/p1f-social-media.html: ['<script defer src="../assets/js/read-tracker.js"></script>']
[2026-08-17 21:27:25 UTC]   MISSING docs/speaking/topics/p1f-sports-team.html: ['<script defer src="../assets/js/read-tracker.js"></script>']
[2026-08-17 21:27:25 UTC]   MISSING docs/speaking/topics/p1f-teachers.html: ['<script defer src="../assets/js/read-tracker.js"></script>']
[2026-08-17 21:27:25 UTC]   MISSING docs/speaking/topics/p1f-tidiness.html: ['<script defer src="../assets/js/read-tracker.js"></script>']
[2026-08-17 21:27:25 UTC]   MISSING docs/speaking/topics/p1f-typing.html: ['<script defer src="../assets/js/read-tracker.js"></script>']
[2026-08-17 21:27:25 UTC]   MISSING docs/speaking/topics/p1f-views.html: ['<script defer src="../assets/js/read-tracker.js"></script>']
[2026-08-17 21:27:25 UTC]   MISSING docs/speaking/topics/p1f-walking.html: ['<script defer src="../assets/js/read-tracker.js"></script>']
[2026-08-17 21:27:25 UTC]   MISSING docs/speaking/topics/p1f-watch.html: ['<script defer src="../assets/js/read-tracker.js"></script>']
[2026-08-17 21:27:25 UTC]   MISSING docs/speaking/topics/p1f-websites.html: ['<script defer src="../assets/js/read-tracker.js"></script>']
[2026-08-17 21:27:25 UTC]   MISSING docs/speaking/topics/p23-advice.html: ['<script defer src="../assets/js/read-tracker.js"></script>']
[2026-08-17 21:27:25 UTC]   MISSING docs/speaking/topics/p23-app.html: ['<script defer src="../assets/js/read-tracker.js"></script>']
[2026-08-17 21:27:25 UTC]   MISSING docs/speaking/topics/p23-bad-music.html: ['<script defer src="../assets/js/read-tracker.js"></script>']
[2026-08-17 21:27:25 UTC]   MISSING docs/speaking/topics/p23-boring.html: ['<script defer src="../assets/js/read-tracker.js"></script>']
[2026-08-17 21:27:25 UTC]   MISSING docs/speaking/topics/p23-business.html: ['<script defer src="../assets/js/read-tracker.js"></script>']
[2026-08-17 21:27:25 UTC]   MISSING docs/speaking/topics/p23-changed-plan.html: ['<script defer src="../assets/js/read-tracker.js"></script>']
[2026-08-17 21:27:25 UTC]   MISSING docs/speaking/topics/p23-child-art.html: ['<script defer src="../assets/js/read-tracker.js"></script>']
[2026-08-17 21:27:25 UTC]   MISSING docs/speaking/topics/p23-child-friend.html: ['<script defer src="../assets/js/read-tracker.js"></script>']
[2026-08-17 21:27:25 UTC]   MISSING docs/speaking/topics/p23-decision.html: ['<script defer src="../assets/js/read-tracker.js"></script>']
[2026-08-17 21:27:25 UTC]   MISSING docs/speaking/topics/p23-early.html: ['<script defer src="../assets/js/read-tracker.js"></script>']
[2026-08-17 21:27:25 UTC]   MISSING docs/speaking/topics/p23-encourage.html: ['<script defer src="../assets/js/read-tracker.js"></script>']
[2026-08-17 21:27:25 UTC]   MISSING docs/speaking/topics/p23-famous-city.html: ['<script defer src="../assets/js/read-tracker.js"></script>']
[2026-08-17 21:27:25 UTC]   MISSING docs/speaking/topics/p23-famous.html: ['<script defer src="../assets/js/read-tracker.js"></script>']
[2026-08-17 21:27:25 UTC]   MISSING docs/speaking/topics/p23-fav-city.html: ['<script defer src="../assets/js/read-tracker.js"></script>']
[2026-08-17 21:27:25 UTC]   MISSING docs/speaking/topics/p23-foreign-job.html: ['<script defer src="../assets/js/read-tracker.js"></script>']
[2026-08-17 21:27:25 UTC]   MISSING docs/speaking/topics/p23-group.html: ['<script defer src="../assets/js/read-tracker.js"></script>']
[2026-08-17 21:27:25 UTC]   MISSING docs/speaking/topics/p23-heirloom.html: ['<script defer src="../assets/js/read-tracker.js"></script>']
[2026-08-17 21:27:25 UTC]   MISSING docs/speaking/topics/p23-helper.html: ['<script defer src="../assets/js/read-tracker.js"></script>']
[2026-08-17 21:27:25 UTC]   MISSING docs/speaking/topics/p23-imagination.html: ['<script defer src="../assets/js/read-tracker.js"></script>']
[2026-08-17 21:27:25 UTC]   MISSING docs/speaking/topics/p23-interest-bldg.html: ['<script defer src="../assets/js/read-tracker.js"></script>']
[2026-08-17 21:27:25 UTC]   MISSING docs/speaking/topics/p23-law.html: ['<script defer src="../assets/js/read-tracker.js"></script>']
[2026-08-17 21:27:25 UTC]   MISSING docs/speaking/topics/p23-medical.html: ['<script defer src="../assets/js/read-tracker.js"></script>']
[2026-08-17 21:27:25 UTC]   MISSING docs/speaking/topics/p23-movie.html: ['<script defer src="../assets/js/read-tracker.js"></script>']
[2026-08-17 21:27:25 UTC]   MISSING docs/speaking/topics/p23-nanning.html: ['<script defer src="../assets/js/read-tracker.js"></script>']
[2026-08-17 21:27:25 UTC]   MISSING docs/speaking/topics/p23-nature.html: ['<script defer src="../assets/js/read-tracker.js"></script>']
[2026-08-17 21:27:25 UTC]   MISSING docs/speaking/topics/p23-no-phone.html: ['<script defer src="../assets/js/read-tracker.js"></script>']
[2026-08-17 21:27:25 UTC]   MISSING docs/speaking/topics/p23-overspent.html: ['<script defer src="../assets/js/read-tracker.js"></script>']
[2026-08-17 21:27:25 UTC]   MISSING docs/speaking/topics/p23-perfect-job.html: ['<script defer src="../assets/js/read-tracker.js"></script>']
[2026-08-17 21:27:25 UTC]   MISSING docs/speaking/topics/p23-planning.html: ['<script defer src="../assets/js/read-tracker.js"></script>']
[2026-08-17 21:27:25 UTC]   MISSING docs/speaking/topics/p23-plants.html: ['<script defer src="../assets/js/read-tracker.js"></script>']
[2026-08-17 21:27:25 UTC]   MISSING docs/speaking/topics/p23-proud.html: ['<script defer src="../assets/js/read-tracker.js"></script>']
[2026-08-17 21:27:25 UTC]   MISSING docs/speaking/topics/p23-self-learn.html: ['<script defer src="../assets/js/read-tracker.js"></script>']
[2026-08-17 21:27:25 UTC]   MISSING docs/speaking/topics/p23-smart.html: ['<script defer src="../assets/js/read-tracker.js"></script>']
[2026-08-17 21:27:25 UTC]   MISSING docs/speaking/topics/p23-smiling.html: ['<script defer src="../assets/js/read-tracker.js"></script>']
[2026-08-17 21:27:25 UTC]   MISSING docs/speaking/topics/p23-sports.html: ['<script defer src="../assets/js/read-tracker.js"></script>']
[2026-08-17 21:27:25 UTC]   MISSING docs/speaking/topics/p23-tall.html: ['<script defer src="../assets/js/read-tracker.js"></script>']
[2026-08-17 21:27:25 UTC]   MISSING docs/speaking/topics/p23-tech.html: ['<script defer src="../assets/js/read-tracker.js"></script>']
[2026-08-17 21:27:25 UTC]   MISSING docs/speaking/topics/p23-vehicle.html: ['<script defer src="../assets/js/read-tracker.js"></script>']
[2026-08-17 21:27:25 UTC]   MISSING docs/speaking/topics/p23-video.html: ['<script defer src="../assets/js/read-tracker.js"></script>']
[2026-08-17 21:27:25 UTC]   MISSING docs/writing/index.html: ['<script defer src="../assets/js/read-tracker.js"></script>']
[2026-08-17 21:27:25 UTC]   MISSING docs/speaking/index.html: ['<script defer src="../assets/js/read-tracker.js"></script>']
[2026-08-17 21:27:29 UTC] === drift-check ===
[2026-08-17 21:27:29 UTC] DRIFT-CHECK: 0/365 OK, 365 missing, 0 unreadable
[2026-08-17 21:27:29 UTC]   MISSING docs/writing/task1/01-table-universities-ranked.html: ['<script defer src="../../assets/js/read-tracker.js"></script...', '<script defer src="../../assets/js/essay-typing.js"></script...']
[2026-08-17 21:27:29 UTC]   MISSING docs/writing/task1/02-pie-meal-nutrients.html: ['<script defer src="../../assets/js/read-tracker.js"></script...', '<script defer src="../../assets/js/essay-typing.js"></script...']
[2026-08-17 21:27:29 UTC]   MISSING docs/writing/task1/03-bar-electricity.html: ['<script defer src="../../assets/js/read-tracker.js"></script...', '<script defer src="../../assets/js/essay-typing.js"></script...']
[2026-08-17 21:27:29 UTC]   MISSING docs/writing/task1/04-bar-physical-activity.html: ['<script defer src="../../assets/js/read-tracker.js"></script...', '<script defer src="../../assets/js/essay-typing.js"></script...']
[2026-08-17 21:27:29 UTC]   MISSING docs/writing/task1/05-mixed-graph.html: ['<script defer src="../../assets/js/read-tracker.js"></script...', '<script defer src="../../assets/js/essay-typing.js"></script...']
[2026-08-17 21:27:29 UTC]   MISSING docs/writing/task1/06-process-rain-shadow-desert.html: ['<script defer src="../../assets/js/read-tracker.js"></script...', '<script defer src="../../assets/js/essay-typing.js"></script...']
[2026-08-17 21:27:29 UTC]   MISSING docs/writing/task1/07-process-plastic-recycling.html: ['<script defer src="../../assets/js/read-tracker.js"></script...', '<script defer src="../../assets/js/essay-typing.js"></script...']
[2026-08-17 21:27:29 UTC]   MISSING docs/writing/task1/08-process-cement-making.html: ['<script defer src="../../assets/js/read-tracker.js"></script...', '<script defer src="../../assets/js/essay-typing.js"></script...']
[2026-08-17 21:27:29 UTC]   MISSING docs/writing/task1/09-mixed-library-survey.html: ['<script defer src="../../assets/js/read-tracker.js"></script...', '<script defer src="../../assets/js/essay-typing.js"></script...']
[2026-08-17 21:27:29 UTC]   MISSING docs/writing/task1/10-dynamic-caribbean-tourists.html: ['<script defer src="../../assets/js/read-tracker.js"></script...', '<script defer src="../../assets/js/essay-typing.js"></script...']
[2026-08-17 21:27:29 UTC]   MISSING docs/writing/task1/11-dynamic-melbourne-activities.html: ['<script defer src="../../assets/js/read-tracker.js"></script...', '<script defer src="../../assets/js/essay-typing.js"></script...']
[2026-08-17 21:27:29 UTC]   MISSING docs/writing/task1/12-dynamic-asian-cities.html: ['<script defer src="../../assets/js/read-tracker.js"></script...', '<script defer src="../../assets/js/essay-typing.js"></script...']
[2026-08-17 21:27:29 UTC]   MISSING docs/writing/task1/13-static-uk-school-spending.html: ['<script defer src="../../assets/js/read-tracker.js"></script...', '<script defer src="../../assets/js/essay-typing.js"></script...']
[2026-08-17 21:27:29 UTC]   MISSING docs/writing/task2/01-agree-disagree-history-vs-business.html: ['<script defer src="../../assets/js/read-tracker.js"></script...', '<script defer src="../../assets/js/essay-typing.js"></script...']
[2026-08-17 21:27:29 UTC]   MISSING docs/writing/task2/02-discuss-both-views-employment-skills.html: ['<script defer src="../../assets/js/read-tracker.js"></script...', '<script defer src="../../assets/js/essay-typing.js"></script...']
[2026-08-17 21:27:29 UTC]   MISSING docs/writing/task2/03-positive-negative-children-freedom.html: ['<script defer src="../../assets/js/read-tracker.js"></script...', '<script defer src="../../assets/js/essay-typing.js"></script...']
[2026-08-17 21:27:29 UTC]   MISSING docs/writing/task2/04-opinion-teachers-morality.html: ['<script defer src="../../assets/js/read-tracker.js"></script...', '<script defer src="../../assets/js/essay-typing.js"></script...']
[2026-08-17 21:27:29 UTC]   MISSING docs/writing/task2/043-1-1-agree-disagree.html: ['<script defer src="../../assets/js/read-tracker.js"></script...', '<script defer src="../../assets/js/essay-typing.js"></script...']
[2026-08-17 21:27:29 UTC]   MISSING docs/writing/task2/044-1-1-discuss-both-views.html: ['<script defer src="../../assets/js/read-tracker.js"></script...', '<script defer src="../../assets/js/essay-typing.js"></script...']
[2026-08-17 21:27:29 UTC]   MISSING docs/writing/task2/045-1-1-agree-disagree.html: ['<script defer src="../../assets/js/read-tracker.js"></script...', '<script defer src="../../assets/js/essay-typing.js"></script...']
[2026-08-17 21:27:29 UTC]   MISSING docs/writing/task2/046-1-1-agree-disagree.html: ['<script defer src="../../assets/js/read-tracker.js"></script...', '<script defer src="../../assets/js/essay-typing.js"></script...']
[2026-08-17 21:27:29 UTC]   MISSING docs/writing/task2/047-1-1-discuss-both-views.html: ['<script defer src="../../assets/js/read-tracker.js"></script...', '<script defer src="../../assets/js/essay-typing.js"></script...']
[2026-08-17 21:27:29 UTC]   MISSING docs/writing/task2/048-1-1-discuss-both-views.html: ['<script defer src="../../assets/js/read-tracker.js"></script...', '<script defer src="../../assets/js/essay-typing.js"></script...']
[2026-08-17 21:27:29 UTC]   MISSING docs/writing/task2/049-1-1-agree-disagree.html: ['<script defer src="../../assets/js/read-tracker.js"></script...', '<script defer src="../../assets/js/essay-typing.js"></script...']
[2026-08-17 21:27:29 UTC]   MISSING docs/writing/task2/05-two-questions-environment.html: ['<script defer src="../../assets/js/read-tracker.js"></script...', '<script defer src="../../assets/js/essay-typing.js"></script...']
[2026-08-17 21:27:29 UTC]   MISSING docs/writing/task2/050-1-2-positive-negative.html: ['<script defer src="../../assets/js/read-tracker.js"></script...', '<script defer src="../../assets/js/essay-typing.js"></script...']
[2026-08-17 21:27:29 UTC]   MISSING docs/writing/task2/051-1-2-discuss-both-views.html: ['<script defer src="../../assets/js/read-tracker.js"></script...', '<script defer src="../../assets/js/essay-typing.js"></script...']
[2026-08-17 21:27:29 UTC]   MISSING docs/writing/task2/052-1-2-agree-disagree.html: ['<script defer src="../../assets/js/read-tracker.js"></script...', '<script defer src="../../assets/js/essay-typing.js"></script...']
[2026-08-17 21:27:29 UTC]   MISSING docs/writing/task2/053-1-2-discuss-both-views.html: ['<script defer src="../../assets/js/read-tracker.js"></script...', '<script defer src="../../assets/js/essay-typing.js"></script...']
[2026-08-17 21:27:29 UTC]   MISSING docs/writing/task2/054-1-2-agree-disagree.html: ['<script defer src="../../assets/js/read-tracker.js"></script...', '<script defer src="../../assets/js/essay-typing.js"></script...']
[2026-08-17 21:27:29 UTC]   MISSING docs/writing/task2/055-1-2-agree-disagree.html: ['<script defer src="../../assets/js/read-tracker.js"></script...', '<script defer src="../../assets/js/essay-typing.js"></script...']
[2026-08-17 21:27:29 UTC]   MISSING docs/writing/task2/056-1-2-agree-disagree.html: ['<script defer src="../../assets/js/read-tracker.js"></script...', '<script defer src="../../assets/js/essay-typing.js"></script...']
[2026-08-17 21:27:29 UTC]   MISSING docs/writing/task2/057-1-2-agree-disagree.html: ['<script defer src="../../assets/js/read-tracker.js"></script...', '<script defer src="../../assets/js/essay-typing.js"></script...']
[2026-08-17 21:27:29 UTC]   MISSING docs/writing/task2/058-1-2-discuss-both-views.html: ['<script defer src="../../assets/js/read-tracker.js"></script...', '<script defer src="../../assets/js/essay-typing.js"></script...']
[2026-08-17 21:27:29 UTC]   MISSING docs/writing/task2/059-1-2-discuss-both-views.html: ['<script defer src="../../assets/js/read-tracker.js"></script...', '<script defer src="../../assets/js/essay-typing.js"></script...']
[2026-08-17 21:27:29 UTC]   MISSING docs/writing/task2/06-26-env-solutions.html: ['<script defer src="../../assets/js/read-tracker.js"></script...', '<script defer src="../../assets/js/essay-typing.js"></script...']
[2026-08-17 21:27:29 UTC]   MISSING docs/writing/task2/060-1-3-agree-disagree.html: ['<script defer src="../../assets/js/read-tracker.js"></script...', '<script defer src="../../assets/js/essay-typing.js"></script...']
[2026-08-17 21:27:29 UTC]   MISSING docs/writing/task2/061-1-4-discuss-both-views.html: ['<script defer src="../../assets/js/read-tracker.js"></script...', '<script defer src="../../assets/js/essay-typing.js"></script...']
[2026-08-17 21:27:29 UTC]   MISSING docs/writing/task2/062-1-4-discuss-both-views.html: ['<script defer src="../../assets/js/read-tracker.js"></script...', '<script defer src="../../assets/js/essay-typing.js"></script...']
[2026-08-17 21:27:29 UTC]   MISSING docs/writing/task2/063-1-4-discuss-both-views.html: ['<script defer src="../../assets/js/read-tracker.js"></script...', '<script defer src="../../assets/js/essay-typing.js"></script...']
[2026-08-17 21:27:29 UTC]   MISSING docs/writing/task2/064-1-5-discuss-both-views.html: ['<script defer src="../../assets/js/read-tracker.js"></script...', '<script defer src="../../assets/js/essay-typing.js"></script...']
[2026-08-17 21:27:29 UTC]   MISSING docs/writing/task2/065-1-5-discuss-both-views.html: ['<script defer src="../../assets/js/read-tracker.js"></script...', '<script defer src="../../assets/js/essay-typing.js"></script...']
[2026-08-17 21:27:29 UTC]   MISSING docs/writing/task2/066-1-6-agree-disagree.html: ['<script defer src="../../assets/js/read-tracker.js"></script...', '<script defer src="../../assets/js/essay-typing.js"></script...']
[2026-08-17 21:27:29 UTC]   MISSING docs/writing/task2/067-1-6-agree-disagree.html: ['<script defer src="../../assets/js/read-tracker.js"></script...', '<script defer src="../../assets/js/essay-typing.js"></script...']
[2026-08-17 21:27:29 UTC]   MISSING docs/writing/task2/068-1-6-advantage-disadvantage.html: ['<script defer src="../../assets/js/read-tracker.js"></script...', '<script defer src="../../assets/js/essay-typing.js"></script...']
[2026-08-17 21:27:29 UTC]   MISSING docs/writing/task2/069-1-6-agree-disagree.html: ['<script defer src="../../assets/js/read-tracker.js"></script...', '<script defer src="../../assets/js/essay-typing.js"></script...']
[2026-08-17 21:27:29 UTC]   MISSING docs/writing/task2/07-01-lang-learning.html: ['<script defer src="../../assets/js/read-tracker.js"></script...', '<script defer src="../../assets/js/essay-typing.js"></script...']
[2026-08-17 21:27:29 UTC]   MISSING docs/writing/task2/070-1-6-agree-disagree.html: ['<script defer src="../../assets/js/read-tracker.js"></script...', '<script defer src="../../assets/js/essay-typing.js"></script...']
[2026-08-17 21:27:29 UTC]   MISSING docs/writing/task2/071-1-6-two-questions.html: ['<script defer src="../../assets/js/read-tracker.js"></script...', '<script defer src="../../assets/js/essay-typing.js"></script...']
[2026-08-17 21:27:29 UTC]   MISSING docs/writing/task2/072-1-6-two-questions.html: ['<script defer src="../../assets/js/read-tracker.js"></script...', '<script defer src="../../assets/js/essay-typing.js"></script...']
[2026-08-17 21:27:29 UTC]   MISSING docs/writing/task2/073-1-7-agree-disagree.html: ['<script defer src="../../assets/js/read-tracker.js"></script...', '<script defer src="../../assets/js/essay-typing.js"></script...']
[2026-08-17 21:27:29 UTC]   MISSING docs/writing/task2/074-1-7-advantage-disadvantage.html: ['<script defer src="../../assets/js/read-tracker.js"></script...', '<script defer src="../../assets/js/essay-typing.js"></script...']
[2026-08-17 21:27:29 UTC]   MISSING docs/writing/task2/075-1-7-agree-disagree.html: ['<script defer src="../../assets/js/read-tracker.js"></script...', '<script defer src="../../assets/js/essay-typing.js"></script...']
[2026-08-17 21:27:29 UTC]   MISSING docs/writing/task2/076-1-8-problem-solution.html: ['<script defer src="../../assets/js/read-tracker.js"></script...', '<script defer src="../../assets/js/essay-typing.js"></script...']
[2026-08-17 21:27:29 UTC]   MISSING docs/writing/task2/077-1-8-problem-solution.html: ['<script defer src="../../assets/js/read-tracker.js"></script...', '<script defer src="../../assets/js/essay-typing.js"></script...']
[2026-08-17 21:27:29 UTC]   MISSING docs/writing/task2/078-1-8-two-questions.html: ['<script defer src="../../assets/js/read-tracker.js"></script...', '<script defer src="../../assets/js/essay-typing.js"></script...']
[2026-08-17 21:27:29 UTC]   MISSING docs/writing/task2/079-2-1-single-question.html: ['<script defer src="../../assets/js/read-tracker.js"></script...', '<script defer src="../../assets/js/essay-typing.js"></script...']
[2026-08-17 21:27:29 UTC]   MISSING docs/writing/task2/08-04-education-target.html: ['<script defer src="../../assets/js/read-tracker.js"></script...', '<script defer src="../../assets/js/essay-typing.js"></script...']
[2026-08-17 21:27:29 UTC]   MISSING docs/writing/task2/080-2-1-advantage-disadvantage.html: ['<script defer src="../../assets/js/read-tracker.js"></script...', '<script defer src="../../assets/js/essay-typing.js"></script...']
[2026-08-17 21:27:29 UTC]   MISSING docs/writing/task2/081-2-1-agree-disagree.html: ['<script defer src="../../assets/js/read-tracker.js"></script...', '<script defer src="../../assets/js/essay-typing.js"></script...']
[2026-08-17 21:27:29 UTC]   MISSING docs/writing/task2/082-2-1-agree-disagree.html: ['<script defer src="../../assets/js/read-tracker.js"></script...', '<script defer src="../../assets/js/essay-typing.js"></script...']
[2026-08-17 21:27:29 UTC]   MISSING docs/writing/task2/083-2-1-discuss-both-views.html: ['<script defer src="../../assets/js/read-tracker.js"></script...', '<script defer src="../../assets/js/essay-typing.js"></script...']
[2026-08-17 21:27:29 UTC]   MISSING docs/writing/task2/084-2-1-agree-disagree.html: ['<script defer src="../../assets/js/read-tracker.js"></script...', '<script defer src="../../assets/js/essay-typing.js"></script...']
[2026-08-17 21:27:29 UTC]   MISSING docs/writing/task2/085-2-2-agree-disagree.html: ['<script defer src="../../assets/js/read-tracker.js"></script...', '<script defer src="../../assets/js/essay-typing.js"></script...']
[2026-08-17 21:27:29 UTC]   MISSING docs/writing/task2/086-2-2-agree-disagree.html: ['<script defer src="../../assets/js/read-tracker.js"></script...', '<script defer src="../../assets/js/essay-typing.js"></script...']
[2026-08-17 21:27:29 UTC]   MISSING docs/writing/task2/087-2-2-agree-disagree.html: ['<script defer src="../../assets/js/read-tracker.js"></script...', '<script defer src="../../assets/js/essay-typing.js"></script...']
[2026-08-17 21:27:29 UTC]   MISSING docs/writing/task2/088-2-2-positive-negative.html: ['<script defer src="../../assets/js/read-tracker.js"></script...', '<script defer src="../../assets/js/essay-typing.js"></script...']
[2026-08-17 21:27:29 UTC]   MISSING docs/writing/task2/089-2-2-agree-disagree.html: ['<script defer src="../../assets/js/read-tracker.js"></script...', '<script defer src="../../assets/js/essay-typing.js"></script...']
[2026-08-17 21:27:29 UTC]   MISSING docs/writing/task2/09-05-education-phenomenon.html: ['<script defer src="../../assets/js/read-tracker.js"></script...', '<script defer src="../../assets/js/essay-typing.js"></script...']
[2026-08-17 21:27:29 UTC]   MISSING docs/writing/task2/090-2-3-agree-disagree.html: ['<script defer src="../../assets/js/read-tracker.js"></script...', '<script defer src="../../assets/js/essay-typing.js"></script...']
[2026-08-17 21:27:29 UTC]   MISSING docs/writing/task2/091-2-3-agree-disagree.html: ['<script defer src="../../assets/js/read-tracker.js"></script...', '<script defer src="../../assets/js/essay-typing.js"></script...']
[2026-08-17 21:27:29 UTC]   MISSING docs/writing/task2/092-2-3-agree-disagree.html: ['<script defer src="../../assets/js/read-tracker.js"></script...', '<script defer src="../../assets/js/essay-typing.js"></script...']
[2026-08-17 21:27:29 UTC]   MISSING docs/writing/task2/093-2-3-agree-disagree.html: ['<script defer src="../../assets/js/read-tracker.js"></script...', '<script defer src="../../assets/js/essay-typing.js"></script...']
[2026-08-17 21:27:29 UTC]   MISSING docs/writing/task2/094-2-4-agree-disagree.html: ['<script defer src="../../assets/js/read-tracker.js"></script...', '<script defer src="../../assets/js/essay-typing.js"></script...']
[2026-08-17 21:27:29 UTC]   MISSING docs/writing/task2/095-2-5-problem-solution.html: ['<script defer src="../../assets/js/read-tracker.js"></script...', '<script defer src="../../assets/js/essay-typing.js"></script...']
[2026-08-17 21:27:29 UTC]   MISSING docs/writing/task2/096-3-1-discuss-both-views.html: ['<script defer src="../../assets/js/read-tracker.js"></script...', '<script defer src="../../assets/js/essay-typing.js"></script...']
[2026-08-17 21:27:29 UTC]   MISSING docs/writing/task2/097-3-1-agree-disagree.html: ['<script defer src="../../assets/js/read-tracker.js"></script...', '<script defer src="../../assets/js/essay-typing.js"></script...']
[2026-08-17 21:27:29 UTC]   MISSING docs/writing/task2/098-3-1-agree-disagree.html: ['<script defer src="../../assets/js/read-tracker.js"></script...', '<script defer src="../../assets/js/essay-typing.js"></script...']
[2026-08-17 21:27:29 UTC]   MISSING docs/writing/task2/099-3-1-positive-negative.html: ['<script defer src="../../assets/js/read-tracker.js"></script...', '<script defer src="../../assets/js/essay-typing.js"></script...']
[2026-08-17 21:27:29 UTC]   MISSING docs/writing/task2/10-06-job-choice.html: ['<script defer src="../../assets/js/read-tracker.js"></script...', '<script defer src="../../assets/js/essay-typing.js"></script...']
[2026-08-17 21:27:29 UTC]   MISSING docs/writing/task2/100-3-1-advantage-disadvantage.html: ['<script defer src="../../assets/js/read-tracker.js"></script...', '<script defer src="../../assets/js/essay-typing.js"></script...']
[2026-08-17 21:27:29 UTC]   MISSING docs/writing/task2/101-3-1-advantage-disadvantage.html: ['<script defer src="../../assets/js/read-tracker.js"></script...', '<script defer src="../../assets/js/essay-typing.js"></script...']
[2026-08-17 21:27:29 UTC]   MISSING docs/writing/task2/102-3-1-advantage-disadvantage.html: ['<script defer src="../../assets/js/read-tracker.js"></script...', '<script defer src="../../assets/js/essay-typing.js"></script...']
[2026-08-17 21:27:29 UTC]   MISSING docs/writing/task2/103-3-1-advantage-disadvantage.html: ['<script defer src="../../assets/js/read-tracker.js"></script...', '<script defer src="../../assets/js/essay-typing.js"></script...']
[2026-08-17 21:27:29 UTC]   MISSING docs/writing/task2/104-3-2-agree-disagree.html: ['<script defer src="../../assets/js/read-tracker.js"></script...', '<script defer src="../../assets/js/essay-typing.js"></script...']
[2026-08-17 21:27:29 UTC]   MISSING docs/writing/task2/105-3-2-problem-solution.html: ['<script defer src="../../assets/js/read-tracker.js"></script...', '<script defer src="../../assets/js/essay-typing.js"></script...']
[2026-08-17 21:27:29 UTC]   MISSING docs/writing/task2/106-3-2-agree-disagree.html: ['<script defer src="../../assets/js/read-tracker.js"></script...', '<script defer src="../../assets/js/essay-typing.js"></script...']
[2026-08-17 21:27:29 UTC]   MISSING docs/writing/task2/107-3-2-discuss-both-views.html: ['<script defer src="../../assets/js/read-tracker.js"></script...', '<script defer src="../../assets/js/essay-typing.js"></script...']
[2026-08-17 21:27:29 UTC]   MISSING docs/writing/task2/108-3-2-agree-disagree.html: ['<script defer src="../../assets/js/read-tracker.js"></script...', '<script defer src="../../assets/js/essay-typing.js"></script...']
[2026-08-17 21:27:29 UTC]   MISSING docs/writing/task2/109-3-2-agree-disagree.html: ['<script defer src="../../assets/js/read-tracker.js"></script...', '<script defer src="../../assets/js/essay-typing.js"></script...']
[2026-08-17 21:27:29 UTC]   MISSING docs/writing/task2/11-07-personal-skill.html: ['<script defer src="../../assets/js/read-tracker.js"></script...', '<script defer src="../../assets/js/essay-typing.js"></script...']
[2026-08-17 21:27:29 UTC]   MISSING docs/writing/task2/110-3-2-discuss-both-views.html: ['<script defer src="../../assets/js/read-tracker.js"></script...', '<script defer src="../../assets/js/essay-typing.js"></script...']
[2026-08-17 21:27:29 UTC]   MISSING docs/writing/task2/111-3-2-agree-disagree.html: ['<script defer src="../../assets/js/read-tracker.js"></script...', '<script defer src="../../assets/js/essay-typing.js"></script...']
[2026-08-17 21:27:29 UTC]   MISSING docs/writing/task2/112-3-2-agree-disagree.html: ['<script defer src="../../assets/js/read-tracker.js"></script...', '<script defer src="../../assets/js/essay-typing.js"></script...']
[2026-08-17 21:27:29 UTC]   MISSING docs/writing/task2/113-3-2-advantage-disadvantage.html: ['<script defer src="../../assets/js/read-tracker.js"></script...', '<script defer src="../../assets/js/essay-typing.js"></script...']
[2026-08-17 21:27:29 UTC]   MISSING docs/writing/task2/114-3-2-discuss-both-views.html: ['<script defer src="../../assets/js/read-tracker.js"></script...', '<script defer src="../../assets/js/essay-typing.js"></script...']
[2026-08-17 21:27:29 UTC]   MISSING docs/writing/task2/115-3-2-problem-solution.html: ['<script defer src="../../assets/js/read-tracker.js"></script...', '<script defer src="../../assets/js/essay-typing.js"></script...']
[2026-08-17 21:27:29 UTC]   MISSING docs/writing/task2/116-3-2-agree-disagree.html: ['<script defer src="../../assets/js/read-tracker.js"></script...', '<script defer src="../../assets/js/essay-typing.js"></script...']
[2026-08-17 21:27:29 UTC]   MISSING docs/writing/task2/117-3-2-discuss-both-views.html: ['<script defer src="../../assets/js/read-tracker.js"></script...', '<script defer src="../../assets/js/essay-typing.js"></script...']
[2026-08-17 21:27:29 UTC]   MISSING docs/writing/task2/118-3-2-discuss-both-views.html: ['<script defer src="../../assets/js/read-tracker.js"></script...', '<script defer src="../../assets/js/essay-typing.js"></script...']
[2026-08-17 21:27:29 UTC]   MISSING docs/writing/task2/119-3-2-agree-disagree.html: ['<script defer src="../../assets/js/read-tracker.js"></script...', '<script defer src="../../assets/js/essay-typing.js"></script...']
[2026-08-17 21:27:29 UTC]   MISSING docs/writing/task2/12-08-work-env.html: ['<script defer src="../../assets/js/read-tracker.js"></script...', '<script defer src="../../assets/js/essay-typing.js"></script...']
[2026-08-17 21:27:29 UTC]   MISSING docs/writing/task2/120-3-4-agree-disagree.html: ['<script defer src="../../assets/js/read-tracker.js"></script...', '<script defer src="../../assets/js/essay-typing.js"></script...']
[2026-08-17 21:27:29 UTC]   MISSING docs/writing/task2/121-3-4-agree-disagree.html: ['<script defer src="../../assets/js/read-tracker.js"></script...', '<script defer src="../../assets/js/essay-typing.js"></script...']
[2026-08-17 21:27:29 UTC]   MISSING docs/writing/task2/122-3-3-two-questions.html: ['<script defer src="../../assets/js/read-tracker.js"></script...', '<script defer src="../../assets/js/essay-typing.js"></script...']
[2026-08-17 21:27:29 UTC]   MISSING docs/writing/task2/123-3-3-positive-negative.html: ['<script defer src="../../assets/js/read-tracker.js"></script...', '<script defer src="../../assets/js/essay-typing.js"></script...']
[2026-08-17 21:27:29 UTC]   MISSING docs/writing/task2/124-3-3-problem-solution.html: ['<script defer src="../../assets/js/read-tracker.js"></script...', '<script defer src="../../assets/js/essay-typing.js"></script...']
[2026-08-17 21:27:29 UTC]   MISSING docs/writing/task2/125-3-3-problem-solution.html: ['<script defer src="../../assets/js/read-tracker.js"></script...', '<script defer src="../../assets/js/essay-typing.js"></script...']
[2026-08-17 21:27:29 UTC]   MISSING docs/writing/task2/126-3-3-two-questions.html: ['<script defer src="../../assets/js/read-tracker.js"></script...', '<script defer src="../../assets/js/essay-typing.js"></script...']
[2026-08-17 21:27:29 UTC]   MISSING docs/writing/task2/127-3-3-advantage-disadvantage.html: ['<script defer src="../../assets/js/read-tracker.js"></script...', '<script defer src="../../assets/js/essay-typing.js"></script...']
[2026-08-17 21:27:29 UTC]   MISSING docs/writing/task2/128-3-4-agree-disagree.html: ['<script defer src="../../assets/js/read-tracker.js"></script...', '<script defer src="../../assets/js/essay-typing.js"></script...']
[2026-08-17 21:27:29 UTC]   MISSING docs/writing/task2/129-3-4-problem-solution.html: ['<script defer src="../../assets/js/read-tracker.js"></script...', '<script defer src="../../assets/js/essay-typing.js"></script...']
[2026-08-17 21:27:29 UTC]   MISSING docs/writing/task2/13-09-job-types.html: ['<script defer src="../../assets/js/read-tracker.js"></script...', '<script defer src="../../assets/js/essay-typing.js"></script...']
[2026-08-17 21:27:29 UTC]   MISSING docs/writing/task2/130-3-4-agree-disagree.html: ['<script defer src="../../assets/js/read-tracker.js"></script...', '<script defer src="../../assets/js/essay-typing.js"></script...']
[2026-08-17 21:27:29 UTC]   MISSING docs/writing/task2/131-3-4-agree-disagree.html: ['<script defer src="../../assets/js/read-tracker.js"></script...', '<script defer src="../../assets/js/essay-typing.js"></script...']
[2026-08-17 21:27:29 UTC]   MISSING docs/writing/task2/132-3-4-advantage-disadvantage.html: ['<script defer src="../../assets/js/read-tracker.js"></script...', '<script defer src="../../assets/js/essay-typing.js"></script...']
[2026-08-17 21:27:29 UTC]   MISSING docs/writing/task2/133-3-4-advantage-disadvantage.html: ['<script defer src="../../assets/js/read-tracker.js"></script...', '<script defer src="../../assets/js/essay-typing.js"></script...']
[2026-08-17 21:27:29 UTC]   MISSING docs/writing/task2/134-3-4-two-questions.html: ['<script defer src="../../assets/js/read-tracker.js"></script...', '<script defer src="../../assets/js/essay-typing.js"></script...']
[2026-08-17 21:27:29 UTC]   MISSING docs/writing/task2/135-3-4-two-questions.html: ['<script defer src="../../assets/js/read-tracker.js"></script...', '<script defer src="../../assets/js/essay-typing.js"></script...']
[2026-08-17 21:27:29 UTC]   MISSING docs/writing/task2/136-3-4-agree-disagree.html: ['<script defer src="../../assets/js/read-tracker.js"></script...', '<script defer src="../../assets/js/essay-typing.js"></script...']
[2026-08-17 21:27:29 UTC]   MISSING docs/writing/task2/137-3-4-two-questions.html: ['<script defer src="../../assets/js/read-tracker.js"></script...', '<script defer src="../../assets/js/essay-typing.js"></script...']
[2026-08-17 21:27:29 UTC]   MISSING docs/writing/task2/138-3-5-agree-disagree.html: ['<script defer src="../../assets/js/read-tracker.js"></script...', '<script defer src="../../assets/js/essay-typing.js"></script...']
[2026-08-17 21:27:29 UTC]   MISSING docs/writing/task2/139-3-5-discuss-both-views.html: ['<script defer src="../../assets/js/read-tracker.js"></script...', '<script defer src="../../assets/js/essay-typing.js"></script...']
[2026-08-17 21:27:29 UTC]   MISSING docs/writing/task2/14-10-work-life-balance.html: ['<script defer src="../../assets/js/read-tracker.js"></script...', '<script defer src="../../assets/js/essay-typing.js"></script...']
[2026-08-17 21:27:29 UTC]   MISSING docs/writing/task2/140-3-5-discuss-both-views.html: ['<script defer src="../../assets/js/read-tracker.js"></script...', '<script defer src="../../assets/js/essay-typing.js"></script...']
[2026-08-17 21:27:29 UTC]   MISSING docs/writing/task2/141-3-5-agree-disagree.html: ['<script defer src="../../assets/js/read-tracker.js"></script...', '<script defer src="../../assets/js/essay-typing.js"></script...']
[2026-08-17 21:27:29 UTC]   MISSING docs/writing/task2/142-3-5-problem-solution.html: ['<script defer src="../../assets/js/read-tracker.js"></script...', '<script defer src="../../assets/js/essay-typing.js"></script...']
[2026-08-17 21:27:29 UTC]   MISSING docs/writing/task2/143-3-5-discuss-both-views.html: ['<script defer src="../../assets/js/read-tracker.js"></script...', '<script defer src="../../assets/js/essay-typing.js"></script...']
[2026-08-17 21:27:29 UTC]   MISSING docs/writing/task2/144-3-5-agree-disagree.html: ['<script defer src="../../assets/js/read-tracker.js"></script...', '<script defer src="../../assets/js/essay-typing.js"></script...']
[2026-08-17 21:27:29 UTC]   MISSING docs/writing/task2/145-3-5-discuss-both-views.html: ['<script defer src="../../assets/js/read-tracker.js"></script...', '<script defer src="../../assets/js/essay-typing.js"></script...']
[2026-08-17 21:27:29 UTC]   MISSING docs/writing/task2/146-3-5-discuss-both-views.html: ['<script defer src="../../assets/js/read-tracker.js"></script...', '<script defer src="../../assets/js/essay-typing.js"></script...']
[2026-08-17 21:27:29 UTC]   MISSING docs/writing/task2/147-3-5-problem-solution.html: ['<script defer src="../../assets/js/read-tracker.js"></script...', '<script defer src="../../assets/js/essay-typing.js"></script...']
[2026-08-17 21:27:29 UTC]   MISSING docs/writing/task2/148-3-5-discuss-both-views.html: ['<script defer src="../../assets/js/read-tracker.js"></script...', '<script defer src="../../assets/js/essay-typing.js"></script...']
[2026-08-17 21:27:29 UTC]   MISSING docs/writing/task2/149-3-5-discuss-both-views.html: ['<script defer src="../../assets/js/read-tracker.js"></script...', '<script defer src="../../assets/js/essay-typing.js"></script...']
[2026-08-17 21:27:29 UTC]   MISSING docs/writing/task2/15-11-urbanisation.html: ['<script defer src="../../assets/js/read-tracker.js"></script...', '<script defer src="../../assets/js/essay-typing.js"></script...']
[2026-08-17 21:27:29 UTC]   MISSING docs/writing/task2/150-3-5-agree-disagree.html: ['<script defer src="../../assets/js/read-tracker.js"></script...', '<script defer src="../../assets/js/essay-typing.js"></script...']
[2026-08-17 21:27:29 UTC]   MISSING docs/writing/task2/151-3-5-discuss-both-views.html: ['<script defer src="../../assets/js/read-tracker.js"></script...', '<script defer src="../../assets/js/essay-typing.js"></script...']
[2026-08-17 21:27:29 UTC]   MISSING docs/writing/task2/152-3-5-advantage-disadvantage.html: ['<script defer src="../../assets/js/read-tracker.js"></script...', '<script defer src="../../assets/js/essay-typing.js"></script...']
[2026-08-17 21:27:29 UTC]   MISSING docs/writing/task2/153-3-5-opinion.html: ['<script defer src="../../assets/js/read-tracker.js"></script...', '<script defer src="../../assets/js/essay-typing.js"></script...']
[2026-08-17 21:27:29 UTC]   MISSING docs/writing/task2/154-3-5-agree-disagree.html: ['<script defer src="../../assets/js/read-tracker.js"></script...', '<script defer src="../../assets/js/essay-typing.js"></script...']
[2026-08-17 21:27:29 UTC]   MISSING docs/writing/task2/155-3-6-problem-solution.html: ['<script defer src="../../assets/js/read-tracker.js"></script...', '<script defer src="../../assets/js/essay-typing.js"></script...']
[2026-08-17 21:27:29 UTC]   MISSING docs/writing/task2/156-3-6-problem-solution.html: ['<script defer src="../../assets/js/read-tracker.js"></script...', '<script defer src="../../assets/js/essay-typing.js"></script...']
[2026-08-17 21:27:29 UTC]   MISSING docs/writing/task2/157-3-6-problem-solution.html: ['<script defer src="../../assets/js/read-tracker.js"></script...', '<script defer src="../../assets/js/essay-typing.js"></script...']
[2026-08-17 21:27:29 UTC]   MISSING docs/writing/task2/158-3-6-problem-solution.html: ['<script defer src="../../assets/js/read-tracker.js"></script...', '<script defer src="../../assets/js/essay-typing.js"></script...']
[2026-08-17 21:27:29 UTC]   MISSING docs/writing/task2/159-3-6-problem-solution.html: ['<script defer src="../../assets/js/read-tracker.js"></script...', '<script defer src="../../assets/js/essay-typing.js"></script...']
[2026-08-17 21:27:29 UTC]   MISSING docs/writing/task2/16-12-culture.html: ['<script defer src="../../assets/js/read-tracker.js"></script...', '<script defer src="../../assets/js/essay-typing.js"></script...']
[2026-08-17 21:27:29 UTC]   MISSING docs/writing/task2/160-3-6-problem-solution.html: ['<script defer src="../../assets/js/read-tracker.js"></script...', '<script defer src="../../assets/js/essay-typing.js"></script...']
[2026-08-17 21:27:29 UTC]   MISSING docs/writing/task2/161-3-6-problem-solution.html: ['<script defer src="../../assets/js/read-tracker.js"></script...', '<script defer src="../../assets/js/essay-typing.js"></script...']
[2026-08-17 21:27:29 UTC]   MISSING docs/writing/task2/162-3-6-problem-solution.html: ['<script defer src="../../assets/js/read-tracker.js"></script...', '<script defer src="../../assets/js/essay-typing.js"></script...']
[2026-08-17 21:27:29 UTC]   MISSING docs/writing/task2/163-3-6-two-questions.html: ['<script defer src="../../assets/js/read-tracker.js"></script...', '<script defer src="../../assets/js/essay-typing.js"></script...']
[2026-08-17 21:27:29 UTC]   MISSING docs/writing/task2/164-3-6-problem-solution.html: ['<script defer src="../../assets/js/read-tracker.js"></script...', '<script defer src="../../assets/js/essay-typing.js"></script...']
[2026-08-17 21:27:29 UTC]   MISSING docs/writing/task2/165-3-6-problem-solution.html: ['<script defer src="../../assets/js/read-tracker.js"></script...', '<script defer src="../../assets/js/essay-typing.js"></script...']
[2026-08-17 21:27:29 UTC]   MISSING docs/writing/task2/166-3-6-two-questions.html: ['<script defer src="../../assets/js/read-tracker.js"></script...', '<script defer src="../../assets/js/essay-typing.js"></script...']
[2026-08-17 21:27:29 UTC]   MISSING docs/writing/task2/167-3-6-two-questions.html: ['<script defer src="../../assets/js/read-tracker.js"></script...', '<script defer src="../../assets/js/essay-typing.js"></script...']
[2026-08-17 21:27:29 UTC]   MISSING docs/writing/task2/168-3-6-problem-solution.html: ['<script defer src="../../assets/js/read-tracker.js"></script...', '<script defer src="../../assets/js/essay-typing.js"></script...']
[2026-08-17 21:27:29 UTC]   MISSING docs/writing/task2/169-3-6-problem-solution.html: ['<script defer src="../../assets/js/read-tracker.js"></script...', '<script defer src="../../assets/js/essay-typing.js"></script...']
[2026-08-17 21:27:29 UTC]   MISSING docs/writing/task2/17-13-ageing.html: ['<script defer src="../../assets/js/read-tracker.js"></script...', '<script defer src="../../assets/js/essay-typing.js"></script...']
[2026-08-17 21:27:29 UTC]   MISSING docs/writing/task2/170-3-7-positive-negative.html: ['<script defer src="../../assets/js/read-tracker.js"></script...', '<script defer src="../../assets/js/essay-typing.js"></script...']
[2026-08-17 21:27:29 UTC]   MISSING docs/writing/task2/171-3-8-agree-disagree.html: ['<script defer src="../../assets/js/read-tracker.js"></script...', '<script defer src="../../assets/js/essay-typing.js"></script...']
[2026-08-17 21:27:29 UTC]   MISSING docs/writing/task2/172-3-8-advantage-disadvantage.html: ['<script defer src="../../assets/js/read-tracker.js"></script...', '<script defer src="../../assets/js/essay-typing.js"></script...']
[2026-08-17 21:27:29 UTC]   MISSING docs/writing/task2/173-3-8-advantage-disadvantage.html: ['<script defer src="../../assets/js/read-tracker.js"></script...', '<script defer src="../../assets/js/essay-typing.js"></script...']
[2026-08-17 21:27:29 UTC]   MISSING docs/writing/task2/174-3-8-agree-disagree.html: ['<script defer src="../../assets/js/read-tracker.js"></script...', '<script defer src="../../assets/js/essay-typing.js"></script...']
[2026-08-17 21:27:29 UTC]   MISSING docs/writing/task2/175-3-9-agree-disagree.html: ['<script defer src="../../assets/js/read-tracker.js"></script...', '<script defer src="../../assets/js/essay-typing.js"></script...']
[2026-08-17 21:27:29 UTC]   MISSING docs/writing/task2/176-3-10-agree-disagree.html: ['<script defer src="../../assets/js/read-tracker.js"></script...', '<script defer src="../../assets/js/essay-typing.js"></script...']
[2026-08-17 21:27:29 UTC]   MISSING docs/writing/task2/177-4-1-agree-disagree.html: ['<script defer src="../../assets/js/read-tracker.js"></script...', '<script defer src="../../assets/js/essay-typing.js"></script...']
[2026-08-17 21:27:29 UTC]   MISSING docs/writing/task2/178-4-1-agree-disagree.html: ['<script defer src="../../assets/js/read-tracker.js"></script...', '<script defer src="../../assets/js/essay-typing.js"></script...']
[2026-08-17 21:27:29 UTC]   MISSING docs/writing/task2/179-4-1-discuss-both-views.html: ['<script defer src="../../assets/js/read-tracker.js"></script...', '<script defer src="../../assets/js/essay-typing.js"></script...']
[2026-08-17 21:27:29 UTC]   MISSING docs/writing/task2/18-14-transport.html: ['<script defer src="../../assets/js/read-tracker.js"></script...', '<script defer src="../../assets/js/essay-typing.js"></script...']
[2026-08-17 21:27:29 UTC]   MISSING docs/writing/task2/180-4-1-agree-disagree.html: ['<script defer src="../../assets/js/read-tracker.js"></script...', '<script defer src="../../assets/js/essay-typing.js"></script...']
[2026-08-17 21:27:29 UTC]   MISSING docs/writing/task2/181-4-2-problem-solution.html: ['<script defer src="../../assets/js/read-tracker.js"></script...', '<script defer src="../../assets/js/essay-typing.js"></script...']
[2026-08-17 21:27:29 UTC]   MISSING docs/writing/task2/182-4-3-problem-solution.html: ['<script defer src="../../assets/js/read-tracker.js"></script...', '<script defer src="../../assets/js/essay-typing.js"></script...']
[2026-08-17 21:27:29 UTC]   MISSING docs/writing/task2/183-4-3-agree-disagree.html: ['<script defer src="../../assets/js/read-tracker.js"></script...', '<script defer src="../../assets/js/essay-typing.js"></script...']
[2026-08-17 21:27:29 UTC]   MISSING docs/writing/task2/184-4-4-problem-solution.html: ['<script defer src="../../assets/js/read-tracker.js"></script...', '<script defer src="../../assets/js/essay-typing.js"></script...']
[2026-08-17 21:27:29 UTC]   MISSING docs/writing/task2/185-4-4-problem-solution.html: ['<script defer src="../../assets/js/read-tracker.js"></script...', '<script defer src="../../assets/js/essay-typing.js"></script...']
[2026-08-17 21:27:29 UTC]   MISSING docs/writing/task2/186-4-4-advantage-disadvantage.html: ['<script defer src="../../assets/js/read-tracker.js"></script...', '<script defer src="../../assets/js/essay-typing.js"></script...']
[2026-08-17 21:27:29 UTC]   MISSING docs/writing/task2/187-4-4-discuss-both-views.html: ['<script defer src="../../assets/js/read-tracker.js"></script...', '<script defer src="../../assets/js/essay-typing.js"></script...']
[2026-08-17 21:27:29 UTC]   MISSING docs/writing/task2/188-4-4-agree-disagree.html: ['<script defer src="../../assets/js/read-tracker.js"></script...', '<script defer src="../../assets/js/essay-typing.js"></script...']
[2026-08-17 21:27:29 UTC]   MISSING docs/writing/task2/189-4-4-advantage-disadvantage.html: ['<script defer src="../../assets/js/read-tracker.js"></script...', '<script defer src="../../assets/js/essay-typing.js"></script...']
[2026-08-17 21:27:29 UTC]   MISSING docs/writing/task2/19-15-values-compare.html: ['<script defer src="../../assets/js/read-tracker.js"></script...', '<script defer src="../../assets/js/essay-typing.js"></script...']
[2026-08-17 21:27:29 UTC]   MISSING docs/writing/task2/190-4-5-problem-solution.html: ['<script defer src="../../assets/js/read-tracker.js"></script...', '<script defer src="../../assets/js/essay-typing.js"></script...']
[2026-08-17 21:27:29 UTC]   MISSING docs/writing/task2/191-4-6-problem-solution.html: ['<script defer src="../../assets/js/read-tracker.js"></script...', '<script defer src="../../assets/js/essay-typing.js"></script...']
[2026-08-17 21:27:29 UTC]   MISSING docs/writing/task2/192-4-6-two-questions.html: ['<script defer src="../../assets/js/read-tracker.js"></script...', '<script defer src="../../assets/js/essay-typing.js"></script...']
[2026-08-17 21:27:29 UTC]   MISSING docs/writing/task2/193-4-7-agree-disagree.html: ['<script defer src="../../assets/js/read-tracker.js"></script...', '<script defer src="../../assets/js/essay-typing.js"></script...']
[2026-08-17 21:27:29 UTC]   MISSING docs/writing/task2/194-4-7-discuss-both-views.html: ['<script defer src="../../assets/js/read-tracker.js"></script...', '<script defer src="../../assets/js/essay-typing.js"></script...']
[2026-08-17 21:27:29 UTC]   MISSING docs/writing/task2/195-4-7-agree-disagree.html: ['<script defer src="../../assets/js/read-tracker.js"></script...', '<script defer src="../../assets/js/essay-typing.js"></script...']
[2026-08-17 21:27:29 UTC]   MISSING docs/writing/task2/196-5-1-agree-disagree.html: ['<script defer src="../../assets/js/read-tracker.js"></script...', '<script defer src="../../assets/js/essay-typing.js"></script...']
[2026-08-17 21:27:29 UTC]   MISSING docs/writing/task2/197-5-1-agree-disagree.html: ['<script defer src="../../assets/js/read-tracker.js"></script...', '<script defer src="../../assets/js/essay-typing.js"></script...']
[2026-08-17 21:27:29 UTC]   MISSING docs/writing/task2/198-5-1-agree-disagree.html: ['<script defer src="../../assets/js/read-tracker.js"></script...', '<script defer src="../../assets/js/essay-typing.js"></script...']
[2026-08-17 21:27:29 UTC]   MISSING docs/writing/task2/199-5-1-agree-disagree.html: ['<script defer src="../../assets/js/read-tracker.js"></script...', '<script defer src="../../assets/js/essay-typing.js"></script...']
[2026-08-17 21:27:29 UTC]   MISSING docs/writing/task2/20-16-social-phenomenon.html: ['<script defer src="../../assets/js/read-tracker.js"></script...', '<script defer src="../../assets/js/essay-typing.js"></script...']
[2026-08-17 21:27:29 UTC]   MISSING docs/writing/task2/200-5-1-discuss-both-views.html: ['<script defer src="../../assets/js/read-tracker.js"></script...', '<script defer src="../../assets/js/essay-typing.js"></script...']
[2026-08-17 21:27:29 UTC]   MISSING docs/writing/task2/201-5-1-discuss-both-views.html: ['<script defer src="../../assets/js/read-tracker.js"></script...', '<script defer src="../../assets/js/essay-typing.js"></script...']
[2026-08-17 21:27:29 UTC]   MISSING docs/writing/task2/202-5-1-opinion.html: ['<script defer src="../../assets/js/read-tracker.js"></script...', '<script defer src="../../assets/js/essay-typing.js"></script...']
[2026-08-17 21:27:29 UTC]   MISSING docs/writing/task2/203-5-1-agree-disagree.html: ['<script defer src="../../assets/js/read-tracker.js"></script...', '<script defer src="../../assets/js/essay-typing.js"></script...']
[2026-08-17 21:27:29 UTC]   MISSING docs/writing/task2/204-5-1-agree-disagree.html: ['<script defer src="../../assets/js/read-tracker.js"></script...', '<script defer src="../../assets/js/essay-typing.js"></script...']
[2026-08-17 21:27:29 UTC]   MISSING docs/writing/task2/205-5-1-agree-disagree.html: ['<script defer src="../../assets/js/read-tracker.js"></script...', '<script defer src="../../assets/js/essay-typing.js"></script...']
[2026-08-17 21:27:29 UTC]   MISSING docs/writing/task2/206-5-1-positive-negative.html: ['<script defer src="../../assets/js/read-tracker.js"></script...', '<script defer src="../../assets/js/essay-typing.js"></script...']
[2026-08-17 21:27:29 UTC]   MISSING docs/writing/task2/207-5-1-discuss-both-views.html: ['<script defer src="../../assets/js/read-tracker.js"></script...', '<script defer src="../../assets/js/essay-typing.js"></script...']
[2026-08-17 21:27:29 UTC]   MISSING docs/writing/task2/208-5-1-advantage-disadvantage.html: ['<script defer src="../../assets/js/read-tracker.js"></script...', '<script defer src="../../assets/js/essay-typing.js"></script...']
[2026-08-17 21:27:29 UTC]   MISSING docs/writing/task2/209-5-1-discuss-both-views.html: ['<script defer src="../../assets/js/read-tracker.js"></script...', '<script defer src="../../assets/js/essay-typing.js"></script...']
[2026-08-17 21:27:29 UTC]   MISSING docs/writing/task2/21-17-privacy.html: ['<script defer src="../../assets/js/read-tracker.js"></script...', '<script defer src="../../assets/js/essay-typing.js"></script...']
[2026-08-17 21:27:29 UTC]   MISSING docs/writing/task2/210-5-2-agree-disagree.html: ['<script defer src="../../assets/js/read-tracker.js"></script...', '<script defer src="../../assets/js/essay-typing.js"></script...']
[2026-08-17 21:27:29 UTC]   MISSING docs/writing/task2/211-5-2-problem-solution.html: ['<script defer src="../../assets/js/read-tracker.js"></script...', '<script defer src="../../assets/js/essay-typing.js"></script...']
[2026-08-17 21:27:29 UTC]   MISSING docs/writing/task2/212-5-2-agree-disagree.html: ['<script defer src="../../assets/js/read-tracker.js"></script...', '<script defer src="../../assets/js/essay-typing.js"></script...']
[2026-08-17 21:27:29 UTC]   MISSING docs/writing/task2/213-5-2-problem-solution.html: ['<script defer src="../../assets/js/read-tracker.js"></script...', '<script defer src="../../assets/js/essay-typing.js"></script...']
[2026-08-17 21:27:29 UTC]   MISSING docs/writing/task2/214-5-2-advantage-disadvantage.html: ['<script defer src="../../assets/js/read-tracker.js"></script...', '<script defer src="../../assets/js/essay-typing.js"></script...']
[2026-08-17 21:27:29 UTC]   MISSING docs/writing/task2/215-5-2-agree-disagree.html: ['<script defer src="../../assets/js/read-tracker.js"></script...', '<script defer src="../../assets/js/essay-typing.js"></script...']
[2026-08-17 21:27:29 UTC]   MISSING docs/writing/task2/216-6-1-agree-disagree.html: ['<script defer src="../../assets/js/read-tracker.js"></script...', '<script defer src="../../assets/js/essay-typing.js"></script...']
[2026-08-17 21:27:29 UTC]   MISSING docs/writing/task2/217-6-1-discuss-both-views.html: ['<script defer src="../../assets/js/read-tracker.js"></script...', '<script defer src="../../assets/js/essay-typing.js"></script...']
[2026-08-17 21:27:29 UTC]   MISSING docs/writing/task2/218-6-1-positive-negative.html: ['<script defer src="../../assets/js/read-tracker.js"></script...', '<script defer src="../../assets/js/essay-typing.js"></script...']
[2026-08-17 21:27:29 UTC]   MISSING docs/writing/task2/219-6-1-advantage-disadvantage.html: ['<script defer src="../../assets/js/read-tracker.js"></script...', '<script defer src="../../assets/js/essay-typing.js"></script...']
[2026-08-17 21:27:29 UTC]   MISSING docs/writing/task2/22-18-life-change.html: ['<script defer src="../../assets/js/read-tracker.js"></script...', '<script defer src="../../assets/js/essay-typing.js"></script...']
[2026-08-17 21:27:29 UTC]   MISSING docs/writing/task2/220-6-1-advantage-disadvantage.html: ['<script defer src="../../assets/js/read-tracker.js"></script...', '<script defer src="../../assets/js/essay-typing.js"></script...']
[2026-08-17 21:27:29 UTC]   MISSING docs/writing/task2/221-6-1-positive-negative.html: ['<script defer src="../../assets/js/read-tracker.js"></script...', '<script defer src="../../assets/js/essay-typing.js"></script...']
[2026-08-17 21:27:29 UTC]   MISSING docs/writing/task2/222-6-1-agree-disagree.html: ['<script defer src="../../assets/js/read-tracker.js"></script...', '<script defer src="../../assets/js/essay-typing.js"></script...']
[2026-08-17 21:27:29 UTC]   MISSING docs/writing/task2/223-6-1-agree-disagree.html: ['<script defer src="../../assets/js/read-tracker.js"></script...', '<script defer src="../../assets/js/essay-typing.js"></script...']
[2026-08-17 21:27:29 UTC]   MISSING docs/writing/task2/224-6-1-discuss-both-views.html: ['<script defer src="../../assets/js/read-tracker.js"></script...', '<script defer src="../../assets/js/essay-typing.js"></script...']
[2026-08-17 21:27:29 UTC]   MISSING docs/writing/task2/225-6-1-discuss-both-views.html: ['<script defer src="../../assets/js/read-tracker.js"></script...', '<script defer src="../../assets/js/essay-typing.js"></script...']
[2026-08-17 21:27:29 UTC]   MISSING docs/writing/task2/226-6-1-agree-disagree.html: ['<script defer src="../../assets/js/read-tracker.js"></script...', '<script defer src="../../assets/js/essay-typing.js"></script...']
[2026-08-17 21:27:29 UTC]   MISSING docs/writing/task2/227-6-1-discuss-both-views.html: ['<script defer src="../../assets/js/read-tracker.js"></script...', '<script defer src="../../assets/js/essay-typing.js"></script...']
[2026-08-17 21:27:29 UTC]   MISSING docs/writing/task2/228-6-1-discuss-both-views.html: ['<script defer src="../../assets/js/read-tracker.js"></script...', '<script defer src="../../assets/js/essay-typing.js"></script...']
[2026-08-17 21:27:29 UTC]   MISSING docs/writing/task2/229-6-1-agree-disagree.html: ['<script defer src="../../assets/js/read-tracker.js"></script...', '<script defer src="../../assets/js/essay-typing.js"></script...']
[2026-08-17 21:27:29 UTC]   MISSING docs/writing/task2/23-19-gender.html: ['<script defer src="../../assets/js/read-tracker.js"></script...', '<script defer src="../../assets/js/essay-typing.js"></script...']
[2026-08-17 21:27:29 UTC]   MISSING docs/writing/task2/230-6-1-discuss-both-views.html: ['<script defer src="../../assets/js/read-tracker.js"></script...', '<script defer src="../../assets/js/essay-typing.js"></script...']
[2026-08-17 21:27:29 UTC]   MISSING docs/writing/task2/231-6-1-discuss-both-views.html: ['<script defer src="../../assets/js/read-tracker.js"></script...', '<script defer src="../../assets/js/essay-typing.js"></script...']
[2026-08-17 21:27:29 UTC]   MISSING docs/writing/task2/232-6-1-agree-disagree.html: ['<script defer src="../../assets/js/read-tracker.js"></script...', '<script defer src="../../assets/js/essay-typing.js"></script...']
[2026-08-17 21:27:29 UTC]   MISSING docs/writing/task2/233-6-1-two-questions.html: ['<script defer src="../../assets/js/read-tracker.js"></script...', '<script defer src="../../assets/js/essay-typing.js"></script...']
[2026-08-17 21:27:29 UTC]   MISSING docs/writing/task2/234-6-2-discuss-both-views.html: ['<script defer src="../../assets/js/read-tracker.js"></script...', '<script defer src="../../assets/js/essay-typing.js"></script...']
[2026-08-17 21:27:29 UTC]   MISSING docs/writing/task2/235-6-2-agree-disagree.html: ['<script defer src="../../assets/js/read-tracker.js"></script...', '<script defer src="../../assets/js/essay-typing.js"></script...']
[2026-08-17 21:27:29 UTC]   MISSING docs/writing/task2/236-6-2-problem-solution.html: ['<script defer src="../../assets/js/read-tracker.js"></script...', '<script defer src="../../assets/js/essay-typing.js"></script...']
[2026-08-17 21:27:29 UTC]   MISSING docs/writing/task2/237-6-2-discuss-both-views.html: ['<script defer src="../../assets/js/read-tracker.js"></script...', '<script defer src="../../assets/js/essay-typing.js"></script...']
[2026-08-17 21:27:29 UTC]   MISSING docs/writing/task2/238-6-2-problem-solution.html: ['<script defer src="../../assets/js/read-tracker.js"></script...', '<script defer src="../../assets/js/essay-typing.js"></script...']
[2026-08-17 21:27:29 UTC]   MISSING docs/writing/task2/239-7-1-problem-solution.html: ['<script defer src="../../assets/js/read-tracker.js"></script...', '<script defer src="../../assets/js/essay-typing.js"></script...']
[2026-08-17 21:27:29 UTC]   MISSING docs/writing/task2/24-20-civility.html: ['<script defer src="../../assets/js/read-tracker.js"></script...', '<script defer src="../../assets/js/essay-typing.js"></script...']
[2026-08-17 21:27:29 UTC]   MISSING docs/writing/task2/240-7-1-agree-disagree.html: ['<script defer src="../../assets/js/read-tracker.js"></script...', '<script defer src="../../assets/js/essay-typing.js"></script...']
[2026-08-17 21:27:29 UTC]   MISSING docs/writing/task2/241-7-1-discuss-both-views.html: ['<script defer src="../../assets/js/read-tracker.js"></script...', '<script defer src="../../assets/js/essay-typing.js"></script...']
[2026-08-17 21:27:29 UTC]   MISSING docs/writing/task2/242-7-1-agree-disagree.html: ['<script defer src="../../assets/js/read-tracker.js"></script...', '<script defer src="../../assets/js/essay-typing.js"></script...']
[2026-08-17 21:27:29 UTC]   MISSING docs/writing/task2/243-7-1-agree-disagree.html: ['<script defer src="../../assets/js/read-tracker.js"></script...', '<script defer src="../../assets/js/essay-typing.js"></script...']
[2026-08-17 21:27:29 UTC]   MISSING docs/writing/task2/244-8-1-agree-disagree.html: ['<script defer src="../../assets/js/read-tracker.js"></script...', '<script defer src="../../assets/js/essay-typing.js"></script...']
[2026-08-17 21:27:29 UTC]   MISSING docs/writing/task2/245-8-1-positive-negative.html: ['<script defer src="../../assets/js/read-tracker.js"></script...', '<script defer src="../../assets/js/essay-typing.js"></script...']
[2026-08-17 21:27:29 UTC]   MISSING docs/writing/task2/246-8-1-agree-disagree.html: ['<script defer src="../../assets/js/read-tracker.js"></script...', '<script defer src="../../assets/js/essay-typing.js"></script...']
[2026-08-17 21:27:29 UTC]   MISSING docs/writing/task2/247-8-1-problem-solution.html: ['<script defer src="../../assets/js/read-tracker.js"></script...', '<script defer src="../../assets/js/essay-typing.js"></script...']
[2026-08-17 21:27:29 UTC]   MISSING docs/writing/task2/248-8-1-discuss-both-views.html: ['<script defer src="../../assets/js/read-tracker.js"></script...', '<script defer src="../../assets/js/essay-typing.js"></script...']
[2026-08-17 21:27:29 UTC]   MISSING docs/writing/task2/249-8-1-discuss-both-views.html: ['<script defer src="../../assets/js/read-tracker.js"></script...', '<script defer src="../../assets/js/essay-typing.js"></script...']
[2026-08-17 21:27:29 UTC]   MISSING docs/writing/task2/25-21-animal-protection.html: ['<script defer src="../../assets/js/read-tracker.js"></script...', '<script defer src="../../assets/js/essay-typing.js"></script...']
[2026-08-17 21:27:29 UTC]   MISSING docs/writing/task2/250-8-1-agree-disagree.html: ['<script defer src="../../assets/js/read-tracker.js"></script...', '<script defer src="../../assets/js/essay-typing.js"></script...']
[2026-08-17 21:27:29 UTC]   MISSING docs/writing/task2/251-8-1-discuss-both-views.html: ['<script defer src="../../assets/js/read-tracker.js"></script...', '<script defer src="../../assets/js/essay-typing.js"></script...']
[2026-08-17 21:27:29 UTC]   MISSING docs/writing/task2/252-8-1-two-questions.html: ['<script defer src="../../assets/js/read-tracker.js"></script...', '<script defer src="../../assets/js/essay-typing.js"></script...']
[2026-08-17 21:27:29 UTC]   MISSING docs/writing/task2/253-8-1-agree-disagree.html: ['<script defer src="../../assets/js/read-tracker.js"></script...', '<script defer src="../../assets/js/essay-typing.js"></script...']
[2026-08-17 21:27:29 UTC]   MISSING docs/writing/task2/254-8-1-agree-disagree.html: ['<script defer src="../../assets/js/read-tracker.js"></script...', '<script defer src="../../assets/js/essay-typing.js"></script...']
[2026-08-17 21:27:29 UTC]   MISSING docs/writing/task2/255-8-1-discuss-both-views.html: ['<script defer src="../../assets/js/read-tracker.js"></script...', '<script defer src="../../assets/js/essay-typing.js"></script...']
[2026-08-17 21:27:29 UTC]   MISSING docs/writing/task2/256-8-1-positive-negative.html: ['<script defer src="../../assets/js/read-tracker.js"></script...', '<script defer src="../../assets/js/essay-typing.js"></script...']
[2026-08-17 21:27:29 UTC]   MISSING docs/writing/task2/257-8-2-two-questions.html: ['<script defer src="../../assets/js/read-tracker.js"></script...', '<script defer src="../../assets/js/essay-typing.js"></script...']
[2026-08-17 21:27:29 UTC]   MISSING docs/writing/task2/258-8-2-discuss-both-views.html: ['<script defer src="../../assets/js/read-tracker.js"></script...', '<script defer src="../../assets/js/essay-typing.js"></script...']
[2026-08-17 21:27:29 UTC]   MISSING docs/writing/task2/259-8-2-two-questions.html: ['<script defer src="../../assets/js/read-tracker.js"></script...', '<script defer src="../../assets/js/essay-typing.js"></script...']
[2026-08-17 21:27:29 UTC]   MISSING docs/writing/task2/26-22-plastic.html: ['<script defer src="../../assets/js/read-tracker.js"></script...', '<script defer src="../../assets/js/essay-typing.js"></script...']
[2026-08-17 21:27:29 UTC]   MISSING docs/writing/task2/260-8-2-positive-negative.html: ['<script defer src="../../assets/js/read-tracker.js"></script...', '<script defer src="../../assets/js/essay-typing.js"></script...']
[2026-08-17 21:27:29 UTC]   MISSING docs/writing/task2/261-9-1-discuss-both-views.html: ['<script defer src="../../assets/js/read-tracker.js"></script...', '<script defer src="../../assets/js/essay-typing.js"></script...']
[2026-08-17 21:27:29 UTC]   MISSING docs/writing/task2/262-9-1-agree-disagree.html: ['<script defer src="../../assets/js/read-tracker.js"></script...', '<script defer src="../../assets/js/essay-typing.js"></script...']
[2026-08-17 21:27:29 UTC]   MISSING docs/writing/task2/263-9-1-agree-disagree.html: ['<script defer src="../../assets/js/read-tracker.js"></script...', '<script defer src="../../assets/js/essay-typing.js"></script...']
[2026-08-17 21:27:29 UTC]   MISSING docs/writing/task2/264-9-1-discuss-both-views.html: ['<script defer src="../../assets/js/read-tracker.js"></script...', '<script defer src="../../assets/js/essay-typing.js"></script...']
[2026-08-17 21:27:29 UTC]   MISSING docs/writing/task2/265-9-1-discuss-both-views.html: ['<script defer src="../../assets/js/read-tracker.js"></script...', '<script defer src="../../assets/js/essay-typing.js"></script...']
[2026-08-17 21:27:29 UTC]   MISSING docs/writing/task2/266-9-1-discuss-both-views.html: ['<script defer src="../../assets/js/read-tracker.js"></script...', '<script defer src="../../assets/js/essay-typing.js"></script...']
[2026-08-17 21:27:29 UTC]   MISSING docs/writing/task2/267-9-1-agree-disagree.html: ['<script defer src="../../assets/js/read-tracker.js"></script...', '<script defer src="../../assets/js/essay-typing.js"></script...']
[2026-08-17 21:27:29 UTC]   MISSING docs/writing/task2/268-9-1-discuss-both-views.html: ['<script defer src="../../assets/js/read-tracker.js"></script...', '<script defer src="../../assets/js/essay-typing.js"></script...']
[2026-08-17 21:27:29 UTC]   MISSING docs/writing/task2/269-9-1-agree-disagree.html: ['<script defer src="../../assets/js/read-tracker.js"></script...', '<script defer src="../../assets/js/essay-typing.js"></script...']
[2026-08-17 21:27:29 UTC]   MISSING docs/writing/task2/27-23-water.html: ['<script defer src="../../assets/js/read-tracker.js"></script...', '<script defer src="../../assets/js/essay-typing.js"></script...']
[2026-08-17 21:27:29 UTC]   MISSING docs/writing/task2/270-9-1-discuss-both-views.html: ['<script defer src="../../assets/js/read-tracker.js"></script...', '<script defer src="../../assets/js/essay-typing.js"></script...']
[2026-08-17 21:27:29 UTC]   MISSING docs/writing/task2/271-9-1-discuss-both-views.html: ['<script defer src="../../assets/js/read-tracker.js"></script...', '<script defer src="../../assets/js/essay-typing.js"></script...']
[2026-08-17 21:27:29 UTC]   MISSING docs/writing/task2/272-10-1-agree-disagree.html: ['<script defer src="../../assets/js/read-tracker.js"></script...', '<script defer src="../../assets/js/essay-typing.js"></script...']
[2026-08-17 21:27:29 UTC]   MISSING docs/writing/task2/273-10-1-problem-solution.html: ['<script defer src="../../assets/js/read-tracker.js"></script...', '<script defer src="../../assets/js/essay-typing.js"></script...']
[2026-08-17 21:27:29 UTC]   MISSING docs/writing/task2/274-10-1-problem-solution.html: ['<script defer src="../../assets/js/read-tracker.js"></script...', '<script defer src="../../assets/js/essay-typing.js"></script...']
[2026-08-17 21:27:29 UTC]   MISSING docs/writing/task2/275-10-1-agree-disagree.html: ['<script defer src="../../assets/js/read-tracker.js"></script...', '<script defer src="../../assets/js/essay-typing.js"></script...']
[2026-08-17 21:27:29 UTC]   MISSING docs/writing/task2/276-10-1-discuss-both-views.html: ['<script defer src="../../assets/js/read-tracker.js"></script...', '<script defer src="../../assets/js/essay-typing.js"></script...']
[2026-08-17 21:27:29 UTC]   MISSING docs/writing/task2/277-10-1-discuss-both-views.html: ['<script defer src="../../assets/js/read-tracker.js"></script...', '<script defer src="../../assets/js/essay-typing.js"></script...']
[2026-08-17 21:27:29 UTC]   MISSING docs/writing/task2/278-10-1-discuss-both-views.html: ['<script defer src="../../assets/js/read-tracker.js"></script...', '<script defer src="../../assets/js/essay-typing.js"></script...']
[2026-08-17 21:27:29 UTC]   MISSING docs/writing/task2/279-10-1-agree-disagree.html: ['<script defer src="../../assets/js/read-tracker.js"></script...', '<script defer src="../../assets/js/essay-typing.js"></script...']
[2026-08-17 21:27:29 UTC]   MISSING docs/writing/task2/28-24-noise-pollution.html: ['<script defer src="../../assets/js/read-tracker.js"></script...', '<script defer src="../../assets/js/essay-typing.js"></script...']
[2026-08-17 21:27:29 UTC]   MISSING docs/writing/task2/29-25-consumption-env.html: ['<script defer src="../../assets/js/read-tracker.js"></script...', '<script defer src="../../assets/js/essay-typing.js"></script...']
[2026-08-17 21:27:29 UTC]   MISSING docs/writing/task2/30-02-qual-meaning.html: ['<script defer src="../../assets/js/read-tracker.js"></script...', '<script defer src="../../assets/js/essay-typing.js"></script...']
[2026-08-17 21:27:29 UTC]   MISSING docs/writing/task2/31-03-education-method.html: ['<script defer src="../../assets/js/read-tracker.js"></script...', '<script defer src="../../assets/js/essay-typing.js"></script...']
[2026-08-17 21:27:29 UTC]   MISSING docs/writing/task2/32-27-technology.html: ['<script defer src="../../assets/js/read-tracker.js"></script...', '<script defer src="../../assets/js/essay-typing.js"></script...']
[2026-08-17 21:27:29 UTC]   MISSING docs/writing/task2/33-28-health.html: ['<script defer src="../../assets/js/read-tracker.js"></script...', '<script defer src="../../assets/js/essay-typing.js"></script...']
[2026-08-17 21:27:29 UTC]   MISSING docs/writing/task2/34-29-media.html: ['<script defer src="../../assets/js/read-tracker.js"></script...', '<script defer src="../../assets/js/essay-typing.js"></script...']
[2026-08-17 21:27:29 UTC]   MISSING docs/writing/task2/35-30-advertising.html: ['<script defer src="../../assets/js/read-tracker.js"></script...', '<script defer src="../../assets/js/essay-typing.js"></script...']
[2026-08-17 21:27:29 UTC]   MISSING docs/writing/task2/36-31-globalisation.html: ['<script defer src="../../assets/js/read-tracker.js"></script...', '<script defer src="../../assets/js/essay-typing.js"></script...']
[2026-08-17 21:27:29 UTC]   MISSING docs/writing/task2/37-32-travel.html: ['<script defer src="../../assets/js/read-tracker.js"></script...', '<script defer src="../../assets/js/essay-typing.js"></script...']
[2026-08-17 21:27:29 UTC]   MISSING docs/writing/task2/38-1-1-single-question.html: ['<script defer src="../../assets/js/read-tracker.js"></script...', '<script defer src="../../assets/js/essay-typing.js"></script...']
[2026-08-17 21:27:29 UTC]   MISSING docs/writing/task2/39-1-1-problem-solution.html: ['<script defer src="../../assets/js/read-tracker.js"></script...', '<script defer src="../../assets/js/essay-typing.js"></script...']
[2026-08-17 21:27:29 UTC]   MISSING docs/writing/task2/40-1-2-advantage-disadvantage.html: ['<script defer src="../../assets/js/read-tracker.js"></script...', '<script defer src="../../assets/js/essay-typing.js"></script...']
[2026-08-17 21:27:29 UTC]   MISSING docs/writing/task2/41-1-5-single-question.html: ['<script defer src="../../assets/js/read-tracker.js"></script...', '<script defer src="../../assets/js/essay-typing.js"></script...']
[2026-08-17 21:27:29 UTC]   MISSING docs/writing/task2/42-4-4-problem-solution.html: ['<script defer src="../../assets/js/read-tracker.js"></script...', '<script defer src="../../assets/js/essay-typing.js"></script...']
[2026-08-17 21:27:29 UTC]   MISSING docs/speaking/topics/p1-area.html: ['<script defer src="../assets/js/read-tracker.js"></script>']
[2026-08-17 21:27:29 UTC]   MISSING docs/speaking/topics/p1-city.html: ['<script defer src="../assets/js/read-tracker.js"></script>']
[2026-08-17 21:27:29 UTC]   MISSING docs/speaking/topics/p1-home.html: ['<script defer src="../assets/js/read-tracker.js"></script>']
[2026-08-17 21:27:29 UTC]   MISSING docs/speaking/topics/p1-hometown.html: ['<script defer src="../assets/js/read-tracker.js"></script>']
[2026-08-17 21:27:29 UTC]   MISSING docs/speaking/topics/p1-work.html: ['<script defer src="../assets/js/read-tracker.js"></script>']
[2026-08-17 21:27:29 UTC]   MISSING docs/speaking/topics/p1f-building.html: ['<script defer src="../assets/js/read-tracker.js"></script>']
[2026-08-17 21:27:29 UTC]   MISSING docs/speaking/topics/p1f-cars.html: ['<script defer src="../assets/js/read-tracker.js"></script>']
[2026-08-17 21:27:29 UTC]   MISSING docs/speaking/topics/p1f-childhood.html: ['<script defer src="../assets/js/read-tracker.js"></script>']
[2026-08-17 21:27:29 UTC]   MISSING docs/speaking/topics/p1f-food.html: ['<script defer src="../assets/js/read-tracker.js"></script>']
[2026-08-17 21:27:29 UTC]   MISSING docs/speaking/topics/p1f-gifts.html: ['<script defer src="../assets/js/read-tracker.js"></script>']
[2026-08-17 21:27:29 UTC]   MISSING docs/speaking/topics/p1f-hobby.html: ['<script defer src="../assets/js/read-tracker.js"></script>']
[2026-08-17 21:27:29 UTC]   MISSING docs/speaking/topics/p1f-life-stages.html: ['<script defer src="../assets/js/read-tracker.js"></script>']
[2026-08-17 21:27:29 UTC]   MISSING docs/speaking/topics/p1f-mirrors.html: ['<script defer src="../assets/js/read-tracker.js"></script>']
[2026-08-17 21:27:29 UTC]   MISSING docs/speaking/topics/p1f-morning.html: ['<script defer src="../assets/js/read-tracker.js"></script>']
[2026-08-17 21:27:29 UTC]   MISSING docs/speaking/topics/p1f-music.html: ['<script defer src="../assets/js/read-tracker.js"></script>']
[2026-08-17 21:27:29 UTC]   MISSING docs/speaking/topics/p1f-outer-space.html: ['<script defer src="../assets/js/read-tracker.js"></script>']
[2026-08-17 21:27:29 UTC]   MISSING docs/speaking/topics/p1f-parks.html: ['<script defer src="../assets/js/read-tracker.js"></script>']
[2026-08-17 21:27:29 UTC]   MISSING docs/speaking/topics/p1f-pets.html: ['<script defer src="../assets/js/read-tracker.js"></script>']
[2026-08-17 21:27:29 UTC]   MISSING docs/speaking/topics/p1f-reading.html: ['<script defer src="../assets/js/read-tracker.js"></script>']
[2026-08-17 21:27:29 UTC]   MISSING docs/speaking/topics/p1f-scenery.html: ['<script defer src="../assets/js/read-tracker.js"></script>']
[2026-08-17 21:27:29 UTC]   MISSING docs/speaking/topics/p1f-science.html: ['<script defer src="../assets/js/read-tracker.js"></script>']
[2026-08-17 21:27:29 UTC]   MISSING docs/speaking/topics/p1f-shopping.html: ['<script defer src="../assets/js/read-tracker.js"></script>']
[2026-08-17 21:27:29 UTC]   MISSING docs/speaking/topics/p1f-singing.html: ['<script defer src="../assets/js/read-tracker.js"></script>']
[2026-08-17 21:27:29 UTC]   MISSING docs/speaking/topics/p1f-social-media.html: ['<script defer src="../assets/js/read-tracker.js"></script>']
[2026-08-17 21:27:29 UTC]   MISSING docs/speaking/topics/p1f-sports-team.html: ['<script defer src="../assets/js/read-tracker.js"></script>']
[2026-08-17 21:27:29 UTC]   MISSING docs/speaking/topics/p1f-teachers.html: ['<script defer src="../assets/js/read-tracker.js"></script>']
[2026-08-17 21:27:29 UTC]   MISSING docs/speaking/topics/p1f-tidiness.html: ['<script defer src="../assets/js/read-tracker.js"></script>']
[2026-08-17 21:27:29 UTC]   MISSING docs/speaking/topics/p1f-typing.html: ['<script defer src="../assets/js/read-tracker.js"></script>']
[2026-08-17 21:27:29 UTC]   MISSING docs/speaking/topics/p1f-views.html: ['<script defer src="../assets/js/read-tracker.js"></script>']
[2026-08-17 21:27:29 UTC]   MISSING docs/speaking/topics/p1f-walking.html: ['<script defer src="../assets/js/read-tracker.js"></script>']
[2026-08-17 21:27:29 UTC]   MISSING docs/speaking/topics/p1f-watch.html: ['<script defer src="../assets/js/read-tracker.js"></script>']
[2026-08-17 21:27:29 UTC]   MISSING docs/speaking/topics/p1f-websites.html: ['<script defer src="../assets/js/read-tracker.js"></script>']
[2026-08-17 21:27:29 UTC]   MISSING docs/speaking/topics/p23-advice.html: ['<script defer src="../assets/js/read-tracker.js"></script>']
[2026-08-17 21:27:29 UTC]   MISSING docs/speaking/topics/p23-app.html: ['<script defer src="../assets/js/read-tracker.js"></script>']
[2026-08-17 21:27:29 UTC]   MISSING docs/speaking/topics/p23-bad-music.html: ['<script defer src="../assets/js/read-tracker.js"></script>']
[2026-08-17 21:27:29 UTC]   MISSING docs/speaking/topics/p23-boring.html: ['<script defer src="../assets/js/read-tracker.js"></script>']
[2026-08-17 21:27:29 UTC]   MISSING docs/speaking/topics/p23-business.html: ['<script defer src="../assets/js/read-tracker.js"></script>']
[2026-08-17 21:27:29 UTC]   MISSING docs/speaking/topics/p23-changed-plan.html: ['<script defer src="../assets/js/read-tracker.js"></script>']
[2026-08-17 21:27:29 UTC]   MISSING docs/speaking/topics/p23-child-art.html: ['<script defer src="../assets/js/read-tracker.js"></script>']
[2026-08-17 21:27:29 UTC]   MISSING docs/speaking/topics/p23-child-friend.html: ['<script defer src="../assets/js/read-tracker.js"></script>']
[2026-08-17 21:27:29 UTC]   MISSING docs/speaking/topics/p23-decision.html: ['<script defer src="../assets/js/read-tracker.js"></script>']
[2026-08-17 21:27:29 UTC]   MISSING docs/speaking/topics/p23-early.html: ['<script defer src="../assets/js/read-tracker.js"></script>']
[2026-08-17 21:27:29 UTC]   MISSING docs/speaking/topics/p23-encourage.html: ['<script defer src="../assets/js/read-tracker.js"></script>']
[2026-08-17 21:27:29 UTC]   MISSING docs/speaking/topics/p23-famous-city.html: ['<script defer src="../assets/js/read-tracker.js"></script>']
[2026-08-17 21:27:29 UTC]   MISSING docs/speaking/topics/p23-famous.html: ['<script defer src="../assets/js/read-tracker.js"></script>']
[2026-08-17 21:27:29 UTC]   MISSING docs/speaking/topics/p23-fav-city.html: ['<script defer src="../assets/js/read-tracker.js"></script>']
[2026-08-17 21:27:29 UTC]   MISSING docs/speaking/topics/p23-foreign-job.html: ['<script defer src="../assets/js/read-tracker.js"></script>']
[2026-08-17 21:27:29 UTC]   MISSING docs/speaking/topics/p23-group.html: ['<script defer src="../assets/js/read-tracker.js"></script>']
[2026-08-17 21:27:29 UTC]   MISSING docs/speaking/topics/p23-heirloom.html: ['<script defer src="../assets/js/read-tracker.js"></script>']
[2026-08-17 21:27:29 UTC]   MISSING docs/speaking/topics/p23-helper.html: ['<script defer src="../assets/js/read-tracker.js"></script>']
[2026-08-17 21:27:29 UTC]   MISSING docs/speaking/topics/p23-imagination.html: ['<script defer src="../assets/js/read-tracker.js"></script>']
[2026-08-17 21:27:29 UTC]   MISSING docs/speaking/topics/p23-interest-bldg.html: ['<script defer src="../assets/js/read-tracker.js"></script>']
[2026-08-17 21:27:29 UTC]   MISSING docs/speaking/topics/p23-law.html: ['<script defer src="../assets/js/read-tracker.js"></script>']
[2026-08-17 21:27:29 UTC]   MISSING docs/speaking/topics/p23-medical.html: ['<script defer src="../assets/js/read-tracker.js"></script>']
[2026-08-17 21:27:29 UTC]   MISSING docs/speaking/topics/p23-movie.html: ['<script defer src="../assets/js/read-tracker.js"></script>']
[2026-08-17 21:27:29 UTC]   MISSING docs/speaking/topics/p23-nanning.html: ['<script defer src="../assets/js/read-tracker.js"></script>']
[2026-08-17 21:27:29 UTC]   MISSING docs/speaking/topics/p23-nature.html: ['<script defer src="../assets/js/read-tracker.js"></script>']
[2026-08-17 21:27:29 UTC]   MISSING docs/speaking/topics/p23-no-phone.html: ['<script defer src="../assets/js/read-tracker.js"></script>']
[2026-08-17 21:27:29 UTC]   MISSING docs/speaking/topics/p23-overspent.html: ['<script defer src="../assets/js/read-tracker.js"></script>']
[2026-08-17 21:27:29 UTC]   MISSING docs/speaking/topics/p23-perfect-job.html: ['<script defer src="../assets/js/read-tracker.js"></script>']
[2026-08-17 21:27:29 UTC]   MISSING docs/speaking/topics/p23-planning.html: ['<script defer src="../assets/js/read-tracker.js"></script>']
[2026-08-17 21:27:29 UTC]   MISSING docs/speaking/topics/p23-plants.html: ['<script defer src="../assets/js/read-tracker.js"></script>']
[2026-08-17 21:27:29 UTC]   MISSING docs/speaking/topics/p23-proud.html: ['<script defer src="../assets/js/read-tracker.js"></script>']
[2026-08-17 21:27:29 UTC]   MISSING docs/speaking/topics/p23-self-learn.html: ['<script defer src="../assets/js/read-tracker.js"></script>']
[2026-08-17 21:27:29 UTC]   MISSING docs/speaking/topics/p23-smart.html: ['<script defer src="../assets/js/read-tracker.js"></script>']
[2026-08-17 21:27:29 UTC]   MISSING docs/speaking/topics/p23-smiling.html: ['<script defer src="../assets/js/read-tracker.js"></script>']
[2026-08-17 21:27:29 UTC]   MISSING docs/speaking/topics/p23-sports.html: ['<script defer src="../assets/js/read-tracker.js"></script>']
[2026-08-17 21:27:29 UTC]   MISSING docs/speaking/topics/p23-tall.html: ['<script defer src="../assets/js/read-tracker.js"></script>']
[2026-08-17 21:27:29 UTC]   MISSING docs/speaking/topics/p23-tech.html: ['<script defer src="../assets/js/read-tracker.js"></script>']
[2026-08-17 21:27:29 UTC]   MISSING docs/speaking/topics/p23-vehicle.html: ['<script defer src="../assets/js/read-tracker.js"></script>']
[2026-08-17 21:27:29 UTC]   MISSING docs/speaking/topics/p23-video.html: ['<script defer src="../assets/js/read-tracker.js"></script>']
[2026-08-17 21:27:29 UTC]   MISSING docs/writing/index.html: ['<script defer src="../assets/js/read-tracker.js"></script>']
[2026-08-17 21:27:29 UTC]   MISSING docs/speaking/index.html: ['<script defer src="../assets/js/read-tracker.js"></script>']
[2026-08-17 21:27:31 UTC] === inject ===
[2026-08-17 21:27:31 UTC] INJECT     docs/writing/task1/01-table-universities-ranked.html  (+2/2 tag(s))
[2026-08-17 21:27:31 UTC] INJECT     docs/writing/task1/02-pie-meal-nutrients.html  (+2/2 tag(s))
[2026-08-17 21:27:31 UTC] INJECT     docs/writing/task1/03-bar-electricity.html  (+2/2 tag(s))
[2026-08-17 21:27:31 UTC] INJECT     docs/writing/task1/04-bar-physical-activity.html  (+2/2 tag(s))
[2026-08-17 21:27:31 UTC] INJECT     docs/writing/task1/05-mixed-graph.html  (+2/2 tag(s))
[2026-08-17 21:27:31 UTC] INJECT     docs/writing/task1/06-process-rain-shadow-desert.html  (+2/2 tag(s))
[2026-08-17 21:27:31 UTC] INJECT     docs/writing/task1/07-process-plastic-recycling.html  (+2/2 tag(s))
[2026-08-17 21:27:31 UTC] INJECT     docs/writing/task1/08-process-cement-making.html  (+2/2 tag(s))
[2026-08-17 21:27:31 UTC] INJECT     docs/writing/task1/09-mixed-library-survey.html  (+2/2 tag(s))
[2026-08-17 21:27:31 UTC] INJECT     docs/writing/task1/10-dynamic-caribbean-tourists.html  (+2/2 tag(s))
[2026-08-17 21:27:31 UTC] INJECT     docs/writing/task1/11-dynamic-melbourne-activities.html  (+2/2 tag(s))
[2026-08-17 21:27:31 UTC] INJECT     docs/writing/task1/12-dynamic-asian-cities.html  (+2/2 tag(s))
[2026-08-17 21:27:31 UTC] INJECT     docs/writing/task1/13-static-uk-school-spending.html  (+2/2 tag(s))
[2026-08-17 21:27:31 UTC] INJECT     docs/writing/task2/01-agree-disagree-history-vs-business.html  (+2/2 tag(s))
[2026-08-17 21:27:31 UTC] INJECT     docs/writing/task2/02-discuss-both-views-employment-skills.html  (+2/2 tag(s))
[2026-08-17 21:27:31 UTC] INJECT     docs/writing/task2/03-positive-negative-children-freedom.html  (+2/2 tag(s))
[2026-08-17 21:27:31 UTC] INJECT     docs/writing/task2/04-opinion-teachers-morality.html  (+2/2 tag(s))
[2026-08-17 21:27:31 UTC] INJECT     docs/writing/task2/043-1-1-agree-disagree.html  (+2/2 tag(s))
[2026-08-17 21:27:31 UTC] INJECT     docs/writing/task2/044-1-1-discuss-both-views.html  (+2/2 tag(s))
[2026-08-17 21:27:31 UTC] INJECT     docs/writing/task2/045-1-1-agree-disagree.html  (+2/2 tag(s))
[2026-08-17 21:27:31 UTC] INJECT     docs/writing/task2/046-1-1-agree-disagree.html  (+2/2 tag(s))
[2026-08-17 21:27:31 UTC] INJECT     docs/writing/task2/047-1-1-discuss-both-views.html  (+2/2 tag(s))
[2026-08-17 21:27:31 UTC] INJECT     docs/writing/task2/048-1-1-discuss-both-views.html  (+2/2 tag(s))
[2026-08-17 21:27:31 UTC] INJECT     docs/writing/task2/049-1-1-agree-disagree.html  (+2/2 tag(s))
[2026-08-17 21:27:31 UTC] INJECT     docs/writing/task2/05-two-questions-environment.html  (+2/2 tag(s))
[2026-08-17 21:27:31 UTC] INJECT     docs/writing/task2/050-1-2-positive-negative.html  (+2/2 tag(s))
[2026-08-17 21:27:31 UTC] INJECT     docs/writing/task2/051-1-2-discuss-both-views.html  (+2/2 tag(s))
[2026-08-17 21:27:31 UTC] INJECT     docs/writing/task2/052-1-2-agree-disagree.html  (+2/2 tag(s))
[2026-08-17 21:27:31 UTC] INJECT     docs/writing/task2/053-1-2-discuss-both-views.html  (+2/2 tag(s))
[2026-08-17 21:27:31 UTC] INJECT     docs/writing/task2/054-1-2-agree-disagree.html  (+2/2 tag(s))
[2026-08-17 21:27:31 UTC] INJECT     docs/writing/task2/055-1-2-agree-disagree.html  (+2/2 tag(s))
[2026-08-17 21:27:31 UTC] INJECT     docs/writing/task2/056-1-2-agree-disagree.html  (+2/2 tag(s))
[2026-08-17 21:27:31 UTC] INJECT     docs/writing/task2/057-1-2-agree-disagree.html  (+2/2 tag(s))
[2026-08-17 21:27:31 UTC] INJECT     docs/writing/task2/058-1-2-discuss-both-views.html  (+2/2 tag(s))
[2026-08-17 21:27:31 UTC] INJECT     docs/writing/task2/059-1-2-discuss-both-views.html  (+2/2 tag(s))
[2026-08-17 21:27:31 UTC] INJECT     docs/writing/task2/06-26-env-solutions.html  (+2/2 tag(s))
[2026-08-17 21:27:31 UTC] INJECT     docs/writing/task2/060-1-3-agree-disagree.html  (+2/2 tag(s))
[2026-08-17 21:27:31 UTC] INJECT     docs/writing/task2/061-1-4-discuss-both-views.html  (+2/2 tag(s))
[2026-08-17 21:27:31 UTC] INJECT     docs/writing/task2/062-1-4-discuss-both-views.html  (+2/2 tag(s))
[2026-08-17 21:27:31 UTC] INJECT     docs/writing/task2/063-1-4-discuss-both-views.html  (+2/2 tag(s))
[2026-08-17 21:27:31 UTC] INJECT     docs/writing/task2/064-1-5-discuss-both-views.html  (+2/2 tag(s))
[2026-08-17 21:27:31 UTC] INJECT     docs/writing/task2/065-1-5-discuss-both-views.html  (+2/2 tag(s))
[2026-08-17 21:27:31 UTC] INJECT     docs/writing/task2/066-1-6-agree-disagree.html  (+2/2 tag(s))
[2026-08-17 21:27:31 UTC] INJECT     docs/writing/task2/067-1-6-agree-disagree.html  (+2/2 tag(s))
[2026-08-17 21:27:31 UTC] INJECT     docs/writing/task2/068-1-6-advantage-disadvantage.html  (+2/2 tag(s))
[2026-08-17 21:27:31 UTC] INJECT     docs/writing/task2/069-1-6-agree-disagree.html  (+2/2 tag(s))
[2026-08-17 21:27:31 UTC] INJECT     docs/writing/task2/07-01-lang-learning.html  (+2/2 tag(s))
[2026-08-17 21:27:31 UTC] INJECT     docs/writing/task2/070-1-6-agree-disagree.html  (+2/2 tag(s))
[2026-08-17 21:27:31 UTC] INJECT     docs/writing/task2/071-1-6-two-questions.html  (+2/2 tag(s))
[2026-08-17 21:27:31 UTC] INJECT     docs/writing/task2/072-1-6-two-questions.html  (+2/2 tag(s))
[2026-08-17 21:27:31 UTC] INJECT     docs/writing/task2/073-1-7-agree-disagree.html  (+2/2 tag(s))
[2026-08-17 21:27:31 UTC] INJECT     docs/writing/task2/074-1-7-advantage-disadvantage.html  (+2/2 tag(s))
[2026-08-17 21:27:31 UTC] INJECT     docs/writing/task2/075-1-7-agree-disagree.html  (+2/2 tag(s))
[2026-08-17 21:27:31 UTC] INJECT     docs/writing/task2/076-1-8-problem-solution.html  (+2/2 tag(s))
[2026-08-17 21:27:31 UTC] INJECT     docs/writing/task2/077-1-8-problem-solution.html  (+2/2 tag(s))
[2026-08-17 21:27:31 UTC] INJECT     docs/writing/task2/078-1-8-two-questions.html  (+2/2 tag(s))
[2026-08-17 21:27:31 UTC] INJECT     docs/writing/task2/079-2-1-single-question.html  (+2/2 tag(s))
[2026-08-17 21:27:31 UTC] INJECT     docs/writing/task2/08-04-education-target.html  (+2/2 tag(s))
[2026-08-17 21:27:31 UTC] INJECT     docs/writing/task2/080-2-1-advantage-disadvantage.html  (+2/2 tag(s))
[2026-08-17 21:27:31 UTC] INJECT     docs/writing/task2/081-2-1-agree-disagree.html  (+2/2 tag(s))
[2026-08-17 21:27:31 UTC] INJECT     docs/writing/task2/082-2-1-agree-disagree.html  (+2/2 tag(s))
[2026-08-17 21:27:31 UTC] INJECT     docs/writing/task2/083-2-1-discuss-both-views.html  (+2/2 tag(s))
[2026-08-17 21:27:31 UTC] INJECT     docs/writing/task2/084-2-1-agree-disagree.html  (+2/2 tag(s))
[2026-08-17 21:27:31 UTC] INJECT     docs/writing/task2/085-2-2-agree-disagree.html  (+2/2 tag(s))
[2026-08-17 21:27:31 UTC] INJECT     docs/writing/task2/086-2-2-agree-disagree.html  (+2/2 tag(s))
[2026-08-17 21:27:31 UTC] INJECT     docs/writing/task2/087-2-2-agree-disagree.html  (+2/2 tag(s))
[2026-08-17 21:27:31 UTC] INJECT     docs/writing/task2/088-2-2-positive-negative.html  (+2/2 tag(s))
[2026-08-17 21:27:31 UTC] INJECT     docs/writing/task2/089-2-2-agree-disagree.html  (+2/2 tag(s))
[2026-08-17 21:27:31 UTC] INJECT     docs/writing/task2/09-05-education-phenomenon.html  (+2/2 tag(s))
[2026-08-17 21:27:31 UTC] INJECT     docs/writing/task2/090-2-3-agree-disagree.html  (+2/2 tag(s))
[2026-08-17 21:27:31 UTC] INJECT     docs/writing/task2/091-2-3-agree-disagree.html  (+2/2 tag(s))
[2026-08-17 21:27:31 UTC] INJECT     docs/writing/task2/092-2-3-agree-disagree.html  (+2/2 tag(s))
[2026-08-17 21:27:31 UTC] INJECT     docs/writing/task2/093-2-3-agree-disagree.html  (+2/2 tag(s))
[2026-08-17 21:27:31 UTC] INJECT     docs/writing/task2/094-2-4-agree-disagree.html  (+2/2 tag(s))
[2026-08-17 21:27:31 UTC] INJECT     docs/writing/task2/095-2-5-problem-solution.html  (+2/2 tag(s))
[2026-08-17 21:27:31 UTC] INJECT     docs/writing/task2/096-3-1-discuss-both-views.html  (+2/2 tag(s))
[2026-08-17 21:27:31 UTC] INJECT     docs/writing/task2/097-3-1-agree-disagree.html  (+2/2 tag(s))
[2026-08-17 21:27:31 UTC] INJECT     docs/writing/task2/098-3-1-agree-disagree.html  (+2/2 tag(s))
[2026-08-17 21:27:31 UTC] INJECT     docs/writing/task2/099-3-1-positive-negative.html  (+2/2 tag(s))
[2026-08-17 21:27:31 UTC] INJECT     docs/writing/task2/10-06-job-choice.html  (+2/2 tag(s))
[2026-08-17 21:27:31 UTC] INJECT     docs/writing/task2/100-3-1-advantage-disadvantage.html  (+2/2 tag(s))
[2026-08-17 21:27:31 UTC] INJECT     docs/writing/task2/101-3-1-advantage-disadvantage.html  (+2/2 tag(s))
[2026-08-17 21:27:31 UTC] INJECT     docs/writing/task2/102-3-1-advantage-disadvantage.html  (+2/2 tag(s))
[2026-08-17 21:27:31 UTC] INJECT     docs/writing/task2/103-3-1-advantage-disadvantage.html  (+2/2 tag(s))
[2026-08-17 21:27:31 UTC] INJECT     docs/writing/task2/104-3-2-agree-disagree.html  (+2/2 tag(s))
[2026-08-17 21:27:31 UTC] INJECT     docs/writing/task2/105-3-2-problem-solution.html  (+2/2 tag(s))
[2026-08-17 21:27:31 UTC] INJECT     docs/writing/task2/106-3-2-agree-disagree.html  (+2/2 tag(s))
[2026-08-17 21:27:31 UTC] INJECT     docs/writing/task2/107-3-2-discuss-both-views.html  (+2/2 tag(s))
[2026-08-17 21:27:31 UTC] INJECT     docs/writing/task2/108-3-2-agree-disagree.html  (+2/2 tag(s))
[2026-08-17 21:27:31 UTC] INJECT     docs/writing/task2/109-3-2-agree-disagree.html  (+2/2 tag(s))
[2026-08-17 21:27:31 UTC] INJECT     docs/writing/task2/11-07-personal-skill.html  (+2/2 tag(s))
[2026-08-17 21:27:31 UTC] INJECT     docs/writing/task2/110-3-2-discuss-both-views.html  (+2/2 tag(s))
[2026-08-17 21:27:31 UTC] INJECT     docs/writing/task2/111-3-2-agree-disagree.html  (+2/2 tag(s))
[2026-08-17 21:27:31 UTC] INJECT     docs/writing/task2/112-3-2-agree-disagree.html  (+2/2 tag(s))
[2026-08-17 21:27:31 UTC] INJECT     docs/writing/task2/113-3-2-advantage-disadvantage.html  (+2/2 tag(s))
[2026-08-17 21:27:31 UTC] INJECT     docs/writing/task2/114-3-2-discuss-both-views.html  (+2/2 tag(s))
[2026-08-17 21:27:31 UTC] INJECT     docs/writing/task2/115-3-2-problem-solution.html  (+2/2 tag(s))
[2026-08-17 21:27:31 UTC] INJECT     docs/writing/task2/116-3-2-agree-disagree.html  (+2/2 tag(s))
[2026-08-17 21:27:31 UTC] INJECT     docs/writing/task2/117-3-2-discuss-both-views.html  (+2/2 tag(s))
[2026-08-17 21:27:31 UTC] INJECT     docs/writing/task2/118-3-2-discuss-both-views.html  (+2/2 tag(s))
[2026-08-17 21:27:31 UTC] INJECT     docs/writing/task2/119-3-2-agree-disagree.html  (+2/2 tag(s))
[2026-08-17 21:27:31 UTC] INJECT     docs/writing/task2/12-08-work-env.html  (+2/2 tag(s))
[2026-08-17 21:27:31 UTC] INJECT     docs/writing/task2/120-3-4-agree-disagree.html  (+2/2 tag(s))
[2026-08-17 21:27:31 UTC] INJECT     docs/writing/task2/121-3-4-agree-disagree.html  (+2/2 tag(s))
[2026-08-17 21:27:31 UTC] INJECT     docs/writing/task2/122-3-3-two-questions.html  (+2/2 tag(s))
[2026-08-17 21:27:31 UTC] INJECT     docs/writing/task2/123-3-3-positive-negative.html  (+2/2 tag(s))
[2026-08-17 21:27:31 UTC] INJECT     docs/writing/task2/124-3-3-problem-solution.html  (+2/2 tag(s))
[2026-08-17 21:27:31 UTC] INJECT     docs/writing/task2/125-3-3-problem-solution.html  (+2/2 tag(s))
[2026-08-17 21:27:31 UTC] INJECT     docs/writing/task2/126-3-3-two-questions.html  (+2/2 tag(s))
[2026-08-17 21:27:31 UTC] INJECT     docs/writing/task2/127-3-3-advantage-disadvantage.html  (+2/2 tag(s))
[2026-08-17 21:27:31 UTC] INJECT     docs/writing/task2/128-3-4-agree-disagree.html  (+2/2 tag(s))
[2026-08-17 21:27:31 UTC] INJECT     docs/writing/task2/129-3-4-problem-solution.html  (+2/2 tag(s))
[2026-08-17 21:27:31 UTC] INJECT     docs/writing/task2/13-09-job-types.html  (+2/2 tag(s))
[2026-08-17 21:27:31 UTC] INJECT     docs/writing/task2/130-3-4-agree-disagree.html  (+2/2 tag(s))
[2026-08-17 21:27:31 UTC] INJECT     docs/writing/task2/131-3-4-agree-disagree.html  (+2/2 tag(s))
[2026-08-17 21:27:31 UTC] INJECT     docs/writing/task2/132-3-4-advantage-disadvantage.html  (+2/2 tag(s))
[2026-08-17 21:27:31 UTC] INJECT     docs/writing/task2/133-3-4-advantage-disadvantage.html  (+2/2 tag(s))
[2026-08-17 21:27:31 UTC] INJECT     docs/writing/task2/134-3-4-two-questions.html  (+2/2 tag(s))
[2026-08-17 21:27:31 UTC] INJECT     docs/writing/task2/135-3-4-two-questions.html  (+2/2 tag(s))
[2026-08-17 21:27:31 UTC] INJECT     docs/writing/task2/136-3-4-agree-disagree.html  (+2/2 tag(s))
[2026-08-17 21:27:31 UTC] INJECT     docs/writing/task2/137-3-4-two-questions.html  (+2/2 tag(s))
[2026-08-17 21:27:31 UTC] INJECT     docs/writing/task2/138-3-5-agree-disagree.html  (+2/2 tag(s))
[2026-08-17 21:27:31 UTC] INJECT     docs/writing/task2/139-3-5-discuss-both-views.html  (+2/2 tag(s))
[2026-08-17 21:27:31 UTC] INJECT     docs/writing/task2/14-10-work-life-balance.html  (+2/2 tag(s))
[2026-08-17 21:27:31 UTC] INJECT     docs/writing/task2/140-3-5-discuss-both-views.html  (+2/2 tag(s))
[2026-08-17 21:27:31 UTC] INJECT     docs/writing/task2/141-3-5-agree-disagree.html  (+2/2 tag(s))
[2026-08-17 21:27:31 UTC] INJECT     docs/writing/task2/142-3-5-problem-solution.html  (+2/2 tag(s))
[2026-08-17 21:27:31 UTC] INJECT     docs/writing/task2/143-3-5-discuss-both-views.html  (+2/2 tag(s))
[2026-08-17 21:27:31 UTC] INJECT     docs/writing/task2/144-3-5-agree-disagree.html  (+2/2 tag(s))
[2026-08-17 21:27:31 UTC] INJECT     docs/writing/task2/145-3-5-discuss-both-views.html  (+2/2 tag(s))
[2026-08-17 21:27:31 UTC] INJECT     docs/writing/task2/146-3-5-discuss-both-views.html  (+2/2 tag(s))
[2026-08-17 21:27:31 UTC] INJECT     docs/writing/task2/147-3-5-problem-solution.html  (+2/2 tag(s))
[2026-08-17 21:27:31 UTC] INJECT     docs/writing/task2/148-3-5-discuss-both-views.html  (+2/2 tag(s))
[2026-08-17 21:27:31 UTC] INJECT     docs/writing/task2/149-3-5-discuss-both-views.html  (+2/2 tag(s))
[2026-08-17 21:27:31 UTC] INJECT     docs/writing/task2/15-11-urbanisation.html  (+2/2 tag(s))
[2026-08-17 21:27:31 UTC] INJECT     docs/writing/task2/150-3-5-agree-disagree.html  (+2/2 tag(s))
[2026-08-17 21:27:31 UTC] INJECT     docs/writing/task2/151-3-5-discuss-both-views.html  (+2/2 tag(s))
[2026-08-17 21:27:31 UTC] INJECT     docs/writing/task2/152-3-5-advantage-disadvantage.html  (+2/2 tag(s))
[2026-08-17 21:27:31 UTC] INJECT     docs/writing/task2/153-3-5-opinion.html  (+2/2 tag(s))
[2026-08-17 21:27:31 UTC] INJECT     docs/writing/task2/154-3-5-agree-disagree.html  (+2/2 tag(s))
[2026-08-17 21:27:31 UTC] INJECT     docs/writing/task2/155-3-6-problem-solution.html  (+2/2 tag(s))
[2026-08-17 21:27:31 UTC] INJECT     docs/writing/task2/156-3-6-problem-solution.html  (+2/2 tag(s))
[2026-08-17 21:27:31 UTC] INJECT     docs/writing/task2/157-3-6-problem-solution.html  (+2/2 tag(s))
[2026-08-17 21:27:31 UTC] INJECT     docs/writing/task2/158-3-6-problem-solution.html  (+2/2 tag(s))
[2026-08-17 21:27:31 UTC] INJECT     docs/writing/task2/159-3-6-problem-solution.html  (+2/2 tag(s))
[2026-08-17 21:27:31 UTC] INJECT     docs/writing/task2/16-12-culture.html  (+2/2 tag(s))
[2026-08-17 21:27:31 UTC] INJECT     docs/writing/task2/160-3-6-problem-solution.html  (+2/2 tag(s))
[2026-08-17 21:27:31 UTC] INJECT     docs/writing/task2/161-3-6-problem-solution.html  (+2/2 tag(s))
[2026-08-17 21:27:31 UTC] INJECT     docs/writing/task2/162-3-6-problem-solution.html  (+2/2 tag(s))
[2026-08-17 21:27:31 UTC] INJECT     docs/writing/task2/163-3-6-two-questions.html  (+2/2 tag(s))
[2026-08-17 21:27:31 UTC] INJECT     docs/writing/task2/164-3-6-problem-solution.html  (+2/2 tag(s))
[2026-08-17 21:27:31 UTC] INJECT     docs/writing/task2/165-3-6-problem-solution.html  (+2/2 tag(s))
[2026-08-17 21:27:31 UTC] INJECT     docs/writing/task2/166-3-6-two-questions.html  (+2/2 tag(s))
[2026-08-17 21:27:31 UTC] INJECT     docs/writing/task2/167-3-6-two-questions.html  (+2/2 tag(s))
[2026-08-17 21:27:31 UTC] INJECT     docs/writing/task2/168-3-6-problem-solution.html  (+2/2 tag(s))
[2026-08-17 21:27:31 UTC] INJECT     docs/writing/task2/169-3-6-problem-solution.html  (+2/2 tag(s))
[2026-08-17 21:27:31 UTC] INJECT     docs/writing/task2/17-13-ageing.html  (+2/2 tag(s))
[2026-08-17 21:27:31 UTC] INJECT     docs/writing/task2/170-3-7-positive-negative.html  (+2/2 tag(s))
[2026-08-17 21:27:31 UTC] INJECT     docs/writing/task2/171-3-8-agree-disagree.html  (+2/2 tag(s))
[2026-08-17 21:27:31 UTC] INJECT     docs/writing/task2/172-3-8-advantage-disadvantage.html  (+2/2 tag(s))
[2026-08-17 21:27:31 UTC] INJECT     docs/writing/task2/173-3-8-advantage-disadvantage.html  (+2/2 tag(s))
[2026-08-17 21:27:31 UTC] INJECT     docs/writing/task2/174-3-8-agree-disagree.html  (+2/2 tag(s))
[2026-08-17 21:27:31 UTC] INJECT     docs/writing/task2/175-3-9-agree-disagree.html  (+2/2 tag(s))
[2026-08-17 21:27:31 UTC] INJECT     docs/writing/task2/176-3-10-agree-disagree.html  (+2/2 tag(s))
[2026-08-17 21:27:31 UTC] INJECT     docs/writing/task2/177-4-1-agree-disagree.html  (+2/2 tag(s))
[2026-08-17 21:27:31 UTC] INJECT     docs/writing/task2/178-4-1-agree-disagree.html  (+2/2 tag(s))
[2026-08-17 21:27:31 UTC] INJECT     docs/writing/task2/179-4-1-discuss-both-views.html  (+2/2 tag(s))
[2026-08-17 21:27:31 UTC] INJECT     docs/writing/task2/18-14-transport.html  (+2/2 tag(s))
[2026-08-17 21:27:31 UTC] INJECT     docs/writing/task2/180-4-1-agree-disagree.html  (+2/2 tag(s))
[2026-08-17 21:27:31 UTC] INJECT     docs/writing/task2/181-4-2-problem-solution.html  (+2/2 tag(s))
[2026-08-17 21:27:31 UTC] INJECT     docs/writing/task2/182-4-3-problem-solution.html  (+2/2 tag(s))
[2026-08-17 21:27:31 UTC] INJECT     docs/writing/task2/183-4-3-agree-disagree.html  (+2/2 tag(s))
[2026-08-17 21:27:31 UTC] INJECT     docs/writing/task2/184-4-4-problem-solution.html  (+2/2 tag(s))
[2026-08-17 21:27:31 UTC] INJECT     docs/writing/task2/185-4-4-problem-solution.html  (+2/2 tag(s))
[2026-08-17 21:27:31 UTC] INJECT     docs/writing/task2/186-4-4-advantage-disadvantage.html  (+2/2 tag(s))
[2026-08-17 21:27:31 UTC] INJECT     docs/writing/task2/187-4-4-discuss-both-views.html  (+2/2 tag(s))
[2026-08-17 21:27:31 UTC] INJECT     docs/writing/task2/188-4-4-agree-disagree.html  (+2/2 tag(s))
[2026-08-17 21:27:31 UTC] INJECT     docs/writing/task2/189-4-4-advantage-disadvantage.html  (+2/2 tag(s))
[2026-08-17 21:27:31 UTC] INJECT     docs/writing/task2/19-15-values-compare.html  (+2/2 tag(s))
[2026-08-17 21:27:31 UTC] INJECT     docs/writing/task2/190-4-5-problem-solution.html  (+2/2 tag(s))
[2026-08-17 21:27:31 UTC] INJECT     docs/writing/task2/191-4-6-problem-solution.html  (+2/2 tag(s))
[2026-08-17 21:27:31 UTC] INJECT     docs/writing/task2/192-4-6-two-questions.html  (+2/2 tag(s))
[2026-08-17 21:27:31 UTC] INJECT     docs/writing/task2/193-4-7-agree-disagree.html  (+2/2 tag(s))
[2026-08-17 21:27:31 UTC] INJECT     docs/writing/task2/194-4-7-discuss-both-views.html  (+2/2 tag(s))
[2026-08-17 21:27:31 UTC] INJECT     docs/writing/task2/195-4-7-agree-disagree.html  (+2/2 tag(s))
[2026-08-17 21:27:31 UTC] INJECT     docs/writing/task2/196-5-1-agree-disagree.html  (+2/2 tag(s))
[2026-08-17 21:27:31 UTC] INJECT     docs/writing/task2/197-5-1-agree-disagree.html  (+2/2 tag(s))
[2026-08-17 21:27:31 UTC] INJECT     docs/writing/task2/198-5-1-agree-disagree.html  (+2/2 tag(s))
[2026-08-17 21:27:31 UTC] INJECT     docs/writing/task2/199-5-1-agree-disagree.html  (+2/2 tag(s))
[2026-08-17 21:27:31 UTC] INJECT     docs/writing/task2/20-16-social-phenomenon.html  (+2/2 tag(s))
[2026-08-17 21:27:31 UTC] INJECT     docs/writing/task2/200-5-1-discuss-both-views.html  (+2/2 tag(s))
[2026-08-17 21:27:31 UTC] INJECT     docs/writing/task2/201-5-1-discuss-both-views.html  (+2/2 tag(s))
[2026-08-17 21:27:31 UTC] INJECT     docs/writing/task2/202-5-1-opinion.html  (+2/2 tag(s))
[2026-08-17 21:27:31 UTC] INJECT     docs/writing/task2/203-5-1-agree-disagree.html  (+2/2 tag(s))
[2026-08-17 21:27:31 UTC] INJECT     docs/writing/task2/204-5-1-agree-disagree.html  (+2/2 tag(s))
[2026-08-17 21:27:31 UTC] INJECT     docs/writing/task2/205-5-1-agree-disagree.html  (+2/2 tag(s))
[2026-08-17 21:27:31 UTC] INJECT     docs/writing/task2/206-5-1-positive-negative.html  (+2/2 tag(s))
[2026-08-17 21:27:31 UTC] INJECT     docs/writing/task2/207-5-1-discuss-both-views.html  (+2/2 tag(s))
[2026-08-17 21:27:31 UTC] INJECT     docs/writing/task2/208-5-1-advantage-disadvantage.html  (+2/2 tag(s))
[2026-08-17 21:27:31 UTC] INJECT     docs/writing/task2/209-5-1-discuss-both-views.html  (+2/2 tag(s))
[2026-08-17 21:27:31 UTC] INJECT     docs/writing/task2/21-17-privacy.html  (+2/2 tag(s))
[2026-08-17 21:27:31 UTC] INJECT     docs/writing/task2/210-5-2-agree-disagree.html  (+2/2 tag(s))
[2026-08-17 21:27:31 UTC] INJECT     docs/writing/task2/211-5-2-problem-solution.html  (+2/2 tag(s))
[2026-08-17 21:27:31 UTC] INJECT     docs/writing/task2/212-5-2-agree-disagree.html  (+2/2 tag(s))
[2026-08-17 21:27:31 UTC] INJECT     docs/writing/task2/213-5-2-problem-solution.html  (+2/2 tag(s))
[2026-08-17 21:27:31 UTC] INJECT     docs/writing/task2/214-5-2-advantage-disadvantage.html  (+2/2 tag(s))
[2026-08-17 21:27:31 UTC] INJECT     docs/writing/task2/215-5-2-agree-disagree.html  (+2/2 tag(s))
[2026-08-17 21:27:31 UTC] INJECT     docs/writing/task2/216-6-1-agree-disagree.html  (+2/2 tag(s))
[2026-08-17 21:27:31 UTC] INJECT     docs/writing/task2/217-6-1-discuss-both-views.html  (+2/2 tag(s))
[2026-08-17 21:27:31 UTC] INJECT     docs/writing/task2/218-6-1-positive-negative.html  (+2/2 tag(s))
[2026-08-17 21:27:31 UTC] INJECT     docs/writing/task2/219-6-1-advantage-disadvantage.html  (+2/2 tag(s))
[2026-08-17 21:27:31 UTC] INJECT     docs/writing/task2/22-18-life-change.html  (+2/2 tag(s))
[2026-08-17 21:27:31 UTC] INJECT     docs/writing/task2/220-6-1-advantage-disadvantage.html  (+2/2 tag(s))
[2026-08-17 21:27:31 UTC] INJECT     docs/writing/task2/221-6-1-positive-negative.html  (+2/2 tag(s))
[2026-08-17 21:27:31 UTC] INJECT     docs/writing/task2/222-6-1-agree-disagree.html  (+2/2 tag(s))
[2026-08-17 21:27:31 UTC] INJECT     docs/writing/task2/223-6-1-agree-disagree.html  (+2/2 tag(s))
[2026-08-17 21:27:31 UTC] INJECT     docs/writing/task2/224-6-1-discuss-both-views.html  (+2/2 tag(s))
[2026-08-17 21:27:31 UTC] INJECT     docs/writing/task2/225-6-1-discuss-both-views.html  (+2/2 tag(s))
[2026-08-17 21:27:31 UTC] INJECT     docs/writing/task2/226-6-1-agree-disagree.html  (+2/2 tag(s))
[2026-08-17 21:27:31 UTC] INJECT     docs/writing/task2/227-6-1-discuss-both-views.html  (+2/2 tag(s))
[2026-08-17 21:27:31 UTC] INJECT     docs/writing/task2/228-6-1-discuss-both-views.html  (+2/2 tag(s))
[2026-08-17 21:27:31 UTC] INJECT     docs/writing/task2/229-6-1-agree-disagree.html  (+2/2 tag(s))
[2026-08-17 21:27:31 UTC] INJECT     docs/writing/task2/23-19-gender.html  (+2/2 tag(s))
[2026-08-17 21:27:31 UTC] INJECT     docs/writing/task2/230-6-1-discuss-both-views.html  (+2/2 tag(s))
[2026-08-17 21:27:31 UTC] INJECT     docs/writing/task2/231-6-1-discuss-both-views.html  (+2/2 tag(s))
[2026-08-17 21:27:31 UTC] INJECT     docs/writing/task2/232-6-1-agree-disagree.html  (+2/2 tag(s))
[2026-08-17 21:27:31 UTC] INJECT     docs/writing/task2/233-6-1-two-questions.html  (+2/2 tag(s))
[2026-08-17 21:27:31 UTC] INJECT     docs/writing/task2/234-6-2-discuss-both-views.html  (+2/2 tag(s))
[2026-08-17 21:27:31 UTC] INJECT     docs/writing/task2/235-6-2-agree-disagree.html  (+2/2 tag(s))
[2026-08-17 21:27:31 UTC] INJECT     docs/writing/task2/236-6-2-problem-solution.html  (+2/2 tag(s))
[2026-08-17 21:27:31 UTC] INJECT     docs/writing/task2/237-6-2-discuss-both-views.html  (+2/2 tag(s))
[2026-08-17 21:27:31 UTC] INJECT     docs/writing/task2/238-6-2-problem-solution.html  (+2/2 tag(s))
[2026-08-17 21:27:31 UTC] INJECT     docs/writing/task2/239-7-1-problem-solution.html  (+2/2 tag(s))
[2026-08-17 21:27:31 UTC] INJECT     docs/writing/task2/24-20-civility.html  (+2/2 tag(s))
[2026-08-17 21:27:31 UTC] INJECT     docs/writing/task2/240-7-1-agree-disagree.html  (+2/2 tag(s))
[2026-08-17 21:27:31 UTC] INJECT     docs/writing/task2/241-7-1-discuss-both-views.html  (+2/2 tag(s))
[2026-08-17 21:27:31 UTC] INJECT     docs/writing/task2/242-7-1-agree-disagree.html  (+2/2 tag(s))
[2026-08-17 21:27:31 UTC] INJECT     docs/writing/task2/243-7-1-agree-disagree.html  (+2/2 tag(s))
[2026-08-17 21:27:31 UTC] INJECT     docs/writing/task2/244-8-1-agree-disagree.html  (+2/2 tag(s))
[2026-08-17 21:27:31 UTC] INJECT     docs/writing/task2/245-8-1-positive-negative.html  (+2/2 tag(s))
[2026-08-17 21:27:31 UTC] INJECT     docs/writing/task2/246-8-1-agree-disagree.html  (+2/2 tag(s))
[2026-08-17 21:27:31 UTC] INJECT     docs/writing/task2/247-8-1-problem-solution.html  (+2/2 tag(s))
[2026-08-17 21:27:31 UTC] INJECT     docs/writing/task2/248-8-1-discuss-both-views.html  (+2/2 tag(s))
[2026-08-17 21:27:31 UTC] INJECT     docs/writing/task2/249-8-1-discuss-both-views.html  (+2/2 tag(s))
[2026-08-17 21:27:31 UTC] INJECT     docs/writing/task2/25-21-animal-protection.html  (+2/2 tag(s))
[2026-08-17 21:27:31 UTC] INJECT     docs/writing/task2/250-8-1-agree-disagree.html  (+2/2 tag(s))
[2026-08-17 21:27:31 UTC] INJECT     docs/writing/task2/251-8-1-discuss-both-views.html  (+2/2 tag(s))
[2026-08-17 21:27:31 UTC] INJECT     docs/writing/task2/252-8-1-two-questions.html  (+2/2 tag(s))
[2026-08-17 21:27:31 UTC] INJECT     docs/writing/task2/253-8-1-agree-disagree.html  (+2/2 tag(s))
[2026-08-17 21:27:31 UTC] INJECT     docs/writing/task2/254-8-1-agree-disagree.html  (+2/2 tag(s))
[2026-08-17 21:27:31 UTC] INJECT     docs/writing/task2/255-8-1-discuss-both-views.html  (+2/2 tag(s))
[2026-08-17 21:27:31 UTC] INJECT     docs/writing/task2/256-8-1-positive-negative.html  (+2/2 tag(s))
[2026-08-17 21:27:31 UTC] INJECT     docs/writing/task2/257-8-2-two-questions.html  (+2/2 tag(s))
[2026-08-17 21:27:31 UTC] INJECT     docs/writing/task2/258-8-2-discuss-both-views.html  (+2/2 tag(s))
[2026-08-17 21:27:31 UTC] INJECT     docs/writing/task2/259-8-2-two-questions.html  (+2/2 tag(s))
[2026-08-17 21:27:31 UTC] INJECT     docs/writing/task2/26-22-plastic.html  (+2/2 tag(s))
[2026-08-17 21:27:31 UTC] INJECT     docs/writing/task2/260-8-2-positive-negative.html  (+2/2 tag(s))
[2026-08-17 21:27:31 UTC] INJECT     docs/writing/task2/261-9-1-discuss-both-views.html  (+2/2 tag(s))
[2026-08-17 21:27:31 UTC] INJECT     docs/writing/task2/262-9-1-agree-disagree.html  (+2/2 tag(s))
[2026-08-17 21:27:31 UTC] INJECT     docs/writing/task2/263-9-1-agree-disagree.html  (+2/2 tag(s))
[2026-08-17 21:27:31 UTC] INJECT     docs/writing/task2/264-9-1-discuss-both-views.html  (+2/2 tag(s))
[2026-08-17 21:27:31 UTC] INJECT     docs/writing/task2/265-9-1-discuss-both-views.html  (+2/2 tag(s))
[2026-08-17 21:27:31 UTC] INJECT     docs/writing/task2/266-9-1-discuss-both-views.html  (+2/2 tag(s))
[2026-08-17 21:27:31 UTC] INJECT     docs/writing/task2/267-9-1-agree-disagree.html  (+2/2 tag(s))
[2026-08-17 21:27:31 UTC] INJECT     docs/writing/task2/268-9-1-discuss-both-views.html  (+2/2 tag(s))
[2026-08-17 21:27:31 UTC] INJECT     docs/writing/task2/269-9-1-agree-disagree.html  (+2/2 tag(s))
[2026-08-17 21:27:31 UTC] INJECT     docs/writing/task2/27-23-water.html  (+2/2 tag(s))
[2026-08-17 21:27:31 UTC] INJECT     docs/writing/task2/270-9-1-discuss-both-views.html  (+2/2 tag(s))
[2026-08-17 21:27:31 UTC] INJECT     docs/writing/task2/271-9-1-discuss-both-views.html  (+2/2 tag(s))
[2026-08-17 21:27:31 UTC] INJECT     docs/writing/task2/272-10-1-agree-disagree.html  (+2/2 tag(s))
[2026-08-17 21:27:31 UTC] INJECT     docs/writing/task2/273-10-1-problem-solution.html  (+2/2 tag(s))
[2026-08-17 21:27:31 UTC] INJECT     docs/writing/task2/274-10-1-problem-solution.html  (+2/2 tag(s))
[2026-08-17 21:27:31 UTC] INJECT     docs/writing/task2/275-10-1-agree-disagree.html  (+2/2 tag(s))
[2026-08-17 21:27:31 UTC] INJECT     docs/writing/task2/276-10-1-discuss-both-views.html  (+2/2 tag(s))
[2026-08-17 21:27:31 UTC] INJECT     docs/writing/task2/277-10-1-discuss-both-views.html  (+2/2 tag(s))
[2026-08-17 21:27:31 UTC] INJECT     docs/writing/task2/278-10-1-discuss-both-views.html  (+2/2 tag(s))
[2026-08-17 21:27:31 UTC] INJECT     docs/writing/task2/279-10-1-agree-disagree.html  (+2/2 tag(s))
[2026-08-17 21:27:31 UTC] INJECT     docs/writing/task2/28-24-noise-pollution.html  (+2/2 tag(s))
[2026-08-17 21:27:31 UTC] INJECT     docs/writing/task2/29-25-consumption-env.html  (+2/2 tag(s))
[2026-08-17 21:27:31 UTC] INJECT     docs/writing/task2/30-02-qual-meaning.html  (+2/2 tag(s))
[2026-08-17 21:27:31 UTC] INJECT     docs/writing/task2/31-03-education-method.html  (+2/2 tag(s))
[2026-08-17 21:27:31 UTC] INJECT     docs/writing/task2/32-27-technology.html  (+2/2 tag(s))
[2026-08-17 21:27:31 UTC] INJECT     docs/writing/task2/33-28-health.html  (+2/2 tag(s))
[2026-08-17 21:27:31 UTC] INJECT     docs/writing/task2/34-29-media.html  (+2/2 tag(s))
[2026-08-17 21:27:31 UTC] INJECT     docs/writing/task2/35-30-advertising.html  (+2/2 tag(s))
[2026-08-17 21:27:31 UTC] INJECT     docs/writing/task2/36-31-globalisation.html  (+2/2 tag(s))
[2026-08-17 21:27:31 UTC] INJECT     docs/writing/task2/37-32-travel.html  (+2/2 tag(s))
[2026-08-17 21:27:31 UTC] INJECT     docs/writing/task2/38-1-1-single-question.html  (+2/2 tag(s))
[2026-08-17 21:27:31 UTC] INJECT     docs/writing/task2/39-1-1-problem-solution.html  (+2/2 tag(s))
[2026-08-17 21:27:31 UTC] INJECT     docs/writing/task2/40-1-2-advantage-disadvantage.html  (+2/2 tag(s))
[2026-08-17 21:27:31 UTC] INJECT     docs/writing/task2/41-1-5-single-question.html  (+2/2 tag(s))
[2026-08-17 21:27:31 UTC] INJECT     docs/writing/task2/42-4-4-problem-solution.html  (+2/2 tag(s))
[2026-08-17 21:27:31 UTC] INJECT     docs/speaking/topics/p1-area.html  (+1/1 tag(s))
[2026-08-17 21:27:31 UTC] INJECT     docs/speaking/topics/p1-city.html  (+1/1 tag(s))
[2026-08-17 21:27:31 UTC] INJECT     docs/speaking/topics/p1-home.html  (+1/1 tag(s))
[2026-08-17 21:27:31 UTC] INJECT     docs/speaking/topics/p1-hometown.html  (+1/1 tag(s))
[2026-08-17 21:27:31 UTC] INJECT     docs/speaking/topics/p1-work.html  (+1/1 tag(s))
[2026-08-17 21:27:31 UTC] INJECT     docs/speaking/topics/p1f-building.html  (+1/1 tag(s))
[2026-08-17 21:27:31 UTC] INJECT     docs/speaking/topics/p1f-cars.html  (+1/1 tag(s))
[2026-08-17 21:27:31 UTC] INJECT     docs/speaking/topics/p1f-childhood.html  (+1/1 tag(s))
[2026-08-17 21:27:31 UTC] INJECT     docs/speaking/topics/p1f-food.html  (+1/1 tag(s))
[2026-08-17 21:27:31 UTC] INJECT     docs/speaking/topics/p1f-gifts.html  (+1/1 tag(s))
[2026-08-17 21:27:31 UTC] INJECT     docs/speaking/topics/p1f-hobby.html  (+1/1 tag(s))
[2026-08-17 21:27:31 UTC] INJECT     docs/speaking/topics/p1f-life-stages.html  (+1/1 tag(s))
[2026-08-17 21:27:31 UTC] INJECT     docs/speaking/topics/p1f-mirrors.html  (+1/1 tag(s))
[2026-08-17 21:27:31 UTC] INJECT     docs/speaking/topics/p1f-morning.html  (+1/1 tag(s))
[2026-08-17 21:27:31 UTC] INJECT     docs/speaking/topics/p1f-music.html  (+1/1 tag(s))
[2026-08-17 21:27:31 UTC] INJECT     docs/speaking/topics/p1f-outer-space.html  (+1/1 tag(s))
[2026-08-17 21:27:31 UTC] INJECT     docs/speaking/topics/p1f-parks.html  (+1/1 tag(s))
[2026-08-17 21:27:31 UTC] INJECT     docs/speaking/topics/p1f-pets.html  (+1/1 tag(s))
[2026-08-17 21:27:31 UTC] INJECT     docs/speaking/topics/p1f-reading.html  (+1/1 tag(s))
[2026-08-17 21:27:31 UTC] INJECT     docs/speaking/topics/p1f-scenery.html  (+1/1 tag(s))
[2026-08-17 21:27:31 UTC] INJECT     docs/speaking/topics/p1f-science.html  (+1/1 tag(s))
[2026-08-17 21:27:31 UTC] INJECT     docs/speaking/topics/p1f-shopping.html  (+1/1 tag(s))
[2026-08-17 21:27:31 UTC] INJECT     docs/speaking/topics/p1f-singing.html  (+1/1 tag(s))
[2026-08-17 21:27:31 UTC] INJECT     docs/speaking/topics/p1f-social-media.html  (+1/1 tag(s))
[2026-08-17 21:27:31 UTC] INJECT     docs/speaking/topics/p1f-sports-team.html  (+1/1 tag(s))
[2026-08-17 21:27:31 UTC] INJECT     docs/speaking/topics/p1f-teachers.html  (+1/1 tag(s))
[2026-08-17 21:27:31 UTC] INJECT     docs/speaking/topics/p1f-tidiness.html  (+1/1 tag(s))
[2026-08-17 21:27:31 UTC] INJECT     docs/speaking/topics/p1f-typing.html  (+1/1 tag(s))
[2026-08-17 21:27:31 UTC] INJECT     docs/speaking/topics/p1f-views.html  (+1/1 tag(s))
[2026-08-17 21:27:31 UTC] INJECT     docs/speaking/topics/p1f-walking.html  (+1/1 tag(s))
[2026-08-17 21:27:31 UTC] INJECT     docs/speaking/topics/p1f-watch.html  (+1/1 tag(s))
[2026-08-17 21:27:31 UTC] INJECT     docs/speaking/topics/p1f-websites.html  (+1/1 tag(s))
[2026-08-17 21:27:31 UTC] INJECT     docs/speaking/topics/p23-advice.html  (+1/1 tag(s))
[2026-08-17 21:27:31 UTC] INJECT     docs/speaking/topics/p23-app.html  (+1/1 tag(s))
[2026-08-17 21:27:31 UTC] INJECT     docs/speaking/topics/p23-bad-music.html  (+1/1 tag(s))
[2026-08-17 21:27:31 UTC] INJECT     docs/speaking/topics/p23-boring.html  (+1/1 tag(s))
[2026-08-17 21:27:31 UTC] INJECT     docs/speaking/topics/p23-business.html  (+1/1 tag(s))
[2026-08-17 21:27:31 UTC] INJECT     docs/speaking/topics/p23-changed-plan.html  (+1/1 tag(s))
[2026-08-17 21:27:31 UTC] INJECT     docs/speaking/topics/p23-child-art.html  (+1/1 tag(s))
[2026-08-17 21:27:31 UTC] INJECT     docs/speaking/topics/p23-child-friend.html  (+1/1 tag(s))
[2026-08-17 21:27:31 UTC] INJECT     docs/speaking/topics/p23-decision.html  (+1/1 tag(s))
[2026-08-17 21:27:31 UTC] INJECT     docs/speaking/topics/p23-early.html  (+1/1 tag(s))
[2026-08-17 21:27:31 UTC] INJECT     docs/speaking/topics/p23-encourage.html  (+1/1 tag(s))
[2026-08-17 21:27:31 UTC] INJECT     docs/speaking/topics/p23-famous-city.html  (+1/1 tag(s))
[2026-08-17 21:27:31 UTC] INJECT     docs/speaking/topics/p23-famous.html  (+1/1 tag(s))
[2026-08-17 21:27:31 UTC] INJECT     docs/speaking/topics/p23-fav-city.html  (+1/1 tag(s))
[2026-08-17 21:27:31 UTC] INJECT     docs/speaking/topics/p23-foreign-job.html  (+1/1 tag(s))
[2026-08-17 21:27:31 UTC] INJECT     docs/speaking/topics/p23-group.html  (+1/1 tag(s))
[2026-08-17 21:27:31 UTC] INJECT     docs/speaking/topics/p23-heirloom.html  (+1/1 tag(s))
[2026-08-17 21:27:31 UTC] INJECT     docs/speaking/topics/p23-helper.html  (+1/1 tag(s))
[2026-08-17 21:27:31 UTC] INJECT     docs/speaking/topics/p23-imagination.html  (+1/1 tag(s))
[2026-08-17 21:27:31 UTC] INJECT     docs/speaking/topics/p23-interest-bldg.html  (+1/1 tag(s))
[2026-08-17 21:27:31 UTC] INJECT     docs/speaking/topics/p23-law.html  (+1/1 tag(s))
[2026-08-17 21:27:31 UTC] INJECT     docs/speaking/topics/p23-medical.html  (+1/1 tag(s))
[2026-08-17 21:27:31 UTC] INJECT     docs/speaking/topics/p23-movie.html  (+1/1 tag(s))
[2026-08-17 21:27:31 UTC] INJECT     docs/speaking/topics/p23-nanning.html  (+1/1 tag(s))
[2026-08-17 21:27:31 UTC] INJECT     docs/speaking/topics/p23-nature.html  (+1/1 tag(s))
[2026-08-17 21:27:31 UTC] INJECT     docs/speaking/topics/p23-no-phone.html  (+1/1 tag(s))
[2026-08-17 21:27:31 UTC] INJECT     docs/speaking/topics/p23-overspent.html  (+1/1 tag(s))
[2026-08-17 21:27:31 UTC] INJECT     docs/speaking/topics/p23-perfect-job.html  (+1/1 tag(s))
[2026-08-17 21:27:31 UTC] INJECT     docs/speaking/topics/p23-planning.html  (+1/1 tag(s))
[2026-08-17 21:27:31 UTC] INJECT     docs/speaking/topics/p23-plants.html  (+1/1 tag(s))
[2026-08-17 21:27:31 UTC] INJECT     docs/speaking/topics/p23-proud.html  (+1/1 tag(s))
[2026-08-17 21:27:31 UTC] INJECT     docs/speaking/topics/p23-self-learn.html  (+1/1 tag(s))
[2026-08-17 21:27:31 UTC] INJECT     docs/speaking/topics/p23-smart.html  (+1/1 tag(s))
[2026-08-17 21:27:31 UTC] INJECT     docs/speaking/topics/p23-smiling.html  (+1/1 tag(s))
[2026-08-17 21:27:31 UTC] INJECT     docs/speaking/topics/p23-sports.html  (+1/1 tag(s))
[2026-08-17 21:27:31 UTC] INJECT     docs/speaking/topics/p23-tall.html  (+1/1 tag(s))
[2026-08-17 21:27:31 UTC] INJECT     docs/speaking/topics/p23-tech.html  (+1/1 tag(s))
[2026-08-17 21:27:31 UTC] INJECT     docs/speaking/topics/p23-vehicle.html  (+1/1 tag(s))
[2026-08-17 21:27:31 UTC] INJECT     docs/speaking/topics/p23-video.html  (+1/1 tag(s))
[2026-08-17 21:27:31 UTC] INJECT     docs/writing/index.html  (+1/1 tag(s))
[2026-08-17 21:27:31 UTC] INJECT     docs/speaking/index.html  (+1/1 tag(s))
[2026-08-17 21:27:31 UTC] SUMMARY inject: 365 modified, 0 skipped, 0 errors, 365 total
[2026-08-17 21:27:31 UTC] === drift-check ===
[2026-08-17 21:27:31 UTC] DRIFT-CHECK: 365/365 OK, 0 missing, 0 unreadable
[2026-08-17 21:28:00 UTC] === drift-check ===
[2026-08-17 21:28:00 UTC] DRIFT-CHECK: 365/365 OK, 0 missing, 0 unreadable
[2026-08-17 21:28:14 UTC] === drift-check ===
[2026-08-17 21:28:14 UTC] DRIFT-CHECK: 365/365 OK, 0 missing, 0 unreadable
[2026-08-17 21:28:14 UTC] === drift-check ===
[2026-08-17 21:28:14 UTC] DRIFT-CHECK: 365/365 OK, 0 missing, 0 unreadable
[2026-08-17 21:29:04 UTC] === inject ===
[2026-08-17 21:29:04 UTC] SKIP       docs/writing/task1/01-table-universities-ranked.html  (2 tag(s) present)
[2026-08-17 21:29:04 UTC] SKIP       docs/writing/task1/02-pie-meal-nutrients.html  (2 tag(s) present)
[2026-08-17 21:29:04 UTC] SKIP       docs/writing/task1/03-bar-electricity.html  (2 tag(s) present)
[2026-08-17 21:29:04 UTC] SKIP       docs/writing/task1/04-bar-physical-activity.html  (2 tag(s) present)
[2026-08-17 21:29:04 UTC] SKIP       docs/writing/task1/05-mixed-graph.html  (2 tag(s) present)
[2026-08-17 21:29:04 UTC] SKIP       docs/writing/task1/06-process-rain-shadow-desert.html  (2 tag(s) present)
[2026-08-17 21:29:04 UTC] SKIP       docs/writing/task1/07-process-plastic-recycling.html  (2 tag(s) present)
[2026-08-17 21:29:04 UTC] SKIP       docs/writing/task1/08-process-cement-making.html  (2 tag(s) present)
[2026-08-17 21:29:04 UTC] SKIP       docs/writing/task1/09-mixed-library-survey.html  (2 tag(s) present)
[2026-08-17 21:29:04 UTC] SKIP       docs/writing/task1/10-dynamic-caribbean-tourists.html  (2 tag(s) present)
[2026-08-17 21:29:04 UTC] SKIP       docs/writing/task1/11-dynamic-melbourne-activities.html  (2 tag(s) present)
[2026-08-17 21:29:04 UTC] SKIP       docs/writing/task1/12-dynamic-asian-cities.html  (2 tag(s) present)
[2026-08-17 21:29:04 UTC] SKIP       docs/writing/task1/13-static-uk-school-spending.html  (2 tag(s) present)
[2026-08-17 21:29:04 UTC] SKIP       docs/writing/task2/01-agree-disagree-history-vs-business.html  (2 tag(s) present)
[2026-08-17 21:29:04 UTC] SKIP       docs/writing/task2/02-discuss-both-views-employment-skills.html  (2 tag(s) present)
[2026-08-17 21:29:04 UTC] SKIP       docs/writing/task2/03-positive-negative-children-freedom.html  (2 tag(s) present)
[2026-08-17 21:29:04 UTC] SKIP       docs/writing/task2/04-opinion-teachers-morality.html  (2 tag(s) present)
[2026-08-17 21:29:04 UTC] SKIP       docs/writing/task2/043-1-1-agree-disagree.html  (2 tag(s) present)
[2026-08-17 21:29:04 UTC] SKIP       docs/writing/task2/044-1-1-discuss-both-views.html  (2 tag(s) present)
[2026-08-17 21:29:04 UTC] SKIP       docs/writing/task2/045-1-1-agree-disagree.html  (2 tag(s) present)
[2026-08-17 21:29:04 UTC] SKIP       docs/writing/task2/046-1-1-agree-disagree.html  (2 tag(s) present)
[2026-08-17 21:29:04 UTC] SKIP       docs/writing/task2/047-1-1-discuss-both-views.html  (2 tag(s) present)
[2026-08-17 21:29:04 UTC] SKIP       docs/writing/task2/048-1-1-discuss-both-views.html  (2 tag(s) present)
[2026-08-17 21:29:04 UTC] SKIP       docs/writing/task2/049-1-1-agree-disagree.html  (2 tag(s) present)
[2026-08-17 21:29:04 UTC] SKIP       docs/writing/task2/05-two-questions-environment.html  (2 tag(s) present)
[2026-08-17 21:29:04 UTC] SKIP       docs/writing/task2/050-1-2-positive-negative.html  (2 tag(s) present)
[2026-08-17 21:29:04 UTC] SKIP       docs/writing/task2/051-1-2-discuss-both-views.html  (2 tag(s) present)
[2026-08-17 21:29:04 UTC] SKIP       docs/writing/task2/052-1-2-agree-disagree.html  (2 tag(s) present)
[2026-08-17 21:29:04 UTC] SKIP       docs/writing/task2/053-1-2-discuss-both-views.html  (2 tag(s) present)
[2026-08-17 21:29:04 UTC] SKIP       docs/writing/task2/054-1-2-agree-disagree.html  (2 tag(s) present)
[2026-08-17 21:29:04 UTC] SKIP       docs/writing/task2/055-1-2-agree-disagree.html  (2 tag(s) present)
[2026-08-17 21:29:04 UTC] SKIP       docs/writing/task2/056-1-2-agree-disagree.html  (2 tag(s) present)
[2026-08-17 21:29:04 UTC] SKIP       docs/writing/task2/057-1-2-agree-disagree.html  (2 tag(s) present)
[2026-08-17 21:29:04 UTC] SKIP       docs/writing/task2/058-1-2-discuss-both-views.html  (2 tag(s) present)
[2026-08-17 21:29:04 UTC] SKIP       docs/writing/task2/059-1-2-discuss-both-views.html  (2 tag(s) present)
[2026-08-17 21:29:04 UTC] SKIP       docs/writing/task2/06-26-env-solutions.html  (2 tag(s) present)
[2026-08-17 21:29:04 UTC] SKIP       docs/writing/task2/060-1-3-agree-disagree.html  (2 tag(s) present)
[2026-08-17 21:29:04 UTC] SKIP       docs/writing/task2/061-1-4-discuss-both-views.html  (2 tag(s) present)
[2026-08-17 21:29:04 UTC] SKIP       docs/writing/task2/062-1-4-discuss-both-views.html  (2 tag(s) present)
[2026-08-17 21:29:04 UTC] SKIP       docs/writing/task2/063-1-4-discuss-both-views.html  (2 tag(s) present)
[2026-08-17 21:29:04 UTC] SKIP       docs/writing/task2/064-1-5-discuss-both-views.html  (2 tag(s) present)
[2026-08-17 21:29:04 UTC] SKIP       docs/writing/task2/065-1-5-discuss-both-views.html  (2 tag(s) present)
[2026-08-17 21:29:04 UTC] SKIP       docs/writing/task2/066-1-6-agree-disagree.html  (2 tag(s) present)
[2026-08-17 21:29:04 UTC] SKIP       docs/writing/task2/067-1-6-agree-disagree.html  (2 tag(s) present)
[2026-08-17 21:29:04 UTC] SKIP       docs/writing/task2/068-1-6-advantage-disadvantage.html  (2 tag(s) present)
[2026-08-17 21:29:04 UTC] SKIP       docs/writing/task2/069-1-6-agree-disagree.html  (2 tag(s) present)
[2026-08-17 21:29:04 UTC] SKIP       docs/writing/task2/07-01-lang-learning.html  (2 tag(s) present)
[2026-08-17 21:29:04 UTC] SKIP       docs/writing/task2/070-1-6-agree-disagree.html  (2 tag(s) present)
[2026-08-17 21:29:04 UTC] SKIP       docs/writing/task2/071-1-6-two-questions.html  (2 tag(s) present)
[2026-08-17 21:29:04 UTC] SKIP       docs/writing/task2/072-1-6-two-questions.html  (2 tag(s) present)
[2026-08-17 21:29:04 UTC] SKIP       docs/writing/task2/073-1-7-agree-disagree.html  (2 tag(s) present)
[2026-08-17 21:29:04 UTC] SKIP       docs/writing/task2/074-1-7-advantage-disadvantage.html  (2 tag(s) present)
[2026-08-17 21:29:04 UTC] SKIP       docs/writing/task2/075-1-7-agree-disagree.html  (2 tag(s) present)
[2026-08-17 21:29:04 UTC] SKIP       docs/writing/task2/076-1-8-problem-solution.html  (2 tag(s) present)
[2026-08-17 21:29:04 UTC] SKIP       docs/writing/task2/077-1-8-problem-solution.html  (2 tag(s) present)
[2026-08-17 21:29:04 UTC] SKIP       docs/writing/task2/078-1-8-two-questions.html  (2 tag(s) present)
[2026-08-17 21:29:04 UTC] SKIP       docs/writing/task2/079-2-1-single-question.html  (2 tag(s) present)
[2026-08-17 21:29:04 UTC] SKIP       docs/writing/task2/08-04-education-target.html  (2 tag(s) present)
[2026-08-17 21:29:04 UTC] SKIP       docs/writing/task2/080-2-1-advantage-disadvantage.html  (2 tag(s) present)
[2026-08-17 21:29:04 UTC] SKIP       docs/writing/task2/081-2-1-agree-disagree.html  (2 tag(s) present)
[2026-08-17 21:29:04 UTC] SKIP       docs/writing/task2/082-2-1-agree-disagree.html  (2 tag(s) present)
[2026-08-17 21:29:04 UTC] SKIP       docs/writing/task2/083-2-1-discuss-both-views.html  (2 tag(s) present)
[2026-08-17 21:29:04 UTC] SKIP       docs/writing/task2/084-2-1-agree-disagree.html  (2 tag(s) present)
[2026-08-17 21:29:04 UTC] SKIP       docs/writing/task2/085-2-2-agree-disagree.html  (2 tag(s) present)
[2026-08-17 21:29:04 UTC] SKIP       docs/writing/task2/086-2-2-agree-disagree.html  (2 tag(s) present)
[2026-08-17 21:29:04 UTC] SKIP       docs/writing/task2/087-2-2-agree-disagree.html  (2 tag(s) present)
[2026-08-17 21:29:04 UTC] SKIP       docs/writing/task2/088-2-2-positive-negative.html  (2 tag(s) present)
[2026-08-17 21:29:04 UTC] SKIP       docs/writing/task2/089-2-2-agree-disagree.html  (2 tag(s) present)
[2026-08-17 21:29:04 UTC] SKIP       docs/writing/task2/09-05-education-phenomenon.html  (2 tag(s) present)
[2026-08-17 21:29:04 UTC] SKIP       docs/writing/task2/090-2-3-agree-disagree.html  (2 tag(s) present)
[2026-08-17 21:29:04 UTC] SKIP       docs/writing/task2/091-2-3-agree-disagree.html  (2 tag(s) present)
[2026-08-17 21:29:04 UTC] SKIP       docs/writing/task2/092-2-3-agree-disagree.html  (2 tag(s) present)
[2026-08-17 21:29:04 UTC] SKIP       docs/writing/task2/093-2-3-agree-disagree.html  (2 tag(s) present)
[2026-08-17 21:29:04 UTC] SKIP       docs/writing/task2/094-2-4-agree-disagree.html  (2 tag(s) present)
[2026-08-17 21:29:04 UTC] SKIP       docs/writing/task2/095-2-5-problem-solution.html  (2 tag(s) present)
[2026-08-17 21:29:04 UTC] SKIP       docs/writing/task2/096-3-1-discuss-both-views.html  (2 tag(s) present)
[2026-08-17 21:29:04 UTC] SKIP       docs/writing/task2/097-3-1-agree-disagree.html  (2 tag(s) present)
[2026-08-17 21:29:04 UTC] SKIP       docs/writing/task2/098-3-1-agree-disagree.html  (2 tag(s) present)
[2026-08-17 21:29:04 UTC] SKIP       docs/writing/task2/099-3-1-positive-negative.html  (2 tag(s) present)
[2026-08-17 21:29:04 UTC] SKIP       docs/writing/task2/10-06-job-choice.html  (2 tag(s) present)
[2026-08-17 21:29:04 UTC] SKIP       docs/writing/task2/100-3-1-advantage-disadvantage.html  (2 tag(s) present)
[2026-08-17 21:29:04 UTC] SKIP       docs/writing/task2/101-3-1-advantage-disadvantage.html  (2 tag(s) present)
[2026-08-17 21:29:04 UTC] SKIP       docs/writing/task2/102-3-1-advantage-disadvantage.html  (2 tag(s) present)
[2026-08-17 21:29:04 UTC] SKIP       docs/writing/task2/103-3-1-advantage-disadvantage.html  (2 tag(s) present)
[2026-08-17 21:29:04 UTC] SKIP       docs/writing/task2/104-3-2-agree-disagree.html  (2 tag(s) present)
[2026-08-17 21:29:04 UTC] SKIP       docs/writing/task2/105-3-2-problem-solution.html  (2 tag(s) present)
[2026-08-17 21:29:04 UTC] SKIP       docs/writing/task2/106-3-2-agree-disagree.html  (2 tag(s) present)
[2026-08-17 21:29:04 UTC] SKIP       docs/writing/task2/107-3-2-discuss-both-views.html  (2 tag(s) present)
[2026-08-17 21:29:04 UTC] SKIP       docs/writing/task2/108-3-2-agree-disagree.html  (2 tag(s) present)
[2026-08-17 21:29:04 UTC] SKIP       docs/writing/task2/109-3-2-agree-disagree.html  (2 tag(s) present)
[2026-08-17 21:29:04 UTC] SKIP       docs/writing/task2/11-07-personal-skill.html  (2 tag(s) present)
[2026-08-17 21:29:04 UTC] SKIP       docs/writing/task2/110-3-2-discuss-both-views.html  (2 tag(s) present)
[2026-08-17 21:29:04 UTC] SKIP       docs/writing/task2/111-3-2-agree-disagree.html  (2 tag(s) present)
[2026-08-17 21:29:04 UTC] SKIP       docs/writing/task2/112-3-2-agree-disagree.html  (2 tag(s) present)
[2026-08-17 21:29:04 UTC] SKIP       docs/writing/task2/113-3-2-advantage-disadvantage.html  (2 tag(s) present)
[2026-08-17 21:29:04 UTC] SKIP       docs/writing/task2/114-3-2-discuss-both-views.html  (2 tag(s) present)
[2026-08-17 21:29:04 UTC] SKIP       docs/writing/task2/115-3-2-problem-solution.html  (2 tag(s) present)
[2026-08-17 21:29:04 UTC] SKIP       docs/writing/task2/116-3-2-agree-disagree.html  (2 tag(s) present)
[2026-08-17 21:29:04 UTC] SKIP       docs/writing/task2/117-3-2-discuss-both-views.html  (2 tag(s) present)
[2026-08-17 21:29:04 UTC] SKIP       docs/writing/task2/118-3-2-discuss-both-views.html  (2 tag(s) present)
[2026-08-17 21:29:04 UTC] SKIP       docs/writing/task2/119-3-2-agree-disagree.html  (2 tag(s) present)
[2026-08-17 21:29:04 UTC] SKIP       docs/writing/task2/12-08-work-env.html  (2 tag(s) present)
[2026-08-17 21:29:04 UTC] SKIP       docs/writing/task2/120-3-4-agree-disagree.html  (2 tag(s) present)
[2026-08-17 21:29:04 UTC] SKIP       docs/writing/task2/121-3-4-agree-disagree.html  (2 tag(s) present)
[2026-08-17 21:29:04 UTC] SKIP       docs/writing/task2/122-3-3-two-questions.html  (2 tag(s) present)
[2026-08-17 21:29:04 UTC] SKIP       docs/writing/task2/123-3-3-positive-negative.html  (2 tag(s) present)
[2026-08-17 21:29:04 UTC] SKIP       docs/writing/task2/124-3-3-problem-solution.html  (2 tag(s) present)
[2026-08-17 21:29:04 UTC] SKIP       docs/writing/task2/125-3-3-problem-solution.html  (2 tag(s) present)
[2026-08-17 21:29:04 UTC] SKIP       docs/writing/task2/126-3-3-two-questions.html  (2 tag(s) present)
[2026-08-17 21:29:04 UTC] SKIP       docs/writing/task2/127-3-3-advantage-disadvantage.html  (2 tag(s) present)
[2026-08-17 21:29:04 UTC] SKIP       docs/writing/task2/128-3-4-agree-disagree.html  (2 tag(s) present)
[2026-08-17 21:29:04 UTC] SKIP       docs/writing/task2/129-3-4-problem-solution.html  (2 tag(s) present)
[2026-08-17 21:29:04 UTC] SKIP       docs/writing/task2/13-09-job-types.html  (2 tag(s) present)
[2026-08-17 21:29:04 UTC] SKIP       docs/writing/task2/130-3-4-agree-disagree.html  (2 tag(s) present)
[2026-08-17 21:29:04 UTC] SKIP       docs/writing/task2/131-3-4-agree-disagree.html  (2 tag(s) present)
[2026-08-17 21:29:04 UTC] SKIP       docs/writing/task2/132-3-4-advantage-disadvantage.html  (2 tag(s) present)
[2026-08-17 21:29:04 UTC] SKIP       docs/writing/task2/133-3-4-advantage-disadvantage.html  (2 tag(s) present)
[2026-08-17 21:29:04 UTC] SKIP       docs/writing/task2/134-3-4-two-questions.html  (2 tag(s) present)
[2026-08-17 21:29:04 UTC] SKIP       docs/writing/task2/135-3-4-two-questions.html  (2 tag(s) present)
[2026-08-17 21:29:04 UTC] SKIP       docs/writing/task2/136-3-4-agree-disagree.html  (2 tag(s) present)
[2026-08-17 21:29:04 UTC] SKIP       docs/writing/task2/137-3-4-two-questions.html  (2 tag(s) present)
[2026-08-17 21:29:04 UTC] SKIP       docs/writing/task2/138-3-5-agree-disagree.html  (2 tag(s) present)
[2026-08-17 21:29:04 UTC] SKIP       docs/writing/task2/139-3-5-discuss-both-views.html  (2 tag(s) present)
[2026-08-17 21:29:04 UTC] SKIP       docs/writing/task2/14-10-work-life-balance.html  (2 tag(s) present)
[2026-08-17 21:29:04 UTC] SKIP       docs/writing/task2/140-3-5-discuss-both-views.html  (2 tag(s) present)
[2026-08-17 21:29:04 UTC] SKIP       docs/writing/task2/141-3-5-agree-disagree.html  (2 tag(s) present)
[2026-08-17 21:29:04 UTC] SKIP       docs/writing/task2/142-3-5-problem-solution.html  (2 tag(s) present)
[2026-08-17 21:29:04 UTC] SKIP       docs/writing/task2/143-3-5-discuss-both-views.html  (2 tag(s) present)
[2026-08-17 21:29:04 UTC] SKIP       docs/writing/task2/144-3-5-agree-disagree.html  (2 tag(s) present)
[2026-08-17 21:29:04 UTC] SKIP       docs/writing/task2/145-3-5-discuss-both-views.html  (2 tag(s) present)
[2026-08-17 21:29:04 UTC] SKIP       docs/writing/task2/146-3-5-discuss-both-views.html  (2 tag(s) present)
[2026-08-17 21:29:04 UTC] SKIP       docs/writing/task2/147-3-5-problem-solution.html  (2 tag(s) present)
[2026-08-17 21:29:04 UTC] SKIP       docs/writing/task2/148-3-5-discuss-both-views.html  (2 tag(s) present)
[2026-08-17 21:29:04 UTC] SKIP       docs/writing/task2/149-3-5-discuss-both-views.html  (2 tag(s) present)
[2026-08-17 21:29:04 UTC] SKIP       docs/writing/task2/15-11-urbanisation.html  (2 tag(s) present)
[2026-08-17 21:29:04 UTC] SKIP       docs/writing/task2/150-3-5-agree-disagree.html  (2 tag(s) present)
[2026-08-17 21:29:04 UTC] SKIP       docs/writing/task2/151-3-5-discuss-both-views.html  (2 tag(s) present)
[2026-08-17 21:29:04 UTC] SKIP       docs/writing/task2/152-3-5-advantage-disadvantage.html  (2 tag(s) present)
[2026-08-17 21:29:04 UTC] SKIP       docs/writing/task2/153-3-5-opinion.html  (2 tag(s) present)
[2026-08-17 21:29:04 UTC] SKIP       docs/writing/task2/154-3-5-agree-disagree.html  (2 tag(s) present)
[2026-08-17 21:29:04 UTC] SKIP       docs/writing/task2/155-3-6-problem-solution.html  (2 tag(s) present)
[2026-08-17 21:29:04 UTC] SKIP       docs/writing/task2/156-3-6-problem-solution.html  (2 tag(s) present)
[2026-08-17 21:29:04 UTC] SKIP       docs/writing/task2/157-3-6-problem-solution.html  (2 tag(s) present)
[2026-08-17 21:29:04 UTC] SKIP       docs/writing/task2/158-3-6-problem-solution.html  (2 tag(s) present)
[2026-08-17 21:29:04 UTC] SKIP       docs/writing/task2/159-3-6-problem-solution.html  (2 tag(s) present)
[2026-08-17 21:29:04 UTC] SKIP       docs/writing/task2/16-12-culture.html  (2 tag(s) present)
[2026-08-17 21:29:04 UTC] SKIP       docs/writing/task2/160-3-6-problem-solution.html  (2 tag(s) present)
[2026-08-17 21:29:04 UTC] SKIP       docs/writing/task2/161-3-6-problem-solution.html  (2 tag(s) present)
[2026-08-17 21:29:04 UTC] SKIP       docs/writing/task2/162-3-6-problem-solution.html  (2 tag(s) present)
[2026-08-17 21:29:04 UTC] SKIP       docs/writing/task2/163-3-6-two-questions.html  (2 tag(s) present)
[2026-08-17 21:29:04 UTC] SKIP       docs/writing/task2/164-3-6-problem-solution.html  (2 tag(s) present)
[2026-08-17 21:29:04 UTC] SKIP       docs/writing/task2/165-3-6-problem-solution.html  (2 tag(s) present)
[2026-08-17 21:29:04 UTC] SKIP       docs/writing/task2/166-3-6-two-questions.html  (2 tag(s) present)
[2026-08-17 21:29:04 UTC] SKIP       docs/writing/task2/167-3-6-two-questions.html  (2 tag(s) present)
[2026-08-17 21:29:04 UTC] SKIP       docs/writing/task2/168-3-6-problem-solution.html  (2 tag(s) present)
[2026-08-17 21:29:04 UTC] SKIP       docs/writing/task2/169-3-6-problem-solution.html  (2 tag(s) present)
[2026-08-17 21:29:04 UTC] SKIP       docs/writing/task2/17-13-ageing.html  (2 tag(s) present)
[2026-08-17 21:29:04 UTC] SKIP       docs/writing/task2/170-3-7-positive-negative.html  (2 tag(s) present)
[2026-08-17 21:29:04 UTC] SKIP       docs/writing/task2/171-3-8-agree-disagree.html  (2 tag(s) present)
[2026-08-17 21:29:04 UTC] SKIP       docs/writing/task2/172-3-8-advantage-disadvantage.html  (2 tag(s) present)
[2026-08-17 21:29:04 UTC] SKIP       docs/writing/task2/173-3-8-advantage-disadvantage.html  (2 tag(s) present)
[2026-08-17 21:29:04 UTC] SKIP       docs/writing/task2/174-3-8-agree-disagree.html  (2 tag(s) present)
[2026-08-17 21:29:04 UTC] SKIP       docs/writing/task2/175-3-9-agree-disagree.html  (2 tag(s) present)
[2026-08-17 21:29:04 UTC] SKIP       docs/writing/task2/176-3-10-agree-disagree.html  (2 tag(s) present)
[2026-08-17 21:29:04 UTC] SKIP       docs/writing/task2/177-4-1-agree-disagree.html  (2 tag(s) present)
[2026-08-17 21:29:04 UTC] SKIP       docs/writing/task2/178-4-1-agree-disagree.html  (2 tag(s) present)
[2026-08-17 21:29:04 UTC] SKIP       docs/writing/task2/179-4-1-discuss-both-views.html  (2 tag(s) present)
[2026-08-17 21:29:04 UTC] SKIP       docs/writing/task2/18-14-transport.html  (2 tag(s) present)
[2026-08-17 21:29:04 UTC] SKIP       docs/writing/task2/180-4-1-agree-disagree.html  (2 tag(s) present)
[2026-08-17 21:29:04 UTC] SKIP       docs/writing/task2/181-4-2-problem-solution.html  (2 tag(s) present)
[2026-08-17 21:29:04 UTC] SKIP       docs/writing/task2/182-4-3-problem-solution.html  (2 tag(s) present)
[2026-08-17 21:29:04 UTC] SKIP       docs/writing/task2/183-4-3-agree-disagree.html  (2 tag(s) present)
[2026-08-17 21:29:04 UTC] SKIP       docs/writing/task2/184-4-4-problem-solution.html  (2 tag(s) present)
[2026-08-17 21:29:04 UTC] SKIP       docs/writing/task2/185-4-4-problem-solution.html  (2 tag(s) present)
[2026-08-17 21:29:04 UTC] SKIP       docs/writing/task2/186-4-4-advantage-disadvantage.html  (2 tag(s) present)
[2026-08-17 21:29:04 UTC] SKIP       docs/writing/task2/187-4-4-discuss-both-views.html  (2 tag(s) present)
[2026-08-17 21:29:04 UTC] SKIP       docs/writing/task2/188-4-4-agree-disagree.html  (2 tag(s) present)
[2026-08-17 21:29:04 UTC] SKIP       docs/writing/task2/189-4-4-advantage-disadvantage.html  (2 tag(s) present)
[2026-08-17 21:29:04 UTC] SKIP       docs/writing/task2/19-15-values-compare.html  (2 tag(s) present)
[2026-08-17 21:29:04 UTC] SKIP       docs/writing/task2/190-4-5-problem-solution.html  (2 tag(s) present)
[2026-08-17 21:29:04 UTC] SKIP       docs/writing/task2/191-4-6-problem-solution.html  (2 tag(s) present)
[2026-08-17 21:29:04 UTC] SKIP       docs/writing/task2/192-4-6-two-questions.html  (2 tag(s) present)
[2026-08-17 21:29:04 UTC] SKIP       docs/writing/task2/193-4-7-agree-disagree.html  (2 tag(s) present)
[2026-08-17 21:29:04 UTC] SKIP       docs/writing/task2/194-4-7-discuss-both-views.html  (2 tag(s) present)
[2026-08-17 21:29:04 UTC] SKIP       docs/writing/task2/195-4-7-agree-disagree.html  (2 tag(s) present)
[2026-08-17 21:29:04 UTC] SKIP       docs/writing/task2/196-5-1-agree-disagree.html  (2 tag(s) present)
[2026-08-17 21:29:04 UTC] SKIP       docs/writing/task2/197-5-1-agree-disagree.html  (2 tag(s) present)
[2026-08-17 21:29:04 UTC] SKIP       docs/writing/task2/198-5-1-agree-disagree.html  (2 tag(s) present)
[2026-08-17 21:29:04 UTC] SKIP       docs/writing/task2/199-5-1-agree-disagree.html  (2 tag(s) present)
[2026-08-17 21:29:04 UTC] SKIP       docs/writing/task2/20-16-social-phenomenon.html  (2 tag(s) present)
[2026-08-17 21:29:04 UTC] SKIP       docs/writing/task2/200-5-1-discuss-both-views.html  (2 tag(s) present)
[2026-08-17 21:29:04 UTC] SKIP       docs/writing/task2/201-5-1-discuss-both-views.html  (2 tag(s) present)
[2026-08-17 21:29:04 UTC] SKIP       docs/writing/task2/202-5-1-opinion.html  (2 tag(s) present)
[2026-08-17 21:29:04 UTC] SKIP       docs/writing/task2/203-5-1-agree-disagree.html  (2 tag(s) present)
[2026-08-17 21:29:04 UTC] SKIP       docs/writing/task2/204-5-1-agree-disagree.html  (2 tag(s) present)
[2026-08-17 21:29:04 UTC] SKIP       docs/writing/task2/205-5-1-agree-disagree.html  (2 tag(s) present)
[2026-08-17 21:29:04 UTC] SKIP       docs/writing/task2/206-5-1-positive-negative.html  (2 tag(s) present)
[2026-08-17 21:29:04 UTC] SKIP       docs/writing/task2/207-5-1-discuss-both-views.html  (2 tag(s) present)
[2026-08-17 21:29:04 UTC] SKIP       docs/writing/task2/208-5-1-advantage-disadvantage.html  (2 tag(s) present)
[2026-08-17 21:29:04 UTC] SKIP       docs/writing/task2/209-5-1-discuss-both-views.html  (2 tag(s) present)
[2026-08-17 21:29:04 UTC] SKIP       docs/writing/task2/21-17-privacy.html  (2 tag(s) present)
[2026-08-17 21:29:04 UTC] SKIP       docs/writing/task2/210-5-2-agree-disagree.html  (2 tag(s) present)
[2026-08-17 21:29:04 UTC] SKIP       docs/writing/task2/211-5-2-problem-solution.html  (2 tag(s) present)
[2026-08-17 21:29:04 UTC] SKIP       docs/writing/task2/212-5-2-agree-disagree.html  (2 tag(s) present)
[2026-08-17 21:29:04 UTC] SKIP       docs/writing/task2/213-5-2-problem-solution.html  (2 tag(s) present)
[2026-08-17 21:29:04 UTC] SKIP       docs/writing/task2/214-5-2-advantage-disadvantage.html  (2 tag(s) present)
[2026-08-17 21:29:04 UTC] SKIP       docs/writing/task2/215-5-2-agree-disagree.html  (2 tag(s) present)
[2026-08-17 21:29:04 UTC] SKIP       docs/writing/task2/216-6-1-agree-disagree.html  (2 tag(s) present)
[2026-08-17 21:29:04 UTC] SKIP       docs/writing/task2/217-6-1-discuss-both-views.html  (2 tag(s) present)
[2026-08-17 21:29:04 UTC] SKIP       docs/writing/task2/218-6-1-positive-negative.html  (2 tag(s) present)
[2026-08-17 21:29:04 UTC] SKIP       docs/writing/task2/219-6-1-advantage-disadvantage.html  (2 tag(s) present)
[2026-08-17 21:29:04 UTC] SKIP       docs/writing/task2/22-18-life-change.html  (2 tag(s) present)
[2026-08-17 21:29:04 UTC] SKIP       docs/writing/task2/220-6-1-advantage-disadvantage.html  (2 tag(s) present)
[2026-08-17 21:29:04 UTC] SKIP       docs/writing/task2/221-6-1-positive-negative.html  (2 tag(s) present)
[2026-08-17 21:29:04 UTC] SKIP       docs/writing/task2/222-6-1-agree-disagree.html  (2 tag(s) present)
[2026-08-17 21:29:04 UTC] SKIP       docs/writing/task2/223-6-1-agree-disagree.html  (2 tag(s) present)
[2026-08-17 21:29:04 UTC] SKIP       docs/writing/task2/224-6-1-discuss-both-views.html  (2 tag(s) present)
[2026-08-17 21:29:04 UTC] SKIP       docs/writing/task2/225-6-1-discuss-both-views.html  (2 tag(s) present)
[2026-08-17 21:29:04 UTC] SKIP       docs/writing/task2/226-6-1-agree-disagree.html  (2 tag(s) present)
[2026-08-17 21:29:04 UTC] SKIP       docs/writing/task2/227-6-1-discuss-both-views.html  (2 tag(s) present)
[2026-08-17 21:29:04 UTC] SKIP       docs/writing/task2/228-6-1-discuss-both-views.html  (2 tag(s) present)
[2026-08-17 21:29:04 UTC] SKIP       docs/writing/task2/229-6-1-agree-disagree.html  (2 tag(s) present)
[2026-08-17 21:29:04 UTC] SKIP       docs/writing/task2/23-19-gender.html  (2 tag(s) present)
[2026-08-17 21:29:04 UTC] SKIP       docs/writing/task2/230-6-1-discuss-both-views.html  (2 tag(s) present)
[2026-08-17 21:29:04 UTC] SKIP       docs/writing/task2/231-6-1-discuss-both-views.html  (2 tag(s) present)
[2026-08-17 21:29:04 UTC] SKIP       docs/writing/task2/232-6-1-agree-disagree.html  (2 tag(s) present)
[2026-08-17 21:29:04 UTC] SKIP       docs/writing/task2/233-6-1-two-questions.html  (2 tag(s) present)
[2026-08-17 21:29:04 UTC] SKIP       docs/writing/task2/234-6-2-discuss-both-views.html  (2 tag(s) present)
[2026-08-17 21:29:04 UTC] SKIP       docs/writing/task2/235-6-2-agree-disagree.html  (2 tag(s) present)
[2026-08-17 21:29:04 UTC] SKIP       docs/writing/task2/236-6-2-problem-solution.html  (2 tag(s) present)
[2026-08-17 21:29:04 UTC] SKIP       docs/writing/task2/237-6-2-discuss-both-views.html  (2 tag(s) present)
[2026-08-17 21:29:04 UTC] SKIP       docs/writing/task2/238-6-2-problem-solution.html  (2 tag(s) present)
[2026-08-17 21:29:04 UTC] SKIP       docs/writing/task2/239-7-1-problem-solution.html  (2 tag(s) present)
[2026-08-17 21:29:04 UTC] SKIP       docs/writing/task2/24-20-civility.html  (2 tag(s) present)
[2026-08-17 21:29:04 UTC] SKIP       docs/writing/task2/240-7-1-agree-disagree.html  (2 tag(s) present)
[2026-08-17 21:29:04 UTC] SKIP       docs/writing/task2/241-7-1-discuss-both-views.html  (2 tag(s) present)
[2026-08-17 21:29:04 UTC] SKIP       docs/writing/task2/242-7-1-agree-disagree.html  (2 tag(s) present)
[2026-08-17 21:29:04 UTC] SKIP       docs/writing/task2/243-7-1-agree-disagree.html  (2 tag(s) present)
[2026-08-17 21:29:04 UTC] SKIP       docs/writing/task2/244-8-1-agree-disagree.html  (2 tag(s) present)
[2026-08-17 21:29:04 UTC] SKIP       docs/writing/task2/245-8-1-positive-negative.html  (2 tag(s) present)
[2026-08-17 21:29:04 UTC] SKIP       docs/writing/task2/246-8-1-agree-disagree.html  (2 tag(s) present)
[2026-08-17 21:29:04 UTC] SKIP       docs/writing/task2/247-8-1-problem-solution.html  (2 tag(s) present)
[2026-08-17 21:29:04 UTC] SKIP       docs/writing/task2/248-8-1-discuss-both-views.html  (2 tag(s) present)
[2026-08-17 21:29:04 UTC] SKIP       docs/writing/task2/249-8-1-discuss-both-views.html  (2 tag(s) present)
[2026-08-17 21:29:04 UTC] SKIP       docs/writing/task2/25-21-animal-protection.html  (2 tag(s) present)
[2026-08-17 21:29:04 UTC] SKIP       docs/writing/task2/250-8-1-agree-disagree.html  (2 tag(s) present)
[2026-08-17 21:29:04 UTC] SKIP       docs/writing/task2/251-8-1-discuss-both-views.html  (2 tag(s) present)
[2026-08-17 21:29:04 UTC] SKIP       docs/writing/task2/252-8-1-two-questions.html  (2 tag(s) present)
[2026-08-17 21:29:04 UTC] SKIP       docs/writing/task2/253-8-1-agree-disagree.html  (2 tag(s) present)
[2026-08-17 21:29:04 UTC] SKIP       docs/writing/task2/254-8-1-agree-disagree.html  (2 tag(s) present)
[2026-08-17 21:29:04 UTC] SKIP       docs/writing/task2/255-8-1-discuss-both-views.html  (2 tag(s) present)
[2026-08-17 21:29:04 UTC] SKIP       docs/writing/task2/256-8-1-positive-negative.html  (2 tag(s) present)
[2026-08-17 21:29:04 UTC] SKIP       docs/writing/task2/257-8-2-two-questions.html  (2 tag(s) present)
[2026-08-17 21:29:04 UTC] SKIP       docs/writing/task2/258-8-2-discuss-both-views.html  (2 tag(s) present)
[2026-08-17 21:29:04 UTC] SKIP       docs/writing/task2/259-8-2-two-questions.html  (2 tag(s) present)
[2026-08-17 21:29:04 UTC] SKIP       docs/writing/task2/26-22-plastic.html  (2 tag(s) present)
[2026-08-17 21:29:04 UTC] SKIP       docs/writing/task2/260-8-2-positive-negative.html  (2 tag(s) present)
[2026-08-17 21:29:04 UTC] SKIP       docs/writing/task2/261-9-1-discuss-both-views.html  (2 tag(s) present)
[2026-08-17 21:29:04 UTC] SKIP       docs/writing/task2/262-9-1-agree-disagree.html  (2 tag(s) present)
[2026-08-17 21:29:04 UTC] SKIP       docs/writing/task2/263-9-1-agree-disagree.html  (2 tag(s) present)
[2026-08-17 21:29:04 UTC] SKIP       docs/writing/task2/264-9-1-discuss-both-views.html  (2 tag(s) present)
[2026-08-17 21:29:04 UTC] SKIP       docs/writing/task2/265-9-1-discuss-both-views.html  (2 tag(s) present)
[2026-08-17 21:29:04 UTC] SKIP       docs/writing/task2/266-9-1-discuss-both-views.html  (2 tag(s) present)
[2026-08-17 21:29:04 UTC] SKIP       docs/writing/task2/267-9-1-agree-disagree.html  (2 tag(s) present)
[2026-08-17 21:29:04 UTC] SKIP       docs/writing/task2/268-9-1-discuss-both-views.html  (2 tag(s) present)
[2026-08-17 21:29:04 UTC] SKIP       docs/writing/task2/269-9-1-agree-disagree.html  (2 tag(s) present)
[2026-08-17 21:29:04 UTC] SKIP       docs/writing/task2/27-23-water.html  (2 tag(s) present)
[2026-08-17 21:29:04 UTC] SKIP       docs/writing/task2/270-9-1-discuss-both-views.html  (2 tag(s) present)
[2026-08-17 21:29:04 UTC] SKIP       docs/writing/task2/271-9-1-discuss-both-views.html  (2 tag(s) present)
[2026-08-17 21:29:04 UTC] SKIP       docs/writing/task2/272-10-1-agree-disagree.html  (2 tag(s) present)
[2026-08-17 21:29:04 UTC] SKIP       docs/writing/task2/273-10-1-problem-solution.html  (2 tag(s) present)
[2026-08-17 21:29:04 UTC] SKIP       docs/writing/task2/274-10-1-problem-solution.html  (2 tag(s) present)
[2026-08-17 21:29:04 UTC] SKIP       docs/writing/task2/275-10-1-agree-disagree.html  (2 tag(s) present)
[2026-08-17 21:29:04 UTC] SKIP       docs/writing/task2/276-10-1-discuss-both-views.html  (2 tag(s) present)
[2026-08-17 21:29:04 UTC] SKIP       docs/writing/task2/277-10-1-discuss-both-views.html  (2 tag(s) present)
[2026-08-17 21:29:04 UTC] SKIP       docs/writing/task2/278-10-1-discuss-both-views.html  (2 tag(s) present)
[2026-08-17 21:29:04 UTC] SKIP       docs/writing/task2/279-10-1-agree-disagree.html  (2 tag(s) present)
[2026-08-17 21:29:04 UTC] SKIP       docs/writing/task2/28-24-noise-pollution.html  (2 tag(s) present)
[2026-08-17 21:29:04 UTC] SKIP       docs/writing/task2/29-25-consumption-env.html  (2 tag(s) present)
[2026-08-17 21:29:04 UTC] SKIP       docs/writing/task2/30-02-qual-meaning.html  (2 tag(s) present)
[2026-08-17 21:29:04 UTC] SKIP       docs/writing/task2/31-03-education-method.html  (2 tag(s) present)
[2026-08-17 21:29:04 UTC] SKIP       docs/writing/task2/32-27-technology.html  (2 tag(s) present)
[2026-08-17 21:29:04 UTC] SKIP       docs/writing/task2/33-28-health.html  (2 tag(s) present)
[2026-08-17 21:29:04 UTC] SKIP       docs/writing/task2/34-29-media.html  (2 tag(s) present)
[2026-08-17 21:29:04 UTC] SKIP       docs/writing/task2/35-30-advertising.html  (2 tag(s) present)
[2026-08-17 21:29:04 UTC] SKIP       docs/writing/task2/36-31-globalisation.html  (2 tag(s) present)
[2026-08-17 21:29:04 UTC] SKIP       docs/writing/task2/37-32-travel.html  (2 tag(s) present)
[2026-08-17 21:29:04 UTC] SKIP       docs/writing/task2/38-1-1-single-question.html  (2 tag(s) present)
[2026-08-17 21:29:04 UTC] SKIP       docs/writing/task2/39-1-1-problem-solution.html  (2 tag(s) present)
[2026-08-17 21:29:04 UTC] SKIP       docs/writing/task2/40-1-2-advantage-disadvantage.html  (2 tag(s) present)
[2026-08-17 21:29:04 UTC] SKIP       docs/writing/task2/41-1-5-single-question.html  (2 tag(s) present)
[2026-08-17 21:29:04 UTC] SKIP       docs/writing/task2/42-4-4-problem-solution.html  (2 tag(s) present)
[2026-08-17 21:29:04 UTC] SKIP       docs/speaking/topics/p1-area.html  (1 tag(s) present)
[2026-08-17 21:29:04 UTC] SKIP       docs/speaking/topics/p1-city.html  (1 tag(s) present)
[2026-08-17 21:29:04 UTC] SKIP       docs/speaking/topics/p1-home.html  (1 tag(s) present)
[2026-08-17 21:29:04 UTC] SKIP       docs/speaking/topics/p1-hometown.html  (1 tag(s) present)
[2026-08-17 21:29:04 UTC] SKIP       docs/speaking/topics/p1-work.html  (1 tag(s) present)
[2026-08-17 21:29:04 UTC] SKIP       docs/speaking/topics/p1f-building.html  (1 tag(s) present)
[2026-08-17 21:29:04 UTC] SKIP       docs/speaking/topics/p1f-cars.html  (1 tag(s) present)
[2026-08-17 21:29:04 UTC] SKIP       docs/speaking/topics/p1f-childhood.html  (1 tag(s) present)
[2026-08-17 21:29:04 UTC] SKIP       docs/speaking/topics/p1f-food.html  (1 tag(s) present)
[2026-08-17 21:29:04 UTC] SKIP       docs/speaking/topics/p1f-gifts.html  (1 tag(s) present)
[2026-08-17 21:29:04 UTC] SKIP       docs/speaking/topics/p1f-hobby.html  (1 tag(s) present)
[2026-08-17 21:29:04 UTC] SKIP       docs/speaking/topics/p1f-life-stages.html  (1 tag(s) present)
[2026-08-17 21:29:04 UTC] SKIP       docs/speaking/topics/p1f-mirrors.html  (1 tag(s) present)
[2026-08-17 21:29:04 UTC] SKIP       docs/speaking/topics/p1f-morning.html  (1 tag(s) present)
[2026-08-17 21:29:04 UTC] SKIP       docs/speaking/topics/p1f-music.html  (1 tag(s) present)
[2026-08-17 21:29:04 UTC] SKIP       docs/speaking/topics/p1f-outer-space.html  (1 tag(s) present)
[2026-08-17 21:29:04 UTC] SKIP       docs/speaking/topics/p1f-parks.html  (1 tag(s) present)
[2026-08-17 21:29:04 UTC] SKIP       docs/speaking/topics/p1f-pets.html  (1 tag(s) present)
[2026-08-17 21:29:04 UTC] SKIP       docs/speaking/topics/p1f-reading.html  (1 tag(s) present)
[2026-08-17 21:29:04 UTC] SKIP       docs/speaking/topics/p1f-scenery.html  (1 tag(s) present)
[2026-08-17 21:29:04 UTC] SKIP       docs/speaking/topics/p1f-science.html  (1 tag(s) present)
[2026-08-17 21:29:04 UTC] SKIP       docs/speaking/topics/p1f-shopping.html  (1 tag(s) present)
[2026-08-17 21:29:04 UTC] SKIP       docs/speaking/topics/p1f-singing.html  (1 tag(s) present)
[2026-08-17 21:29:04 UTC] SKIP       docs/speaking/topics/p1f-social-media.html  (1 tag(s) present)
[2026-08-17 21:29:04 UTC] SKIP       docs/speaking/topics/p1f-sports-team.html  (1 tag(s) present)
[2026-08-17 21:29:04 UTC] SKIP       docs/speaking/topics/p1f-teachers.html  (1 tag(s) present)
[2026-08-17 21:29:04 UTC] SKIP       docs/speaking/topics/p1f-tidiness.html  (1 tag(s) present)
[2026-08-17 21:29:04 UTC] SKIP       docs/speaking/topics/p1f-typing.html  (1 tag(s) present)
[2026-08-17 21:29:04 UTC] SKIP       docs/speaking/topics/p1f-views.html  (1 tag(s) present)
[2026-08-17 21:29:04 UTC] SKIP       docs/speaking/topics/p1f-walking.html  (1 tag(s) present)
[2026-08-17 21:29:04 UTC] SKIP       docs/speaking/topics/p1f-watch.html  (1 tag(s) present)
[2026-08-17 21:29:04 UTC] SKIP       docs/speaking/topics/p1f-websites.html  (1 tag(s) present)
[2026-08-17 21:29:04 UTC] SKIP       docs/speaking/topics/p23-advice.html  (1 tag(s) present)
[2026-08-17 21:29:04 UTC] SKIP       docs/speaking/topics/p23-app.html  (1 tag(s) present)
[2026-08-17 21:29:04 UTC] SKIP       docs/speaking/topics/p23-bad-music.html  (1 tag(s) present)
[2026-08-17 21:29:04 UTC] SKIP       docs/speaking/topics/p23-boring.html  (1 tag(s) present)
[2026-08-17 21:29:04 UTC] SKIP       docs/speaking/topics/p23-business.html  (1 tag(s) present)
[2026-08-17 21:29:05 UTC] SKIP       docs/speaking/topics/p23-changed-plan.html  (1 tag(s) present)
[2026-08-17 21:29:05 UTC] SKIP       docs/speaking/topics/p23-child-art.html  (1 tag(s) present)
[2026-08-17 21:29:05 UTC] SKIP       docs/speaking/topics/p23-child-friend.html  (1 tag(s) present)
[2026-08-17 21:29:05 UTC] SKIP       docs/speaking/topics/p23-decision.html  (1 tag(s) present)
[2026-08-17 21:29:05 UTC] SKIP       docs/speaking/topics/p23-early.html  (1 tag(s) present)
[2026-08-17 21:29:05 UTC] SKIP       docs/speaking/topics/p23-encourage.html  (1 tag(s) present)
[2026-08-17 21:29:05 UTC] SKIP       docs/speaking/topics/p23-famous-city.html  (1 tag(s) present)
[2026-08-17 21:29:05 UTC] SKIP       docs/speaking/topics/p23-famous.html  (1 tag(s) present)
[2026-08-17 21:29:05 UTC] SKIP       docs/speaking/topics/p23-fav-city.html  (1 tag(s) present)
[2026-08-17 21:29:05 UTC] SKIP       docs/speaking/topics/p23-foreign-job.html  (1 tag(s) present)
[2026-08-17 21:29:05 UTC] SKIP       docs/speaking/topics/p23-group.html  (1 tag(s) present)
[2026-08-17 21:29:05 UTC] SKIP       docs/speaking/topics/p23-heirloom.html  (1 tag(s) present)
[2026-08-17 21:29:05 UTC] SKIP       docs/speaking/topics/p23-helper.html  (1 tag(s) present)
[2026-08-17 21:29:05 UTC] SKIP       docs/speaking/topics/p23-imagination.html  (1 tag(s) present)
[2026-08-17 21:29:05 UTC] SKIP       docs/speaking/topics/p23-interest-bldg.html  (1 tag(s) present)
[2026-08-17 21:29:05 UTC] SKIP       docs/speaking/topics/p23-law.html  (1 tag(s) present)
[2026-08-17 21:29:05 UTC] SKIP       docs/speaking/topics/p23-medical.html  (1 tag(s) present)
[2026-08-17 21:29:05 UTC] SKIP       docs/speaking/topics/p23-movie.html  (1 tag(s) present)
[2026-08-17 21:29:05 UTC] SKIP       docs/speaking/topics/p23-nanning.html  (1 tag(s) present)
[2026-08-17 21:29:05 UTC] SKIP       docs/speaking/topics/p23-nature.html  (1 tag(s) present)
[2026-08-17 21:29:05 UTC] SKIP       docs/speaking/topics/p23-no-phone.html  (1 tag(s) present)
[2026-08-17 21:29:05 UTC] SKIP       docs/speaking/topics/p23-overspent.html  (1 tag(s) present)
[2026-08-17 21:29:05 UTC] SKIP       docs/speaking/topics/p23-perfect-job.html  (1 tag(s) present)
[2026-08-17 21:29:05 UTC] SKIP       docs/speaking/topics/p23-planning.html  (1 tag(s) present)
[2026-08-17 21:29:05 UTC] SKIP       docs/speaking/topics/p23-plants.html  (1 tag(s) present)
[2026-08-17 21:29:05 UTC] SKIP       docs/speaking/topics/p23-proud.html  (1 tag(s) present)
[2026-08-17 21:29:05 UTC] SKIP       docs/speaking/topics/p23-self-learn.html  (1 tag(s) present)
[2026-08-17 21:29:05 UTC] SKIP       docs/speaking/topics/p23-smart.html  (1 tag(s) present)
[2026-08-17 21:29:05 UTC] SKIP       docs/speaking/topics/p23-smiling.html  (1 tag(s) present)
[2026-08-17 21:29:05 UTC] SKIP       docs/speaking/topics/p23-sports.html  (1 tag(s) present)
[2026-08-17 21:29:05 UTC] SKIP       docs/speaking/topics/p23-tall.html  (1 tag(s) present)
[2026-08-17 21:29:05 UTC] SKIP       docs/speaking/topics/p23-tech.html  (1 tag(s) present)
[2026-08-17 21:29:05 UTC] SKIP       docs/speaking/topics/p23-vehicle.html  (1 tag(s) present)
[2026-08-17 21:29:05 UTC] SKIP       docs/speaking/topics/p23-video.html  (1 tag(s) present)
[2026-08-17 21:29:05 UTC] SKIP       docs/writing/index.html  (1 tag(s) present)
[2026-08-17 21:29:05 UTC] SKIP       docs/speaking/index.html  (1 tag(s) present)
[2026-08-17 21:29:05 UTC] SUMMARY inject: 0 modified, 365 skipped, 0 errors, 365 total
[2026-08-17 21:29:06 UTC] === drift-check ===
[2026-08-17 21:29:06 UTC] DRIFT-CHECK: 365/365 OK, 0 missing, 0 unreadable
[2026-08-17 21:29:06 UTC] === drift-check ===
[2026-08-17 21:29:06 UTC] DRIFT-CHECK: 365/365 OK, 0 missing, 0 unreadable
[2026-08-17 21:30:49 UTC] === inject ===
[2026-08-17 21:30:49 UTC] SKIP       docs/writing/task1/01-table-universities-ranked.html  (2 tag(s) present)
[2026-08-17 21:30:49 UTC] SKIP       docs/writing/task1/02-pie-meal-nutrients.html  (2 tag(s) present)
[2026-08-17 21:30:49 UTC] SKIP       docs/writing/task1/03-bar-electricity.html  (2 tag(s) present)
[2026-08-17 21:30:49 UTC] SKIP       docs/writing/task1/04-bar-physical-activity.html  (2 tag(s) present)
[2026-08-17 21:30:49 UTC] SKIP       docs/writing/task1/05-mixed-graph.html  (2 tag(s) present)
[2026-08-17 21:30:49 UTC] SKIP       docs/writing/task1/06-process-rain-shadow-desert.html  (2 tag(s) present)
[2026-08-17 21:30:49 UTC] SKIP       docs/writing/task1/07-process-plastic-recycling.html  (2 tag(s) present)
[2026-08-17 21:30:49 UTC] SKIP       docs/writing/task1/08-process-cement-making.html  (2 tag(s) present)
[2026-08-17 21:30:49 UTC] SKIP       docs/writing/task1/09-mixed-library-survey.html  (2 tag(s) present)
[2026-08-17 21:30:49 UTC] SKIP       docs/writing/task1/10-dynamic-caribbean-tourists.html  (2 tag(s) present)
[2026-08-17 21:30:49 UTC] SKIP       docs/writing/task1/11-dynamic-melbourne-activities.html  (2 tag(s) present)
[2026-08-17 21:30:49 UTC] SKIP       docs/writing/task1/12-dynamic-asian-cities.html  (2 tag(s) present)
[2026-08-17 21:30:49 UTC] SKIP       docs/writing/task1/13-static-uk-school-spending.html  (2 tag(s) present)
[2026-08-17 21:30:49 UTC] SKIP       docs/writing/task2/01-agree-disagree-history-vs-business.html  (2 tag(s) present)
[2026-08-17 21:30:49 UTC] SKIP       docs/writing/task2/02-discuss-both-views-employment-skills.html  (2 tag(s) present)
[2026-08-17 21:30:49 UTC] SKIP       docs/writing/task2/03-positive-negative-children-freedom.html  (2 tag(s) present)
[2026-08-17 21:30:49 UTC] SKIP       docs/writing/task2/04-opinion-teachers-morality.html  (2 tag(s) present)
[2026-08-17 21:30:49 UTC] SKIP       docs/writing/task2/043-1-1-agree-disagree.html  (2 tag(s) present)
[2026-08-17 21:30:49 UTC] SKIP       docs/writing/task2/044-1-1-discuss-both-views.html  (2 tag(s) present)
[2026-08-17 21:30:49 UTC] SKIP       docs/writing/task2/045-1-1-agree-disagree.html  (2 tag(s) present)
[2026-08-17 21:30:49 UTC] SKIP       docs/writing/task2/046-1-1-agree-disagree.html  (2 tag(s) present)
[2026-08-17 21:30:49 UTC] SKIP       docs/writing/task2/047-1-1-discuss-both-views.html  (2 tag(s) present)
[2026-08-17 21:30:49 UTC] SKIP       docs/writing/task2/048-1-1-discuss-both-views.html  (2 tag(s) present)
[2026-08-17 21:30:49 UTC] SKIP       docs/writing/task2/049-1-1-agree-disagree.html  (2 tag(s) present)
[2026-08-17 21:30:49 UTC] SKIP       docs/writing/task2/05-two-questions-environment.html  (2 tag(s) present)
[2026-08-17 21:30:49 UTC] SKIP       docs/writing/task2/050-1-2-positive-negative.html  (2 tag(s) present)
[2026-08-17 21:30:49 UTC] SKIP       docs/writing/task2/051-1-2-discuss-both-views.html  (2 tag(s) present)
[2026-08-17 21:30:49 UTC] SKIP       docs/writing/task2/052-1-2-agree-disagree.html  (2 tag(s) present)
[2026-08-17 21:30:49 UTC] SKIP       docs/writing/task2/053-1-2-discuss-both-views.html  (2 tag(s) present)
[2026-08-17 21:30:49 UTC] SKIP       docs/writing/task2/054-1-2-agree-disagree.html  (2 tag(s) present)
[2026-08-17 21:30:49 UTC] SKIP       docs/writing/task2/055-1-2-agree-disagree.html  (2 tag(s) present)
[2026-08-17 21:30:49 UTC] SKIP       docs/writing/task2/056-1-2-agree-disagree.html  (2 tag(s) present)
[2026-08-17 21:30:49 UTC] SKIP       docs/writing/task2/057-1-2-agree-disagree.html  (2 tag(s) present)
[2026-08-17 21:30:49 UTC] SKIP       docs/writing/task2/058-1-2-discuss-both-views.html  (2 tag(s) present)
[2026-08-17 21:30:49 UTC] SKIP       docs/writing/task2/059-1-2-discuss-both-views.html  (2 tag(s) present)
[2026-08-17 21:30:49 UTC] SKIP       docs/writing/task2/06-26-env-solutions.html  (2 tag(s) present)
[2026-08-17 21:30:49 UTC] SKIP       docs/writing/task2/060-1-3-agree-disagree.html  (2 tag(s) present)
[2026-08-17 21:30:49 UTC] SKIP       docs/writing/task2/061-1-4-discuss-both-views.html  (2 tag(s) present)
[2026-08-17 21:30:49 UTC] SKIP       docs/writing/task2/062-1-4-discuss-both-views.html  (2 tag(s) present)
[2026-08-17 21:30:49 UTC] SKIP       docs/writing/task2/063-1-4-discuss-both-views.html  (2 tag(s) present)
[2026-08-17 21:30:49 UTC] SKIP       docs/writing/task2/064-1-5-discuss-both-views.html  (2 tag(s) present)
[2026-08-17 21:30:49 UTC] SKIP       docs/writing/task2/065-1-5-discuss-both-views.html  (2 tag(s) present)
[2026-08-17 21:30:49 UTC] SKIP       docs/writing/task2/066-1-6-agree-disagree.html  (2 tag(s) present)
[2026-08-17 21:30:49 UTC] SKIP       docs/writing/task2/067-1-6-agree-disagree.html  (2 tag(s) present)
[2026-08-17 21:30:49 UTC] SKIP       docs/writing/task2/068-1-6-advantage-disadvantage.html  (2 tag(s) present)
[2026-08-17 21:30:49 UTC] SKIP       docs/writing/task2/069-1-6-agree-disagree.html  (2 tag(s) present)
[2026-08-17 21:30:49 UTC] SKIP       docs/writing/task2/07-01-lang-learning.html  (2 tag(s) present)
[2026-08-17 21:30:49 UTC] SKIP       docs/writing/task2/070-1-6-agree-disagree.html  (2 tag(s) present)
[2026-08-17 21:30:49 UTC] SKIP       docs/writing/task2/071-1-6-two-questions.html  (2 tag(s) present)
[2026-08-17 21:30:49 UTC] SKIP       docs/writing/task2/072-1-6-two-questions.html  (2 tag(s) present)
[2026-08-17 21:30:49 UTC] SKIP       docs/writing/task2/073-1-7-agree-disagree.html  (2 tag(s) present)
[2026-08-17 21:30:49 UTC] SKIP       docs/writing/task2/074-1-7-advantage-disadvantage.html  (2 tag(s) present)
[2026-08-17 21:30:49 UTC] SKIP       docs/writing/task2/075-1-7-agree-disagree.html  (2 tag(s) present)
[2026-08-17 21:30:49 UTC] SKIP       docs/writing/task2/076-1-8-problem-solution.html  (2 tag(s) present)
[2026-08-17 21:30:49 UTC] SKIP       docs/writing/task2/077-1-8-problem-solution.html  (2 tag(s) present)
[2026-08-17 21:30:49 UTC] SKIP       docs/writing/task2/078-1-8-two-questions.html  (2 tag(s) present)
[2026-08-17 21:30:49 UTC] SKIP       docs/writing/task2/079-2-1-single-question.html  (2 tag(s) present)
[2026-08-17 21:30:49 UTC] SKIP       docs/writing/task2/08-04-education-target.html  (2 tag(s) present)
[2026-08-17 21:30:49 UTC] SKIP       docs/writing/task2/080-2-1-advantage-disadvantage.html  (2 tag(s) present)
[2026-08-17 21:30:49 UTC] SKIP       docs/writing/task2/081-2-1-agree-disagree.html  (2 tag(s) present)
[2026-08-17 21:30:49 UTC] SKIP       docs/writing/task2/082-2-1-agree-disagree.html  (2 tag(s) present)
[2026-08-17 21:30:49 UTC] SKIP       docs/writing/task2/083-2-1-discuss-both-views.html  (2 tag(s) present)
[2026-08-17 21:30:49 UTC] SKIP       docs/writing/task2/084-2-1-agree-disagree.html  (2 tag(s) present)
[2026-08-17 21:30:49 UTC] SKIP       docs/writing/task2/085-2-2-agree-disagree.html  (2 tag(s) present)
[2026-08-17 21:30:49 UTC] SKIP       docs/writing/task2/086-2-2-agree-disagree.html  (2 tag(s) present)
[2026-08-17 21:30:49 UTC] SKIP       docs/writing/task2/087-2-2-agree-disagree.html  (2 tag(s) present)
[2026-08-17 21:30:49 UTC] SKIP       docs/writing/task2/088-2-2-positive-negative.html  (2 tag(s) present)
[2026-08-17 21:30:49 UTC] SKIP       docs/writing/task2/089-2-2-agree-disagree.html  (2 tag(s) present)
[2026-08-17 21:30:49 UTC] SKIP       docs/writing/task2/09-05-education-phenomenon.html  (2 tag(s) present)
[2026-08-17 21:30:49 UTC] SKIP       docs/writing/task2/090-2-3-agree-disagree.html  (2 tag(s) present)
[2026-08-17 21:30:49 UTC] SKIP       docs/writing/task2/091-2-3-agree-disagree.html  (2 tag(s) present)
[2026-08-17 21:30:49 UTC] SKIP       docs/writing/task2/092-2-3-agree-disagree.html  (2 tag(s) present)
[2026-08-17 21:30:49 UTC] SKIP       docs/writing/task2/093-2-3-agree-disagree.html  (2 tag(s) present)
[2026-08-17 21:30:49 UTC] SKIP       docs/writing/task2/094-2-4-agree-disagree.html  (2 tag(s) present)
[2026-08-17 21:30:49 UTC] SKIP       docs/writing/task2/095-2-5-problem-solution.html  (2 tag(s) present)
[2026-08-17 21:30:49 UTC] SKIP       docs/writing/task2/096-3-1-discuss-both-views.html  (2 tag(s) present)
[2026-08-17 21:30:49 UTC] SKIP       docs/writing/task2/097-3-1-agree-disagree.html  (2 tag(s) present)
[2026-08-17 21:30:49 UTC] SKIP       docs/writing/task2/098-3-1-agree-disagree.html  (2 tag(s) present)
[2026-08-17 21:30:49 UTC] SKIP       docs/writing/task2/099-3-1-positive-negative.html  (2 tag(s) present)
[2026-08-17 21:30:49 UTC] SKIP       docs/writing/task2/10-06-job-choice.html  (2 tag(s) present)
[2026-08-17 21:30:49 UTC] SKIP       docs/writing/task2/100-3-1-advantage-disadvantage.html  (2 tag(s) present)
[2026-08-17 21:30:49 UTC] SKIP       docs/writing/task2/101-3-1-advantage-disadvantage.html  (2 tag(s) present)
[2026-08-17 21:30:49 UTC] SKIP       docs/writing/task2/102-3-1-advantage-disadvantage.html  (2 tag(s) present)
[2026-08-17 21:30:49 UTC] SKIP       docs/writing/task2/103-3-1-advantage-disadvantage.html  (2 tag(s) present)
[2026-08-17 21:30:49 UTC] SKIP       docs/writing/task2/104-3-2-agree-disagree.html  (2 tag(s) present)
[2026-08-17 21:30:49 UTC] SKIP       docs/writing/task2/105-3-2-problem-solution.html  (2 tag(s) present)
[2026-08-17 21:30:49 UTC] SKIP       docs/writing/task2/106-3-2-agree-disagree.html  (2 tag(s) present)
[2026-08-17 21:30:49 UTC] SKIP       docs/writing/task2/107-3-2-discuss-both-views.html  (2 tag(s) present)
[2026-08-17 21:30:49 UTC] SKIP       docs/writing/task2/108-3-2-agree-disagree.html  (2 tag(s) present)
[2026-08-17 21:30:49 UTC] SKIP       docs/writing/task2/109-3-2-agree-disagree.html  (2 tag(s) present)
[2026-08-17 21:30:49 UTC] SKIP       docs/writing/task2/11-07-personal-skill.html  (2 tag(s) present)
[2026-08-17 21:30:49 UTC] SKIP       docs/writing/task2/110-3-2-discuss-both-views.html  (2 tag(s) present)
[2026-08-17 21:30:49 UTC] SKIP       docs/writing/task2/111-3-2-agree-disagree.html  (2 tag(s) present)
[2026-08-17 21:30:49 UTC] SKIP       docs/writing/task2/112-3-2-agree-disagree.html  (2 tag(s) present)
[2026-08-17 21:30:49 UTC] SKIP       docs/writing/task2/113-3-2-advantage-disadvantage.html  (2 tag(s) present)
[2026-08-17 21:30:49 UTC] SKIP       docs/writing/task2/114-3-2-discuss-both-views.html  (2 tag(s) present)
[2026-08-17 21:30:49 UTC] SKIP       docs/writing/task2/115-3-2-problem-solution.html  (2 tag(s) present)
[2026-08-17 21:30:49 UTC] SKIP       docs/writing/task2/116-3-2-agree-disagree.html  (2 tag(s) present)
[2026-08-17 21:30:49 UTC] SKIP       docs/writing/task2/117-3-2-discuss-both-views.html  (2 tag(s) present)
[2026-08-17 21:30:49 UTC] SKIP       docs/writing/task2/118-3-2-discuss-both-views.html  (2 tag(s) present)
[2026-08-17 21:30:49 UTC] SKIP       docs/writing/task2/119-3-2-agree-disagree.html  (2 tag(s) present)
[2026-08-17 21:30:49 UTC] SKIP       docs/writing/task2/12-08-work-env.html  (2 tag(s) present)
[2026-08-17 21:30:49 UTC] SKIP       docs/writing/task2/120-3-4-agree-disagree.html  (2 tag(s) present)
[2026-08-17 21:30:49 UTC] SKIP       docs/writing/task2/121-3-4-agree-disagree.html  (2 tag(s) present)
[2026-08-17 21:30:49 UTC] SKIP       docs/writing/task2/122-3-3-two-questions.html  (2 tag(s) present)
[2026-08-17 21:30:49 UTC] SKIP       docs/writing/task2/123-3-3-positive-negative.html  (2 tag(s) present)
[2026-08-17 21:30:49 UTC] SKIP       docs/writing/task2/124-3-3-problem-solution.html  (2 tag(s) present)
[2026-08-17 21:30:49 UTC] SKIP       docs/writing/task2/125-3-3-problem-solution.html  (2 tag(s) present)
[2026-08-17 21:30:49 UTC] SKIP       docs/writing/task2/126-3-3-two-questions.html  (2 tag(s) present)
[2026-08-17 21:30:49 UTC] SKIP       docs/writing/task2/127-3-3-advantage-disadvantage.html  (2 tag(s) present)
[2026-08-17 21:30:49 UTC] SKIP       docs/writing/task2/128-3-4-agree-disagree.html  (2 tag(s) present)
[2026-08-17 21:30:49 UTC] SKIP       docs/writing/task2/129-3-4-problem-solution.html  (2 tag(s) present)
[2026-08-17 21:30:49 UTC] SKIP       docs/writing/task2/13-09-job-types.html  (2 tag(s) present)
[2026-08-17 21:30:49 UTC] SKIP       docs/writing/task2/130-3-4-agree-disagree.html  (2 tag(s) present)
[2026-08-17 21:30:49 UTC] SKIP       docs/writing/task2/131-3-4-agree-disagree.html  (2 tag(s) present)
[2026-08-17 21:30:49 UTC] SKIP       docs/writing/task2/132-3-4-advantage-disadvantage.html  (2 tag(s) present)
[2026-08-17 21:30:49 UTC] SKIP       docs/writing/task2/133-3-4-advantage-disadvantage.html  (2 tag(s) present)
[2026-08-17 21:30:49 UTC] SKIP       docs/writing/task2/134-3-4-two-questions.html  (2 tag(s) present)
[2026-08-17 21:30:49 UTC] SKIP       docs/writing/task2/135-3-4-two-questions.html  (2 tag(s) present)
[2026-08-17 21:30:49 UTC] SKIP       docs/writing/task2/136-3-4-agree-disagree.html  (2 tag(s) present)
[2026-08-17 21:30:49 UTC] SKIP       docs/writing/task2/137-3-4-two-questions.html  (2 tag(s) present)
[2026-08-17 21:30:49 UTC] SKIP       docs/writing/task2/138-3-5-agree-disagree.html  (2 tag(s) present)
[2026-08-17 21:30:49 UTC] SKIP       docs/writing/task2/139-3-5-discuss-both-views.html  (2 tag(s) present)
[2026-08-17 21:30:49 UTC] SKIP       docs/writing/task2/14-10-work-life-balance.html  (2 tag(s) present)
[2026-08-17 21:30:49 UTC] SKIP       docs/writing/task2/140-3-5-discuss-both-views.html  (2 tag(s) present)
[2026-08-17 21:30:49 UTC] SKIP       docs/writing/task2/141-3-5-agree-disagree.html  (2 tag(s) present)
[2026-08-17 21:30:49 UTC] SKIP       docs/writing/task2/142-3-5-problem-solution.html  (2 tag(s) present)
[2026-08-17 21:30:49 UTC] SKIP       docs/writing/task2/143-3-5-discuss-both-views.html  (2 tag(s) present)
[2026-08-17 21:30:49 UTC] SKIP       docs/writing/task2/144-3-5-agree-disagree.html  (2 tag(s) present)
[2026-08-17 21:30:49 UTC] SKIP       docs/writing/task2/145-3-5-discuss-both-views.html  (2 tag(s) present)
[2026-08-17 21:30:49 UTC] SKIP       docs/writing/task2/146-3-5-discuss-both-views.html  (2 tag(s) present)
[2026-08-17 21:30:49 UTC] SKIP       docs/writing/task2/147-3-5-problem-solution.html  (2 tag(s) present)
[2026-08-17 21:30:49 UTC] SKIP       docs/writing/task2/148-3-5-discuss-both-views.html  (2 tag(s) present)
[2026-08-17 21:30:49 UTC] SKIP       docs/writing/task2/149-3-5-discuss-both-views.html  (2 tag(s) present)
[2026-08-17 21:30:49 UTC] SKIP       docs/writing/task2/15-11-urbanisation.html  (2 tag(s) present)
[2026-08-17 21:30:49 UTC] SKIP       docs/writing/task2/150-3-5-agree-disagree.html  (2 tag(s) present)
[2026-08-17 21:30:49 UTC] SKIP       docs/writing/task2/151-3-5-discuss-both-views.html  (2 tag(s) present)
[2026-08-17 21:30:49 UTC] SKIP       docs/writing/task2/152-3-5-advantage-disadvantage.html  (2 tag(s) present)
[2026-08-17 21:30:49 UTC] SKIP       docs/writing/task2/153-3-5-opinion.html  (2 tag(s) present)
[2026-08-17 21:30:49 UTC] SKIP       docs/writing/task2/154-3-5-agree-disagree.html  (2 tag(s) present)
[2026-08-17 21:30:49 UTC] SKIP       docs/writing/task2/155-3-6-problem-solution.html  (2 tag(s) present)
[2026-08-17 21:30:49 UTC] SKIP       docs/writing/task2/156-3-6-problem-solution.html  (2 tag(s) present)
[2026-08-17 21:30:49 UTC] SKIP       docs/writing/task2/157-3-6-problem-solution.html  (2 tag(s) present)
[2026-08-17 21:30:49 UTC] SKIP       docs/writing/task2/158-3-6-problem-solution.html  (2 tag(s) present)
[2026-08-17 21:30:49 UTC] SKIP       docs/writing/task2/159-3-6-problem-solution.html  (2 tag(s) present)
[2026-08-17 21:30:49 UTC] SKIP       docs/writing/task2/16-12-culture.html  (2 tag(s) present)
[2026-08-17 21:30:49 UTC] SKIP       docs/writing/task2/160-3-6-problem-solution.html  (2 tag(s) present)
[2026-08-17 21:30:49 UTC] SKIP       docs/writing/task2/161-3-6-problem-solution.html  (2 tag(s) present)
[2026-08-17 21:30:49 UTC] SKIP       docs/writing/task2/162-3-6-problem-solution.html  (2 tag(s) present)
[2026-08-17 21:30:49 UTC] SKIP       docs/writing/task2/163-3-6-two-questions.html  (2 tag(s) present)
[2026-08-17 21:30:49 UTC] SKIP       docs/writing/task2/164-3-6-problem-solution.html  (2 tag(s) present)
[2026-08-17 21:30:49 UTC] SKIP       docs/writing/task2/165-3-6-problem-solution.html  (2 tag(s) present)
[2026-08-17 21:30:49 UTC] SKIP       docs/writing/task2/166-3-6-two-questions.html  (2 tag(s) present)
[2026-08-17 21:30:49 UTC] SKIP       docs/writing/task2/167-3-6-two-questions.html  (2 tag(s) present)
[2026-08-17 21:30:49 UTC] SKIP       docs/writing/task2/168-3-6-problem-solution.html  (2 tag(s) present)
[2026-08-17 21:30:49 UTC] SKIP       docs/writing/task2/169-3-6-problem-solution.html  (2 tag(s) present)
[2026-08-17 21:30:49 UTC] SKIP       docs/writing/task2/17-13-ageing.html  (2 tag(s) present)
[2026-08-17 21:30:49 UTC] SKIP       docs/writing/task2/170-3-7-positive-negative.html  (2 tag(s) present)
[2026-08-17 21:30:49 UTC] SKIP       docs/writing/task2/171-3-8-agree-disagree.html  (2 tag(s) present)
[2026-08-17 21:30:49 UTC] SKIP       docs/writing/task2/172-3-8-advantage-disadvantage.html  (2 tag(s) present)
[2026-08-17 21:30:49 UTC] SKIP       docs/writing/task2/173-3-8-advantage-disadvantage.html  (2 tag(s) present)
[2026-08-17 21:30:49 UTC] SKIP       docs/writing/task2/174-3-8-agree-disagree.html  (2 tag(s) present)
[2026-08-17 21:30:49 UTC] SKIP       docs/writing/task2/175-3-9-agree-disagree.html  (2 tag(s) present)
[2026-08-17 21:30:49 UTC] SKIP       docs/writing/task2/176-3-10-agree-disagree.html  (2 tag(s) present)
[2026-08-17 21:30:49 UTC] SKIP       docs/writing/task2/177-4-1-agree-disagree.html  (2 tag(s) present)
[2026-08-17 21:30:49 UTC] SKIP       docs/writing/task2/178-4-1-agree-disagree.html  (2 tag(s) present)
[2026-08-17 21:30:49 UTC] SKIP       docs/writing/task2/179-4-1-discuss-both-views.html  (2 tag(s) present)
[2026-08-17 21:30:49 UTC] SKIP       docs/writing/task2/18-14-transport.html  (2 tag(s) present)
[2026-08-17 21:30:49 UTC] SKIP       docs/writing/task2/180-4-1-agree-disagree.html  (2 tag(s) present)
[2026-08-17 21:30:49 UTC] SKIP       docs/writing/task2/181-4-2-problem-solution.html  (2 tag(s) present)
[2026-08-17 21:30:49 UTC] SKIP       docs/writing/task2/182-4-3-problem-solution.html  (2 tag(s) present)
[2026-08-17 21:30:49 UTC] SKIP       docs/writing/task2/183-4-3-agree-disagree.html  (2 tag(s) present)
[2026-08-17 21:30:49 UTC] SKIP       docs/writing/task2/184-4-4-problem-solution.html  (2 tag(s) present)
[2026-08-17 21:30:49 UTC] SKIP       docs/writing/task2/185-4-4-problem-solution.html  (2 tag(s) present)
[2026-08-17 21:30:49 UTC] SKIP       docs/writing/task2/186-4-4-advantage-disadvantage.html  (2 tag(s) present)
[2026-08-17 21:30:49 UTC] SKIP       docs/writing/task2/187-4-4-discuss-both-views.html  (2 tag(s) present)
[2026-08-17 21:30:49 UTC] SKIP       docs/writing/task2/188-4-4-agree-disagree.html  (2 tag(s) present)
[2026-08-17 21:30:49 UTC] SKIP       docs/writing/task2/189-4-4-advantage-disadvantage.html  (2 tag(s) present)
[2026-08-17 21:30:49 UTC] SKIP       docs/writing/task2/19-15-values-compare.html  (2 tag(s) present)
[2026-08-17 21:30:49 UTC] SKIP       docs/writing/task2/190-4-5-problem-solution.html  (2 tag(s) present)
[2026-08-17 21:30:49 UTC] SKIP       docs/writing/task2/191-4-6-problem-solution.html  (2 tag(s) present)
[2026-08-17 21:30:49 UTC] SKIP       docs/writing/task2/192-4-6-two-questions.html  (2 tag(s) present)
[2026-08-17 21:30:49 UTC] SKIP       docs/writing/task2/193-4-7-agree-disagree.html  (2 tag(s) present)
[2026-08-17 21:30:49 UTC] SKIP       docs/writing/task2/194-4-7-discuss-both-views.html  (2 tag(s) present)
[2026-08-17 21:30:49 UTC] SKIP       docs/writing/task2/195-4-7-agree-disagree.html  (2 tag(s) present)
[2026-08-17 21:30:49 UTC] SKIP       docs/writing/task2/196-5-1-agree-disagree.html  (2 tag(s) present)
[2026-08-17 21:30:49 UTC] SKIP       docs/writing/task2/197-5-1-agree-disagree.html  (2 tag(s) present)
[2026-08-17 21:30:49 UTC] SKIP       docs/writing/task2/198-5-1-agree-disagree.html  (2 tag(s) present)
[2026-08-17 21:30:49 UTC] SKIP       docs/writing/task2/199-5-1-agree-disagree.html  (2 tag(s) present)
[2026-08-17 21:30:49 UTC] SKIP       docs/writing/task2/20-16-social-phenomenon.html  (2 tag(s) present)
[2026-08-17 21:30:49 UTC] SKIP       docs/writing/task2/200-5-1-discuss-both-views.html  (2 tag(s) present)
[2026-08-17 21:30:49 UTC] SKIP       docs/writing/task2/201-5-1-discuss-both-views.html  (2 tag(s) present)
[2026-08-17 21:30:49 UTC] SKIP       docs/writing/task2/202-5-1-opinion.html  (2 tag(s) present)
[2026-08-17 21:30:49 UTC] SKIP       docs/writing/task2/203-5-1-agree-disagree.html  (2 tag(s) present)
[2026-08-17 21:30:49 UTC] SKIP       docs/writing/task2/204-5-1-agree-disagree.html  (2 tag(s) present)
[2026-08-17 21:30:49 UTC] SKIP       docs/writing/task2/205-5-1-agree-disagree.html  (2 tag(s) present)
[2026-08-17 21:30:49 UTC] SKIP       docs/writing/task2/206-5-1-positive-negative.html  (2 tag(s) present)
[2026-08-17 21:30:49 UTC] SKIP       docs/writing/task2/207-5-1-discuss-both-views.html  (2 tag(s) present)
[2026-08-17 21:30:49 UTC] SKIP       docs/writing/task2/208-5-1-advantage-disadvantage.html  (2 tag(s) present)
[2026-08-17 21:30:49 UTC] SKIP       docs/writing/task2/209-5-1-discuss-both-views.html  (2 tag(s) present)
[2026-08-17 21:30:49 UTC] SKIP       docs/writing/task2/21-17-privacy.html  (2 tag(s) present)
[2026-08-17 21:30:49 UTC] SKIP       docs/writing/task2/210-5-2-agree-disagree.html  (2 tag(s) present)
[2026-08-17 21:30:49 UTC] SKIP       docs/writing/task2/211-5-2-problem-solution.html  (2 tag(s) present)
[2026-08-17 21:30:49 UTC] SKIP       docs/writing/task2/212-5-2-agree-disagree.html  (2 tag(s) present)
[2026-08-17 21:30:49 UTC] SKIP       docs/writing/task2/213-5-2-problem-solution.html  (2 tag(s) present)
[2026-08-17 21:30:49 UTC] SKIP       docs/writing/task2/214-5-2-advantage-disadvantage.html  (2 tag(s) present)
[2026-08-17 21:30:49 UTC] SKIP       docs/writing/task2/215-5-2-agree-disagree.html  (2 tag(s) present)
[2026-08-17 21:30:49 UTC] SKIP       docs/writing/task2/216-6-1-agree-disagree.html  (2 tag(s) present)
[2026-08-17 21:30:49 UTC] SKIP       docs/writing/task2/217-6-1-discuss-both-views.html  (2 tag(s) present)
[2026-08-17 21:30:49 UTC] SKIP       docs/writing/task2/218-6-1-positive-negative.html  (2 tag(s) present)
[2026-08-17 21:30:49 UTC] SKIP       docs/writing/task2/219-6-1-advantage-disadvantage.html  (2 tag(s) present)
[2026-08-17 21:30:49 UTC] SKIP       docs/writing/task2/22-18-life-change.html  (2 tag(s) present)
[2026-08-17 21:30:49 UTC] SKIP       docs/writing/task2/220-6-1-advantage-disadvantage.html  (2 tag(s) present)
[2026-08-17 21:30:49 UTC] SKIP       docs/writing/task2/221-6-1-positive-negative.html  (2 tag(s) present)
[2026-08-17 21:30:49 UTC] SKIP       docs/writing/task2/222-6-1-agree-disagree.html  (2 tag(s) present)
[2026-08-17 21:30:49 UTC] SKIP       docs/writing/task2/223-6-1-agree-disagree.html  (2 tag(s) present)
[2026-08-17 21:30:49 UTC] SKIP       docs/writing/task2/224-6-1-discuss-both-views.html  (2 tag(s) present)
[2026-08-17 21:30:49 UTC] SKIP       docs/writing/task2/225-6-1-discuss-both-views.html  (2 tag(s) present)
[2026-08-17 21:30:49 UTC] SKIP       docs/writing/task2/226-6-1-agree-disagree.html  (2 tag(s) present)
[2026-08-17 21:30:49 UTC] SKIP       docs/writing/task2/227-6-1-discuss-both-views.html  (2 tag(s) present)
[2026-08-17 21:30:49 UTC] SKIP       docs/writing/task2/228-6-1-discuss-both-views.html  (2 tag(s) present)
[2026-08-17 21:30:49 UTC] SKIP       docs/writing/task2/229-6-1-agree-disagree.html  (2 tag(s) present)
[2026-08-17 21:30:49 UTC] SKIP       docs/writing/task2/23-19-gender.html  (2 tag(s) present)
[2026-08-17 21:30:49 UTC] SKIP       docs/writing/task2/230-6-1-discuss-both-views.html  (2 tag(s) present)
[2026-08-17 21:30:49 UTC] SKIP       docs/writing/task2/231-6-1-discuss-both-views.html  (2 tag(s) present)
[2026-08-17 21:30:49 UTC] SKIP       docs/writing/task2/232-6-1-agree-disagree.html  (2 tag(s) present)
[2026-08-17 21:30:49 UTC] SKIP       docs/writing/task2/233-6-1-two-questions.html  (2 tag(s) present)
[2026-08-17 21:30:49 UTC] SKIP       docs/writing/task2/234-6-2-discuss-both-views.html  (2 tag(s) present)
[2026-08-17 21:30:49 UTC] SKIP       docs/writing/task2/235-6-2-agree-disagree.html  (2 tag(s) present)
[2026-08-17 21:30:49 UTC] SKIP       docs/writing/task2/236-6-2-problem-solution.html  (2 tag(s) present)
[2026-08-17 21:30:49 UTC] SKIP       docs/writing/task2/237-6-2-discuss-both-views.html  (2 tag(s) present)
[2026-08-17 21:30:49 UTC] SKIP       docs/writing/task2/238-6-2-problem-solution.html  (2 tag(s) present)
[2026-08-17 21:30:49 UTC] SKIP       docs/writing/task2/239-7-1-problem-solution.html  (2 tag(s) present)
[2026-08-17 21:30:49 UTC] SKIP       docs/writing/task2/24-20-civility.html  (2 tag(s) present)
[2026-08-17 21:30:49 UTC] SKIP       docs/writing/task2/240-7-1-agree-disagree.html  (2 tag(s) present)
[2026-08-17 21:30:49 UTC] SKIP       docs/writing/task2/241-7-1-discuss-both-views.html  (2 tag(s) present)
[2026-08-17 21:30:49 UTC] SKIP       docs/writing/task2/242-7-1-agree-disagree.html  (2 tag(s) present)
[2026-08-17 21:30:49 UTC] SKIP       docs/writing/task2/243-7-1-agree-disagree.html  (2 tag(s) present)
[2026-08-17 21:30:49 UTC] SKIP       docs/writing/task2/244-8-1-agree-disagree.html  (2 tag(s) present)
[2026-08-17 21:30:49 UTC] SKIP       docs/writing/task2/245-8-1-positive-negative.html  (2 tag(s) present)
[2026-08-17 21:30:49 UTC] SKIP       docs/writing/task2/246-8-1-agree-disagree.html  (2 tag(s) present)
[2026-08-17 21:30:49 UTC] SKIP       docs/writing/task2/247-8-1-problem-solution.html  (2 tag(s) present)
[2026-08-17 21:30:49 UTC] SKIP       docs/writing/task2/248-8-1-discuss-both-views.html  (2 tag(s) present)
[2026-08-17 21:30:49 UTC] SKIP       docs/writing/task2/249-8-1-discuss-both-views.html  (2 tag(s) present)
[2026-08-17 21:30:49 UTC] SKIP       docs/writing/task2/25-21-animal-protection.html  (2 tag(s) present)
[2026-08-17 21:30:49 UTC] SKIP       docs/writing/task2/250-8-1-agree-disagree.html  (2 tag(s) present)
[2026-08-17 21:30:49 UTC] SKIP       docs/writing/task2/251-8-1-discuss-both-views.html  (2 tag(s) present)
[2026-08-17 21:30:49 UTC] SKIP       docs/writing/task2/252-8-1-two-questions.html  (2 tag(s) present)
[2026-08-17 21:30:49 UTC] SKIP       docs/writing/task2/253-8-1-agree-disagree.html  (2 tag(s) present)
[2026-08-17 21:30:49 UTC] SKIP       docs/writing/task2/254-8-1-agree-disagree.html  (2 tag(s) present)
[2026-08-17 21:30:49 UTC] SKIP       docs/writing/task2/255-8-1-discuss-both-views.html  (2 tag(s) present)
[2026-08-17 21:30:49 UTC] SKIP       docs/writing/task2/256-8-1-positive-negative.html  (2 tag(s) present)
[2026-08-17 21:30:49 UTC] SKIP       docs/writing/task2/257-8-2-two-questions.html  (2 tag(s) present)
[2026-08-17 21:30:49 UTC] SKIP       docs/writing/task2/258-8-2-discuss-both-views.html  (2 tag(s) present)
[2026-08-17 21:30:49 UTC] SKIP       docs/writing/task2/259-8-2-two-questions.html  (2 tag(s) present)
[2026-08-17 21:30:49 UTC] SKIP       docs/writing/task2/26-22-plastic.html  (2 tag(s) present)
[2026-08-17 21:30:49 UTC] SKIP       docs/writing/task2/260-8-2-positive-negative.html  (2 tag(s) present)
[2026-08-17 21:30:49 UTC] SKIP       docs/writing/task2/261-9-1-discuss-both-views.html  (2 tag(s) present)
[2026-08-17 21:30:49 UTC] SKIP       docs/writing/task2/262-9-1-agree-disagree.html  (2 tag(s) present)
[2026-08-17 21:30:49 UTC] SKIP       docs/writing/task2/263-9-1-agree-disagree.html  (2 tag(s) present)
[2026-08-17 21:30:49 UTC] SKIP       docs/writing/task2/264-9-1-discuss-both-views.html  (2 tag(s) present)
[2026-08-17 21:30:49 UTC] SKIP       docs/writing/task2/265-9-1-discuss-both-views.html  (2 tag(s) present)
[2026-08-17 21:30:49 UTC] SKIP       docs/writing/task2/266-9-1-discuss-both-views.html  (2 tag(s) present)
[2026-08-17 21:30:49 UTC] SKIP       docs/writing/task2/267-9-1-agree-disagree.html  (2 tag(s) present)
[2026-08-17 21:30:49 UTC] SKIP       docs/writing/task2/268-9-1-discuss-both-views.html  (2 tag(s) present)
[2026-08-17 21:30:49 UTC] SKIP       docs/writing/task2/269-9-1-agree-disagree.html  (2 tag(s) present)
[2026-08-17 21:30:49 UTC] SKIP       docs/writing/task2/27-23-water.html  (2 tag(s) present)
[2026-08-17 21:30:49 UTC] SKIP       docs/writing/task2/270-9-1-discuss-both-views.html  (2 tag(s) present)
[2026-08-17 21:30:49 UTC] SKIP       docs/writing/task2/271-9-1-discuss-both-views.html  (2 tag(s) present)
[2026-08-17 21:30:49 UTC] SKIP       docs/writing/task2/272-10-1-agree-disagree.html  (2 tag(s) present)
[2026-08-17 21:30:49 UTC] SKIP       docs/writing/task2/273-10-1-problem-solution.html  (2 tag(s) present)
[2026-08-17 21:30:49 UTC] SKIP       docs/writing/task2/274-10-1-problem-solution.html  (2 tag(s) present)
[2026-08-17 21:30:49 UTC] SKIP       docs/writing/task2/275-10-1-agree-disagree.html  (2 tag(s) present)
[2026-08-17 21:30:49 UTC] SKIP       docs/writing/task2/276-10-1-discuss-both-views.html  (2 tag(s) present)
[2026-08-17 21:30:49 UTC] SKIP       docs/writing/task2/277-10-1-discuss-both-views.html  (2 tag(s) present)
[2026-08-17 21:30:49 UTC] SKIP       docs/writing/task2/278-10-1-discuss-both-views.html  (2 tag(s) present)
[2026-08-17 21:30:49 UTC] SKIP       docs/writing/task2/279-10-1-agree-disagree.html  (2 tag(s) present)
[2026-08-17 21:30:49 UTC] SKIP       docs/writing/task2/28-24-noise-pollution.html  (2 tag(s) present)
[2026-08-17 21:30:49 UTC] SKIP       docs/writing/task2/29-25-consumption-env.html  (2 tag(s) present)
[2026-08-17 21:30:49 UTC] SKIP       docs/writing/task2/30-02-qual-meaning.html  (2 tag(s) present)
[2026-08-17 21:30:49 UTC] SKIP       docs/writing/task2/31-03-education-method.html  (2 tag(s) present)
[2026-08-17 21:30:49 UTC] SKIP       docs/writing/task2/32-27-technology.html  (2 tag(s) present)
[2026-08-17 21:30:49 UTC] SKIP       docs/writing/task2/33-28-health.html  (2 tag(s) present)
[2026-08-17 21:30:49 UTC] SKIP       docs/writing/task2/34-29-media.html  (2 tag(s) present)
[2026-08-17 21:30:49 UTC] SKIP       docs/writing/task2/35-30-advertising.html  (2 tag(s) present)
[2026-08-17 21:30:49 UTC] SKIP       docs/writing/task2/36-31-globalisation.html  (2 tag(s) present)
[2026-08-17 21:30:49 UTC] SKIP       docs/writing/task2/37-32-travel.html  (2 tag(s) present)
[2026-08-17 21:30:49 UTC] SKIP       docs/writing/task2/38-1-1-single-question.html  (2 tag(s) present)
[2026-08-17 21:30:49 UTC] SKIP       docs/writing/task2/39-1-1-problem-solution.html  (2 tag(s) present)
[2026-08-17 21:30:49 UTC] SKIP       docs/writing/task2/40-1-2-advantage-disadvantage.html  (2 tag(s) present)
[2026-08-17 21:30:49 UTC] SKIP       docs/writing/task2/41-1-5-single-question.html  (2 tag(s) present)
[2026-08-17 21:30:49 UTC] SKIP       docs/writing/task2/42-4-4-problem-solution.html  (2 tag(s) present)
[2026-08-17 21:30:49 UTC] SKIP       docs/speaking/topics/p1-area.html  (1 tag(s) present)
[2026-08-17 21:30:49 UTC] SKIP       docs/speaking/topics/p1-city.html  (1 tag(s) present)
[2026-08-17 21:30:49 UTC] SKIP       docs/speaking/topics/p1-home.html  (1 tag(s) present)
[2026-08-17 21:30:49 UTC] SKIP       docs/speaking/topics/p1-hometown.html  (1 tag(s) present)
[2026-08-17 21:30:49 UTC] SKIP       docs/speaking/topics/p1-work.html  (1 tag(s) present)
[2026-08-17 21:30:49 UTC] SKIP       docs/speaking/topics/p1f-building.html  (1 tag(s) present)
[2026-08-17 21:30:49 UTC] SKIP       docs/speaking/topics/p1f-cars.html  (1 tag(s) present)
[2026-08-17 21:30:49 UTC] SKIP       docs/speaking/topics/p1f-childhood.html  (1 tag(s) present)
[2026-08-17 21:30:49 UTC] SKIP       docs/speaking/topics/p1f-food.html  (1 tag(s) present)
[2026-08-17 21:30:49 UTC] SKIP       docs/speaking/topics/p1f-gifts.html  (1 tag(s) present)
[2026-08-17 21:30:49 UTC] SKIP       docs/speaking/topics/p1f-hobby.html  (1 tag(s) present)
[2026-08-17 21:30:49 UTC] SKIP       docs/speaking/topics/p1f-life-stages.html  (1 tag(s) present)
[2026-08-17 21:30:49 UTC] SKIP       docs/speaking/topics/p1f-mirrors.html  (1 tag(s) present)
[2026-08-17 21:30:49 UTC] SKIP       docs/speaking/topics/p1f-morning.html  (1 tag(s) present)
[2026-08-17 21:30:49 UTC] SKIP       docs/speaking/topics/p1f-music.html  (1 tag(s) present)
[2026-08-17 21:30:49 UTC] SKIP       docs/speaking/topics/p1f-outer-space.html  (1 tag(s) present)
[2026-08-17 21:30:49 UTC] SKIP       docs/speaking/topics/p1f-parks.html  (1 tag(s) present)
[2026-08-17 21:30:49 UTC] SKIP       docs/speaking/topics/p1f-pets.html  (1 tag(s) present)
[2026-08-17 21:30:49 UTC] SKIP       docs/speaking/topics/p1f-reading.html  (1 tag(s) present)
[2026-08-17 21:30:49 UTC] SKIP       docs/speaking/topics/p1f-scenery.html  (1 tag(s) present)
[2026-08-17 21:30:49 UTC] SKIP       docs/speaking/topics/p1f-science.html  (1 tag(s) present)
[2026-08-17 21:30:49 UTC] SKIP       docs/speaking/topics/p1f-shopping.html  (1 tag(s) present)
[2026-08-17 21:30:49 UTC] SKIP       docs/speaking/topics/p1f-singing.html  (1 tag(s) present)
[2026-08-17 21:30:49 UTC] SKIP       docs/speaking/topics/p1f-social-media.html  (1 tag(s) present)
[2026-08-17 21:30:49 UTC] SKIP       docs/speaking/topics/p1f-sports-team.html  (1 tag(s) present)
[2026-08-17 21:30:49 UTC] SKIP       docs/speaking/topics/p1f-teachers.html  (1 tag(s) present)
[2026-08-17 21:30:49 UTC] SKIP       docs/speaking/topics/p1f-tidiness.html  (1 tag(s) present)
[2026-08-17 21:30:49 UTC] SKIP       docs/speaking/topics/p1f-typing.html  (1 tag(s) present)
[2026-08-17 21:30:49 UTC] SKIP       docs/speaking/topics/p1f-views.html  (1 tag(s) present)
[2026-08-17 21:30:49 UTC] SKIP       docs/speaking/topics/p1f-walking.html  (1 tag(s) present)
[2026-08-17 21:30:49 UTC] SKIP       docs/speaking/topics/p1f-watch.html  (1 tag(s) present)
[2026-08-17 21:30:49 UTC] SKIP       docs/speaking/topics/p1f-websites.html  (1 tag(s) present)
[2026-08-17 21:30:49 UTC] SKIP       docs/speaking/topics/p23-advice.html  (1 tag(s) present)
[2026-08-17 21:30:49 UTC] SKIP       docs/speaking/topics/p23-app.html  (1 tag(s) present)
[2026-08-17 21:30:49 UTC] SKIP       docs/speaking/topics/p23-bad-music.html  (1 tag(s) present)
[2026-08-17 21:30:49 UTC] SKIP       docs/speaking/topics/p23-boring.html  (1 tag(s) present)
[2026-08-17 21:30:49 UTC] SKIP       docs/speaking/topics/p23-business.html  (1 tag(s) present)
[2026-08-17 21:30:49 UTC] SKIP       docs/speaking/topics/p23-changed-plan.html  (1 tag(s) present)
[2026-08-17 21:30:49 UTC] SKIP       docs/speaking/topics/p23-child-art.html  (1 tag(s) present)
[2026-08-17 21:30:49 UTC] SKIP       docs/speaking/topics/p23-child-friend.html  (1 tag(s) present)
[2026-08-17 21:30:49 UTC] SKIP       docs/speaking/topics/p23-decision.html  (1 tag(s) present)
[2026-08-17 21:30:49 UTC] SKIP       docs/speaking/topics/p23-early.html  (1 tag(s) present)
[2026-08-17 21:30:49 UTC] SKIP       docs/speaking/topics/p23-encourage.html  (1 tag(s) present)
[2026-08-17 21:30:49 UTC] SKIP       docs/speaking/topics/p23-famous-city.html  (1 tag(s) present)
[2026-08-17 21:30:49 UTC] SKIP       docs/speaking/topics/p23-famous.html  (1 tag(s) present)
[2026-08-17 21:30:49 UTC] SKIP       docs/speaking/topics/p23-fav-city.html  (1 tag(s) present)
[2026-08-17 21:30:49 UTC] SKIP       docs/speaking/topics/p23-foreign-job.html  (1 tag(s) present)
[2026-08-17 21:30:49 UTC] SKIP       docs/speaking/topics/p23-group.html  (1 tag(s) present)
[2026-08-17 21:30:49 UTC] SKIP       docs/speaking/topics/p23-heirloom.html  (1 tag(s) present)
[2026-08-17 21:30:49 UTC] SKIP       docs/speaking/topics/p23-helper.html  (1 tag(s) present)
[2026-08-17 21:30:49 UTC] SKIP       docs/speaking/topics/p23-imagination.html  (1 tag(s) present)
[2026-08-17 21:30:49 UTC] SKIP       docs/speaking/topics/p23-interest-bldg.html  (1 tag(s) present)
[2026-08-17 21:30:49 UTC] SKIP       docs/speaking/topics/p23-law.html  (1 tag(s) present)
[2026-08-17 21:30:49 UTC] SKIP       docs/speaking/topics/p23-medical.html  (1 tag(s) present)
[2026-08-17 21:30:49 UTC] SKIP       docs/speaking/topics/p23-movie.html  (1 tag(s) present)
[2026-08-17 21:30:49 UTC] SKIP       docs/speaking/topics/p23-nanning.html  (1 tag(s) present)
[2026-08-17 21:30:49 UTC] SKIP       docs/speaking/topics/p23-nature.html  (1 tag(s) present)
[2026-08-17 21:30:49 UTC] SKIP       docs/speaking/topics/p23-no-phone.html  (1 tag(s) present)
[2026-08-17 21:30:49 UTC] SKIP       docs/speaking/topics/p23-overspent.html  (1 tag(s) present)
[2026-08-17 21:30:49 UTC] SKIP       docs/speaking/topics/p23-perfect-job.html  (1 tag(s) present)
[2026-08-17 21:30:49 UTC] SKIP       docs/speaking/topics/p23-planning.html  (1 tag(s) present)
[2026-08-17 21:30:49 UTC] SKIP       docs/speaking/topics/p23-plants.html  (1 tag(s) present)
[2026-08-17 21:30:49 UTC] SKIP       docs/speaking/topics/p23-proud.html  (1 tag(s) present)
[2026-08-17 21:30:49 UTC] SKIP       docs/speaking/topics/p23-self-learn.html  (1 tag(s) present)
[2026-08-17 21:30:49 UTC] SKIP       docs/speaking/topics/p23-smart.html  (1 tag(s) present)
[2026-08-17 21:30:49 UTC] SKIP       docs/speaking/topics/p23-smiling.html  (1 tag(s) present)
[2026-08-17 21:30:49 UTC] SKIP       docs/speaking/topics/p23-sports.html  (1 tag(s) present)
[2026-08-17 21:30:49 UTC] SKIP       docs/speaking/topics/p23-tall.html  (1 tag(s) present)
[2026-08-17 21:30:49 UTC] SKIP       docs/speaking/topics/p23-tech.html  (1 tag(s) present)
[2026-08-17 21:30:49 UTC] SKIP       docs/speaking/topics/p23-vehicle.html  (1 tag(s) present)
[2026-08-17 21:30:49 UTC] SKIP       docs/speaking/topics/p23-video.html  (1 tag(s) present)
[2026-08-17 21:30:49 UTC] SKIP       docs/writing/index.html  (1 tag(s) present)
[2026-08-17 21:30:49 UTC] SKIP       docs/speaking/index.html  (1 tag(s) present)
[2026-08-17 21:30:49 UTC] SUMMARY inject: 0 modified, 365 skipped, 0 errors, 365 total
[2026-08-17 21:31:00 UTC] === drift-check ===
[2026-08-17 21:31:00 UTC] DRIFT-CHECK: 365/365 OK, 0 missing, 0 unreadable
[2026-08-17 21:31:00 UTC] === drift-check ===
[2026-08-17 21:31:00 UTC] DRIFT-CHECK: 365/365 OK, 0 missing, 0 unreadable
[2026-08-17 21:34:08 UTC] === inject ===
[2026-08-17 21:34:08 UTC] SKIP       docs/writing/task1/01-table-universities-ranked.html  (2 tag(s) present)
[2026-08-17 21:34:08 UTC] SKIP       docs/writing/task1/02-pie-meal-nutrients.html  (2 tag(s) present)
[2026-08-17 21:34:08 UTC] SKIP       docs/writing/task1/03-bar-electricity.html  (2 tag(s) present)
[2026-08-17 21:34:08 UTC] SKIP       docs/writing/task1/04-bar-physical-activity.html  (2 tag(s) present)
[2026-08-17 21:34:08 UTC] SKIP       docs/writing/task1/05-mixed-graph.html  (2 tag(s) present)
[2026-08-17 21:34:08 UTC] SKIP       docs/writing/task1/06-process-rain-shadow-desert.html  (2 tag(s) present)
[2026-08-17 21:34:08 UTC] SKIP       docs/writing/task1/07-process-plastic-recycling.html  (2 tag(s) present)
[2026-08-17 21:34:08 UTC] SKIP       docs/writing/task1/08-process-cement-making.html  (2 tag(s) present)
[2026-08-17 21:34:08 UTC] SKIP       docs/writing/task1/09-mixed-library-survey.html  (2 tag(s) present)
[2026-08-17 21:34:08 UTC] SKIP       docs/writing/task1/10-dynamic-caribbean-tourists.html  (2 tag(s) present)
[2026-08-17 21:34:08 UTC] SKIP       docs/writing/task1/11-dynamic-melbourne-activities.html  (2 tag(s) present)
[2026-08-17 21:34:08 UTC] SKIP       docs/writing/task1/12-dynamic-asian-cities.html  (2 tag(s) present)
[2026-08-17 21:34:08 UTC] SKIP       docs/writing/task1/13-static-uk-school-spending.html  (2 tag(s) present)
[2026-08-17 21:34:08 UTC] SKIP       docs/writing/task2/01-agree-disagree-history-vs-business.html  (2 tag(s) present)
[2026-08-17 21:34:08 UTC] SKIP       docs/writing/task2/02-discuss-both-views-employment-skills.html  (2 tag(s) present)
[2026-08-17 21:34:08 UTC] SKIP       docs/writing/task2/03-positive-negative-children-freedom.html  (2 tag(s) present)
[2026-08-17 21:34:08 UTC] SKIP       docs/writing/task2/04-opinion-teachers-morality.html  (2 tag(s) present)
[2026-08-17 21:34:08 UTC] SKIP       docs/writing/task2/043-1-1-agree-disagree.html  (2 tag(s) present)
[2026-08-17 21:34:08 UTC] SKIP       docs/writing/task2/044-1-1-discuss-both-views.html  (2 tag(s) present)
[2026-08-17 21:34:08 UTC] SKIP       docs/writing/task2/045-1-1-agree-disagree.html  (2 tag(s) present)
[2026-08-17 21:34:08 UTC] SKIP       docs/writing/task2/046-1-1-agree-disagree.html  (2 tag(s) present)
[2026-08-17 21:34:08 UTC] SKIP       docs/writing/task2/047-1-1-discuss-both-views.html  (2 tag(s) present)
[2026-08-17 21:34:08 UTC] SKIP       docs/writing/task2/048-1-1-discuss-both-views.html  (2 tag(s) present)
[2026-08-17 21:34:08 UTC] SKIP       docs/writing/task2/049-1-1-agree-disagree.html  (2 tag(s) present)
[2026-08-17 21:34:08 UTC] SKIP       docs/writing/task2/05-two-questions-environment.html  (2 tag(s) present)
[2026-08-17 21:34:08 UTC] SKIP       docs/writing/task2/050-1-2-positive-negative.html  (2 tag(s) present)
[2026-08-17 21:34:08 UTC] SKIP       docs/writing/task2/051-1-2-discuss-both-views.html  (2 tag(s) present)
[2026-08-17 21:34:08 UTC] SKIP       docs/writing/task2/052-1-2-agree-disagree.html  (2 tag(s) present)
[2026-08-17 21:34:08 UTC] SKIP       docs/writing/task2/053-1-2-discuss-both-views.html  (2 tag(s) present)
[2026-08-17 21:34:08 UTC] SKIP       docs/writing/task2/054-1-2-agree-disagree.html  (2 tag(s) present)
[2026-08-17 21:34:08 UTC] SKIP       docs/writing/task2/055-1-2-agree-disagree.html  (2 tag(s) present)
[2026-08-17 21:34:08 UTC] SKIP       docs/writing/task2/056-1-2-agree-disagree.html  (2 tag(s) present)
[2026-08-17 21:34:08 UTC] SKIP       docs/writing/task2/057-1-2-agree-disagree.html  (2 tag(s) present)
[2026-08-17 21:34:08 UTC] SKIP       docs/writing/task2/058-1-2-discuss-both-views.html  (2 tag(s) present)
[2026-08-17 21:34:08 UTC] SKIP       docs/writing/task2/059-1-2-discuss-both-views.html  (2 tag(s) present)
[2026-08-17 21:34:08 UTC] SKIP       docs/writing/task2/06-26-env-solutions.html  (2 tag(s) present)
[2026-08-17 21:34:08 UTC] SKIP       docs/writing/task2/060-1-3-agree-disagree.html  (2 tag(s) present)
[2026-08-17 21:34:08 UTC] SKIP       docs/writing/task2/061-1-4-discuss-both-views.html  (2 tag(s) present)
[2026-08-17 21:34:08 UTC] SKIP       docs/writing/task2/062-1-4-discuss-both-views.html  (2 tag(s) present)
[2026-08-17 21:34:08 UTC] SKIP       docs/writing/task2/063-1-4-discuss-both-views.html  (2 tag(s) present)
[2026-08-17 21:34:08 UTC] SKIP       docs/writing/task2/064-1-5-discuss-both-views.html  (2 tag(s) present)
[2026-08-17 21:34:08 UTC] SKIP       docs/writing/task2/065-1-5-discuss-both-views.html  (2 tag(s) present)
[2026-08-17 21:34:08 UTC] SKIP       docs/writing/task2/066-1-6-agree-disagree.html  (2 tag(s) present)
[2026-08-17 21:34:08 UTC] SKIP       docs/writing/task2/067-1-6-agree-disagree.html  (2 tag(s) present)
[2026-08-17 21:34:08 UTC] SKIP       docs/writing/task2/068-1-6-advantage-disadvantage.html  (2 tag(s) present)
[2026-08-17 21:34:08 UTC] SKIP       docs/writing/task2/069-1-6-agree-disagree.html  (2 tag(s) present)
[2026-08-17 21:34:08 UTC] SKIP       docs/writing/task2/07-01-lang-learning.html  (2 tag(s) present)
[2026-08-17 21:34:08 UTC] SKIP       docs/writing/task2/070-1-6-agree-disagree.html  (2 tag(s) present)
[2026-08-17 21:34:08 UTC] SKIP       docs/writing/task2/071-1-6-two-questions.html  (2 tag(s) present)
[2026-08-17 21:34:08 UTC] SKIP       docs/writing/task2/072-1-6-two-questions.html  (2 tag(s) present)
[2026-08-17 21:34:08 UTC] SKIP       docs/writing/task2/073-1-7-agree-disagree.html  (2 tag(s) present)
[2026-08-17 21:34:08 UTC] SKIP       docs/writing/task2/074-1-7-advantage-disadvantage.html  (2 tag(s) present)
[2026-08-17 21:34:08 UTC] SKIP       docs/writing/task2/075-1-7-agree-disagree.html  (2 tag(s) present)
[2026-08-17 21:34:08 UTC] SKIP       docs/writing/task2/076-1-8-problem-solution.html  (2 tag(s) present)
[2026-08-17 21:34:08 UTC] SKIP       docs/writing/task2/077-1-8-problem-solution.html  (2 tag(s) present)
[2026-08-17 21:34:08 UTC] SKIP       docs/writing/task2/078-1-8-two-questions.html  (2 tag(s) present)
[2026-08-17 21:34:08 UTC] SKIP       docs/writing/task2/079-2-1-single-question.html  (2 tag(s) present)
[2026-08-17 21:34:08 UTC] SKIP       docs/writing/task2/08-04-education-target.html  (2 tag(s) present)
[2026-08-17 21:34:08 UTC] SKIP       docs/writing/task2/080-2-1-advantage-disadvantage.html  (2 tag(s) present)
[2026-08-17 21:34:08 UTC] SKIP       docs/writing/task2/081-2-1-agree-disagree.html  (2 tag(s) present)
[2026-08-17 21:34:08 UTC] SKIP       docs/writing/task2/082-2-1-agree-disagree.html  (2 tag(s) present)
[2026-08-17 21:34:08 UTC] SKIP       docs/writing/task2/083-2-1-discuss-both-views.html  (2 tag(s) present)
[2026-08-17 21:34:08 UTC] SKIP       docs/writing/task2/084-2-1-agree-disagree.html  (2 tag(s) present)
[2026-08-17 21:34:08 UTC] SKIP       docs/writing/task2/085-2-2-agree-disagree.html  (2 tag(s) present)
[2026-08-17 21:34:08 UTC] SKIP       docs/writing/task2/086-2-2-agree-disagree.html  (2 tag(s) present)
[2026-08-17 21:34:08 UTC] SKIP       docs/writing/task2/087-2-2-agree-disagree.html  (2 tag(s) present)
[2026-08-17 21:34:08 UTC] SKIP       docs/writing/task2/088-2-2-positive-negative.html  (2 tag(s) present)
[2026-08-17 21:34:08 UTC] SKIP       docs/writing/task2/089-2-2-agree-disagree.html  (2 tag(s) present)
[2026-08-17 21:34:08 UTC] SKIP       docs/writing/task2/09-05-education-phenomenon.html  (2 tag(s) present)
[2026-08-17 21:34:08 UTC] SKIP       docs/writing/task2/090-2-3-agree-disagree.html  (2 tag(s) present)
[2026-08-17 21:34:08 UTC] SKIP       docs/writing/task2/091-2-3-agree-disagree.html  (2 tag(s) present)
[2026-08-17 21:34:08 UTC] SKIP       docs/writing/task2/092-2-3-agree-disagree.html  (2 tag(s) present)
[2026-08-17 21:34:08 UTC] SKIP       docs/writing/task2/093-2-3-agree-disagree.html  (2 tag(s) present)
[2026-08-17 21:34:08 UTC] SKIP       docs/writing/task2/094-2-4-agree-disagree.html  (2 tag(s) present)
[2026-08-17 21:34:08 UTC] SKIP       docs/writing/task2/095-2-5-problem-solution.html  (2 tag(s) present)
[2026-08-17 21:34:08 UTC] SKIP       docs/writing/task2/096-3-1-discuss-both-views.html  (2 tag(s) present)
[2026-08-17 21:34:08 UTC] SKIP       docs/writing/task2/097-3-1-agree-disagree.html  (2 tag(s) present)
[2026-08-17 21:34:08 UTC] SKIP       docs/writing/task2/098-3-1-agree-disagree.html  (2 tag(s) present)
[2026-08-17 21:34:08 UTC] SKIP       docs/writing/task2/099-3-1-positive-negative.html  (2 tag(s) present)
[2026-08-17 21:34:08 UTC] SKIP       docs/writing/task2/10-06-job-choice.html  (2 tag(s) present)
[2026-08-17 21:34:08 UTC] SKIP       docs/writing/task2/100-3-1-advantage-disadvantage.html  (2 tag(s) present)
[2026-08-17 21:34:08 UTC] SKIP       docs/writing/task2/101-3-1-advantage-disadvantage.html  (2 tag(s) present)
[2026-08-17 21:34:08 UTC] SKIP       docs/writing/task2/102-3-1-advantage-disadvantage.html  (2 tag(s) present)
[2026-08-17 21:34:08 UTC] SKIP       docs/writing/task2/103-3-1-advantage-disadvantage.html  (2 tag(s) present)
[2026-08-17 21:34:08 UTC] SKIP       docs/writing/task2/104-3-2-agree-disagree.html  (2 tag(s) present)
[2026-08-17 21:34:08 UTC] SKIP       docs/writing/task2/105-3-2-problem-solution.html  (2 tag(s) present)
[2026-08-17 21:34:08 UTC] SKIP       docs/writing/task2/106-3-2-agree-disagree.html  (2 tag(s) present)
[2026-08-17 21:34:08 UTC] SKIP       docs/writing/task2/107-3-2-discuss-both-views.html  (2 tag(s) present)
[2026-08-17 21:34:08 UTC] SKIP       docs/writing/task2/108-3-2-agree-disagree.html  (2 tag(s) present)
[2026-08-17 21:34:08 UTC] SKIP       docs/writing/task2/109-3-2-agree-disagree.html  (2 tag(s) present)
[2026-08-17 21:34:08 UTC] SKIP       docs/writing/task2/11-07-personal-skill.html  (2 tag(s) present)
[2026-08-17 21:34:08 UTC] SKIP       docs/writing/task2/110-3-2-discuss-both-views.html  (2 tag(s) present)
[2026-08-17 21:34:08 UTC] SKIP       docs/writing/task2/111-3-2-agree-disagree.html  (2 tag(s) present)
[2026-08-17 21:34:08 UTC] SKIP       docs/writing/task2/112-3-2-agree-disagree.html  (2 tag(s) present)
[2026-08-17 21:34:08 UTC] SKIP       docs/writing/task2/113-3-2-advantage-disadvantage.html  (2 tag(s) present)
[2026-08-17 21:34:08 UTC] SKIP       docs/writing/task2/114-3-2-discuss-both-views.html  (2 tag(s) present)
[2026-08-17 21:34:08 UTC] SKIP       docs/writing/task2/115-3-2-problem-solution.html  (2 tag(s) present)
[2026-08-17 21:34:08 UTC] SKIP       docs/writing/task2/116-3-2-agree-disagree.html  (2 tag(s) present)
[2026-08-17 21:34:08 UTC] SKIP       docs/writing/task2/117-3-2-discuss-both-views.html  (2 tag(s) present)
[2026-08-17 21:34:08 UTC] SKIP       docs/writing/task2/118-3-2-discuss-both-views.html  (2 tag(s) present)
[2026-08-17 21:34:08 UTC] SKIP       docs/writing/task2/119-3-2-agree-disagree.html  (2 tag(s) present)
[2026-08-17 21:34:08 UTC] SKIP       docs/writing/task2/12-08-work-env.html  (2 tag(s) present)
[2026-08-17 21:34:08 UTC] SKIP       docs/writing/task2/120-3-4-agree-disagree.html  (2 tag(s) present)
[2026-08-17 21:34:08 UTC] SKIP       docs/writing/task2/121-3-4-agree-disagree.html  (2 tag(s) present)
[2026-08-17 21:34:08 UTC] SKIP       docs/writing/task2/122-3-3-two-questions.html  (2 tag(s) present)
[2026-08-17 21:34:08 UTC] SKIP       docs/writing/task2/123-3-3-positive-negative.html  (2 tag(s) present)
[2026-08-17 21:34:08 UTC] SKIP       docs/writing/task2/124-3-3-problem-solution.html  (2 tag(s) present)
[2026-08-17 21:34:08 UTC] SKIP       docs/writing/task2/125-3-3-problem-solution.html  (2 tag(s) present)
[2026-08-17 21:34:08 UTC] SKIP       docs/writing/task2/126-3-3-two-questions.html  (2 tag(s) present)
[2026-08-17 21:34:08 UTC] SKIP       docs/writing/task2/127-3-3-advantage-disadvantage.html  (2 tag(s) present)
[2026-08-17 21:34:08 UTC] SKIP       docs/writing/task2/128-3-4-agree-disagree.html  (2 tag(s) present)
[2026-08-17 21:34:08 UTC] SKIP       docs/writing/task2/129-3-4-problem-solution.html  (2 tag(s) present)
[2026-08-17 21:34:08 UTC] SKIP       docs/writing/task2/13-09-job-types.html  (2 tag(s) present)
[2026-08-17 21:34:08 UTC] SKIP       docs/writing/task2/130-3-4-agree-disagree.html  (2 tag(s) present)
[2026-08-17 21:34:08 UTC] SKIP       docs/writing/task2/131-3-4-agree-disagree.html  (2 tag(s) present)
[2026-08-17 21:34:08 UTC] SKIP       docs/writing/task2/132-3-4-advantage-disadvantage.html  (2 tag(s) present)
[2026-08-17 21:34:08 UTC] SKIP       docs/writing/task2/133-3-4-advantage-disadvantage.html  (2 tag(s) present)
[2026-08-17 21:34:08 UTC] SKIP       docs/writing/task2/134-3-4-two-questions.html  (2 tag(s) present)
[2026-08-17 21:34:08 UTC] SKIP       docs/writing/task2/135-3-4-two-questions.html  (2 tag(s) present)
[2026-08-17 21:34:08 UTC] SKIP       docs/writing/task2/136-3-4-agree-disagree.html  (2 tag(s) present)
[2026-08-17 21:34:08 UTC] SKIP       docs/writing/task2/137-3-4-two-questions.html  (2 tag(s) present)
[2026-08-17 21:34:08 UTC] SKIP       docs/writing/task2/138-3-5-agree-disagree.html  (2 tag(s) present)
[2026-08-17 21:34:08 UTC] SKIP       docs/writing/task2/139-3-5-discuss-both-views.html  (2 tag(s) present)
[2026-08-17 21:34:08 UTC] SKIP       docs/writing/task2/14-10-work-life-balance.html  (2 tag(s) present)
[2026-08-17 21:34:08 UTC] SKIP       docs/writing/task2/140-3-5-discuss-both-views.html  (2 tag(s) present)
[2026-08-17 21:34:08 UTC] SKIP       docs/writing/task2/141-3-5-agree-disagree.html  (2 tag(s) present)
[2026-08-17 21:34:08 UTC] SKIP       docs/writing/task2/142-3-5-problem-solution.html  (2 tag(s) present)
[2026-08-17 21:34:08 UTC] SKIP       docs/writing/task2/143-3-5-discuss-both-views.html  (2 tag(s) present)
[2026-08-17 21:34:08 UTC] SKIP       docs/writing/task2/144-3-5-agree-disagree.html  (2 tag(s) present)
[2026-08-17 21:34:08 UTC] SKIP       docs/writing/task2/145-3-5-discuss-both-views.html  (2 tag(s) present)
[2026-08-17 21:34:08 UTC] SKIP       docs/writing/task2/146-3-5-discuss-both-views.html  (2 tag(s) present)
[2026-08-17 21:34:08 UTC] SKIP       docs/writing/task2/147-3-5-problem-solution.html  (2 tag(s) present)
[2026-08-17 21:34:08 UTC] SKIP       docs/writing/task2/148-3-5-discuss-both-views.html  (2 tag(s) present)
[2026-08-17 21:34:08 UTC] SKIP       docs/writing/task2/149-3-5-discuss-both-views.html  (2 tag(s) present)
[2026-08-17 21:34:08 UTC] SKIP       docs/writing/task2/15-11-urbanisation.html  (2 tag(s) present)
[2026-08-17 21:34:08 UTC] SKIP       docs/writing/task2/150-3-5-agree-disagree.html  (2 tag(s) present)
[2026-08-17 21:34:08 UTC] SKIP       docs/writing/task2/151-3-5-discuss-both-views.html  (2 tag(s) present)
[2026-08-17 21:34:08 UTC] SKIP       docs/writing/task2/152-3-5-advantage-disadvantage.html  (2 tag(s) present)
[2026-08-17 21:34:08 UTC] SKIP       docs/writing/task2/153-3-5-opinion.html  (2 tag(s) present)
[2026-08-17 21:34:08 UTC] SKIP       docs/writing/task2/154-3-5-agree-disagree.html  (2 tag(s) present)
[2026-08-17 21:34:08 UTC] SKIP       docs/writing/task2/155-3-6-problem-solution.html  (2 tag(s) present)
[2026-08-17 21:34:08 UTC] SKIP       docs/writing/task2/156-3-6-problem-solution.html  (2 tag(s) present)
[2026-08-17 21:34:08 UTC] SKIP       docs/writing/task2/157-3-6-problem-solution.html  (2 tag(s) present)
[2026-08-17 21:34:08 UTC] SKIP       docs/writing/task2/158-3-6-problem-solution.html  (2 tag(s) present)
[2026-08-17 21:34:08 UTC] SKIP       docs/writing/task2/159-3-6-problem-solution.html  (2 tag(s) present)
[2026-08-17 21:34:08 UTC] SKIP       docs/writing/task2/16-12-culture.html  (2 tag(s) present)
[2026-08-17 21:34:08 UTC] SKIP       docs/writing/task2/160-3-6-problem-solution.html  (2 tag(s) present)
[2026-08-17 21:34:08 UTC] SKIP       docs/writing/task2/161-3-6-problem-solution.html  (2 tag(s) present)
[2026-08-17 21:34:08 UTC] SKIP       docs/writing/task2/162-3-6-problem-solution.html  (2 tag(s) present)
[2026-08-17 21:34:08 UTC] SKIP       docs/writing/task2/163-3-6-two-questions.html  (2 tag(s) present)
[2026-08-17 21:34:08 UTC] SKIP       docs/writing/task2/164-3-6-problem-solution.html  (2 tag(s) present)
[2026-08-17 21:34:08 UTC] SKIP       docs/writing/task2/165-3-6-problem-solution.html  (2 tag(s) present)
[2026-08-17 21:34:08 UTC] SKIP       docs/writing/task2/166-3-6-two-questions.html  (2 tag(s) present)
[2026-08-17 21:34:08 UTC] SKIP       docs/writing/task2/167-3-6-two-questions.html  (2 tag(s) present)
[2026-08-17 21:34:08 UTC] SKIP       docs/writing/task2/168-3-6-problem-solution.html  (2 tag(s) present)
[2026-08-17 21:34:08 UTC] SKIP       docs/writing/task2/169-3-6-problem-solution.html  (2 tag(s) present)
[2026-08-17 21:34:08 UTC] SKIP       docs/writing/task2/17-13-ageing.html  (2 tag(s) present)
[2026-08-17 21:34:08 UTC] SKIP       docs/writing/task2/170-3-7-positive-negative.html  (2 tag(s) present)
[2026-08-17 21:34:08 UTC] SKIP       docs/writing/task2/171-3-8-agree-disagree.html  (2 tag(s) present)
[2026-08-17 21:34:08 UTC] SKIP       docs/writing/task2/172-3-8-advantage-disadvantage.html  (2 tag(s) present)
[2026-08-17 21:34:08 UTC] SKIP       docs/writing/task2/173-3-8-advantage-disadvantage.html  (2 tag(s) present)
[2026-08-17 21:34:08 UTC] SKIP       docs/writing/task2/174-3-8-agree-disagree.html  (2 tag(s) present)
[2026-08-17 21:34:08 UTC] SKIP       docs/writing/task2/175-3-9-agree-disagree.html  (2 tag(s) present)
[2026-08-17 21:34:08 UTC] SKIP       docs/writing/task2/176-3-10-agree-disagree.html  (2 tag(s) present)
[2026-08-17 21:34:08 UTC] SKIP       docs/writing/task2/177-4-1-agree-disagree.html  (2 tag(s) present)
[2026-08-17 21:34:08 UTC] SKIP       docs/writing/task2/178-4-1-agree-disagree.html  (2 tag(s) present)
[2026-08-17 21:34:08 UTC] SKIP       docs/writing/task2/179-4-1-discuss-both-views.html  (2 tag(s) present)
[2026-08-17 21:34:08 UTC] SKIP       docs/writing/task2/18-14-transport.html  (2 tag(s) present)
[2026-08-17 21:34:08 UTC] SKIP       docs/writing/task2/180-4-1-agree-disagree.html  (2 tag(s) present)
[2026-08-17 21:34:08 UTC] SKIP       docs/writing/task2/181-4-2-problem-solution.html  (2 tag(s) present)
[2026-08-17 21:34:08 UTC] SKIP       docs/writing/task2/182-4-3-problem-solution.html  (2 tag(s) present)
[2026-08-17 21:34:08 UTC] SKIP       docs/writing/task2/183-4-3-agree-disagree.html  (2 tag(s) present)
[2026-08-17 21:34:08 UTC] SKIP       docs/writing/task2/184-4-4-problem-solution.html  (2 tag(s) present)
[2026-08-17 21:34:08 UTC] SKIP       docs/writing/task2/185-4-4-problem-solution.html  (2 tag(s) present)
[2026-08-17 21:34:08 UTC] SKIP       docs/writing/task2/186-4-4-advantage-disadvantage.html  (2 tag(s) present)
[2026-08-17 21:34:08 UTC] SKIP       docs/writing/task2/187-4-4-discuss-both-views.html  (2 tag(s) present)
[2026-08-17 21:34:08 UTC] SKIP       docs/writing/task2/188-4-4-agree-disagree.html  (2 tag(s) present)
[2026-08-17 21:34:08 UTC] SKIP       docs/writing/task2/189-4-4-advantage-disadvantage.html  (2 tag(s) present)
[2026-08-17 21:34:08 UTC] SKIP       docs/writing/task2/19-15-values-compare.html  (2 tag(s) present)
[2026-08-17 21:34:08 UTC] SKIP       docs/writing/task2/190-4-5-problem-solution.html  (2 tag(s) present)
[2026-08-17 21:34:08 UTC] SKIP       docs/writing/task2/191-4-6-problem-solution.html  (2 tag(s) present)
[2026-08-17 21:34:08 UTC] SKIP       docs/writing/task2/192-4-6-two-questions.html  (2 tag(s) present)
[2026-08-17 21:34:08 UTC] SKIP       docs/writing/task2/193-4-7-agree-disagree.html  (2 tag(s) present)
[2026-08-17 21:34:08 UTC] SKIP       docs/writing/task2/194-4-7-discuss-both-views.html  (2 tag(s) present)
[2026-08-17 21:34:08 UTC] SKIP       docs/writing/task2/195-4-7-agree-disagree.html  (2 tag(s) present)
[2026-08-17 21:34:08 UTC] SKIP       docs/writing/task2/196-5-1-agree-disagree.html  (2 tag(s) present)
[2026-08-17 21:34:08 UTC] SKIP       docs/writing/task2/197-5-1-agree-disagree.html  (2 tag(s) present)
[2026-08-17 21:34:08 UTC] SKIP       docs/writing/task2/198-5-1-agree-disagree.html  (2 tag(s) present)
[2026-08-17 21:34:08 UTC] SKIP       docs/writing/task2/199-5-1-agree-disagree.html  (2 tag(s) present)
[2026-08-17 21:34:08 UTC] SKIP       docs/writing/task2/20-16-social-phenomenon.html  (2 tag(s) present)
[2026-08-17 21:34:08 UTC] SKIP       docs/writing/task2/200-5-1-discuss-both-views.html  (2 tag(s) present)
[2026-08-17 21:34:08 UTC] SKIP       docs/writing/task2/201-5-1-discuss-both-views.html  (2 tag(s) present)
[2026-08-17 21:34:08 UTC] SKIP       docs/writing/task2/202-5-1-opinion.html  (2 tag(s) present)
[2026-08-17 21:34:08 UTC] SKIP       docs/writing/task2/203-5-1-agree-disagree.html  (2 tag(s) present)
[2026-08-17 21:34:08 UTC] SKIP       docs/writing/task2/204-5-1-agree-disagree.html  (2 tag(s) present)
[2026-08-17 21:34:08 UTC] SKIP       docs/writing/task2/205-5-1-agree-disagree.html  (2 tag(s) present)
[2026-08-17 21:34:08 UTC] SKIP       docs/writing/task2/206-5-1-positive-negative.html  (2 tag(s) present)
[2026-08-17 21:34:08 UTC] SKIP       docs/writing/task2/207-5-1-discuss-both-views.html  (2 tag(s) present)
[2026-08-17 21:34:08 UTC] SKIP       docs/writing/task2/208-5-1-advantage-disadvantage.html  (2 tag(s) present)
[2026-08-17 21:34:08 UTC] SKIP       docs/writing/task2/209-5-1-discuss-both-views.html  (2 tag(s) present)
[2026-08-17 21:34:08 UTC] SKIP       docs/writing/task2/21-17-privacy.html  (2 tag(s) present)
[2026-08-17 21:34:08 UTC] SKIP       docs/writing/task2/210-5-2-agree-disagree.html  (2 tag(s) present)
[2026-08-17 21:34:08 UTC] SKIP       docs/writing/task2/211-5-2-problem-solution.html  (2 tag(s) present)
[2026-08-17 21:34:08 UTC] SKIP       docs/writing/task2/212-5-2-agree-disagree.html  (2 tag(s) present)
[2026-08-17 21:34:08 UTC] SKIP       docs/writing/task2/213-5-2-problem-solution.html  (2 tag(s) present)
[2026-08-17 21:34:08 UTC] SKIP       docs/writing/task2/214-5-2-advantage-disadvantage.html  (2 tag(s) present)
[2026-08-17 21:34:08 UTC] SKIP       docs/writing/task2/215-5-2-agree-disagree.html  (2 tag(s) present)
[2026-08-17 21:34:08 UTC] SKIP       docs/writing/task2/216-6-1-agree-disagree.html  (2 tag(s) present)
[2026-08-17 21:34:08 UTC] SKIP       docs/writing/task2/217-6-1-discuss-both-views.html  (2 tag(s) present)
[2026-08-17 21:34:08 UTC] SKIP       docs/writing/task2/218-6-1-positive-negative.html  (2 tag(s) present)
[2026-08-17 21:34:08 UTC] SKIP       docs/writing/task2/219-6-1-advantage-disadvantage.html  (2 tag(s) present)
[2026-08-17 21:34:08 UTC] SKIP       docs/writing/task2/22-18-life-change.html  (2 tag(s) present)
[2026-08-17 21:34:08 UTC] SKIP       docs/writing/task2/220-6-1-advantage-disadvantage.html  (2 tag(s) present)
[2026-08-17 21:34:08 UTC] SKIP       docs/writing/task2/221-6-1-positive-negative.html  (2 tag(s) present)
[2026-08-17 21:34:08 UTC] SKIP       docs/writing/task2/222-6-1-agree-disagree.html  (2 tag(s) present)
[2026-08-17 21:34:08 UTC] SKIP       docs/writing/task2/223-6-1-agree-disagree.html  (2 tag(s) present)
[2026-08-17 21:34:08 UTC] SKIP       docs/writing/task2/224-6-1-discuss-both-views.html  (2 tag(s) present)
[2026-08-17 21:34:08 UTC] SKIP       docs/writing/task2/225-6-1-discuss-both-views.html  (2 tag(s) present)
[2026-08-17 21:34:08 UTC] SKIP       docs/writing/task2/226-6-1-agree-disagree.html  (2 tag(s) present)
[2026-08-17 21:34:08 UTC] SKIP       docs/writing/task2/227-6-1-discuss-both-views.html  (2 tag(s) present)
[2026-08-17 21:34:08 UTC] SKIP       docs/writing/task2/228-6-1-discuss-both-views.html  (2 tag(s) present)
[2026-08-17 21:34:08 UTC] SKIP       docs/writing/task2/229-6-1-agree-disagree.html  (2 tag(s) present)
[2026-08-17 21:34:08 UTC] SKIP       docs/writing/task2/23-19-gender.html  (2 tag(s) present)
[2026-08-17 21:34:08 UTC] SKIP       docs/writing/task2/230-6-1-discuss-both-views.html  (2 tag(s) present)
[2026-08-17 21:34:08 UTC] SKIP       docs/writing/task2/231-6-1-discuss-both-views.html  (2 tag(s) present)
[2026-08-17 21:34:08 UTC] SKIP       docs/writing/task2/232-6-1-agree-disagree.html  (2 tag(s) present)
[2026-08-17 21:34:08 UTC] SKIP       docs/writing/task2/233-6-1-two-questions.html  (2 tag(s) present)
[2026-08-17 21:34:08 UTC] SKIP       docs/writing/task2/234-6-2-discuss-both-views.html  (2 tag(s) present)
[2026-08-17 21:34:08 UTC] SKIP       docs/writing/task2/235-6-2-agree-disagree.html  (2 tag(s) present)
[2026-08-17 21:34:08 UTC] SKIP       docs/writing/task2/236-6-2-problem-solution.html  (2 tag(s) present)
[2026-08-17 21:34:08 UTC] SKIP       docs/writing/task2/237-6-2-discuss-both-views.html  (2 tag(s) present)
[2026-08-17 21:34:08 UTC] SKIP       docs/writing/task2/238-6-2-problem-solution.html  (2 tag(s) present)
[2026-08-17 21:34:08 UTC] SKIP       docs/writing/task2/239-7-1-problem-solution.html  (2 tag(s) present)
[2026-08-17 21:34:08 UTC] SKIP       docs/writing/task2/24-20-civility.html  (2 tag(s) present)
[2026-08-17 21:34:08 UTC] SKIP       docs/writing/task2/240-7-1-agree-disagree.html  (2 tag(s) present)
[2026-08-17 21:34:08 UTC] SKIP       docs/writing/task2/241-7-1-discuss-both-views.html  (2 tag(s) present)
[2026-08-17 21:34:08 UTC] SKIP       docs/writing/task2/242-7-1-agree-disagree.html  (2 tag(s) present)
[2026-08-17 21:34:08 UTC] SKIP       docs/writing/task2/243-7-1-agree-disagree.html  (2 tag(s) present)
[2026-08-17 21:34:08 UTC] SKIP       docs/writing/task2/244-8-1-agree-disagree.html  (2 tag(s) present)
[2026-08-17 21:34:08 UTC] SKIP       docs/writing/task2/245-8-1-positive-negative.html  (2 tag(s) present)
[2026-08-17 21:34:08 UTC] SKIP       docs/writing/task2/246-8-1-agree-disagree.html  (2 tag(s) present)
[2026-08-17 21:34:08 UTC] SKIP       docs/writing/task2/247-8-1-problem-solution.html  (2 tag(s) present)
[2026-08-17 21:34:08 UTC] SKIP       docs/writing/task2/248-8-1-discuss-both-views.html  (2 tag(s) present)
[2026-08-17 21:34:08 UTC] SKIP       docs/writing/task2/249-8-1-discuss-both-views.html  (2 tag(s) present)
[2026-08-17 21:34:08 UTC] SKIP       docs/writing/task2/25-21-animal-protection.html  (2 tag(s) present)
[2026-08-17 21:34:08 UTC] SKIP       docs/writing/task2/250-8-1-agree-disagree.html  (2 tag(s) present)
[2026-08-17 21:34:08 UTC] SKIP       docs/writing/task2/251-8-1-discuss-both-views.html  (2 tag(s) present)
[2026-08-17 21:34:08 UTC] SKIP       docs/writing/task2/252-8-1-two-questions.html  (2 tag(s) present)
[2026-08-17 21:34:08 UTC] SKIP       docs/writing/task2/253-8-1-agree-disagree.html  (2 tag(s) present)
[2026-08-17 21:34:08 UTC] SKIP       docs/writing/task2/254-8-1-agree-disagree.html  (2 tag(s) present)
[2026-08-17 21:34:08 UTC] SKIP       docs/writing/task2/255-8-1-discuss-both-views.html  (2 tag(s) present)
[2026-08-17 21:34:08 UTC] SKIP       docs/writing/task2/256-8-1-positive-negative.html  (2 tag(s) present)
[2026-08-17 21:34:08 UTC] SKIP       docs/writing/task2/257-8-2-two-questions.html  (2 tag(s) present)
[2026-08-17 21:34:08 UTC] SKIP       docs/writing/task2/258-8-2-discuss-both-views.html  (2 tag(s) present)
[2026-08-17 21:34:08 UTC] SKIP       docs/writing/task2/259-8-2-two-questions.html  (2 tag(s) present)
[2026-08-17 21:34:08 UTC] SKIP       docs/writing/task2/26-22-plastic.html  (2 tag(s) present)
[2026-08-17 21:34:08 UTC] SKIP       docs/writing/task2/260-8-2-positive-negative.html  (2 tag(s) present)
[2026-08-17 21:34:08 UTC] SKIP       docs/writing/task2/261-9-1-discuss-both-views.html  (2 tag(s) present)
[2026-08-17 21:34:08 UTC] SKIP       docs/writing/task2/262-9-1-agree-disagree.html  (2 tag(s) present)
[2026-08-17 21:34:08 UTC] SKIP       docs/writing/task2/263-9-1-agree-disagree.html  (2 tag(s) present)
[2026-08-17 21:34:08 UTC] SKIP       docs/writing/task2/264-9-1-discuss-both-views.html  (2 tag(s) present)
[2026-08-17 21:34:08 UTC] SKIP       docs/writing/task2/265-9-1-discuss-both-views.html  (2 tag(s) present)
[2026-08-17 21:34:08 UTC] SKIP       docs/writing/task2/266-9-1-discuss-both-views.html  (2 tag(s) present)
[2026-08-17 21:34:08 UTC] SKIP       docs/writing/task2/267-9-1-agree-disagree.html  (2 tag(s) present)
[2026-08-17 21:34:08 UTC] SKIP       docs/writing/task2/268-9-1-discuss-both-views.html  (2 tag(s) present)
[2026-08-17 21:34:08 UTC] SKIP       docs/writing/task2/269-9-1-agree-disagree.html  (2 tag(s) present)
[2026-08-17 21:34:08 UTC] SKIP       docs/writing/task2/27-23-water.html  (2 tag(s) present)
[2026-08-17 21:34:08 UTC] SKIP       docs/writing/task2/270-9-1-discuss-both-views.html  (2 tag(s) present)
[2026-08-17 21:34:08 UTC] SKIP       docs/writing/task2/271-9-1-discuss-both-views.html  (2 tag(s) present)
[2026-08-17 21:34:08 UTC] SKIP       docs/writing/task2/272-10-1-agree-disagree.html  (2 tag(s) present)
[2026-08-17 21:34:08 UTC] SKIP       docs/writing/task2/273-10-1-problem-solution.html  (2 tag(s) present)
[2026-08-17 21:34:08 UTC] SKIP       docs/writing/task2/274-10-1-problem-solution.html  (2 tag(s) present)
[2026-08-17 21:34:08 UTC] SKIP       docs/writing/task2/275-10-1-agree-disagree.html  (2 tag(s) present)
[2026-08-17 21:34:08 UTC] SKIP       docs/writing/task2/276-10-1-discuss-both-views.html  (2 tag(s) present)
[2026-08-17 21:34:08 UTC] SKIP       docs/writing/task2/277-10-1-discuss-both-views.html  (2 tag(s) present)
[2026-08-17 21:34:08 UTC] SKIP       docs/writing/task2/278-10-1-discuss-both-views.html  (2 tag(s) present)
[2026-08-17 21:34:08 UTC] SKIP       docs/writing/task2/279-10-1-agree-disagree.html  (2 tag(s) present)
[2026-08-17 21:34:08 UTC] SKIP       docs/writing/task2/28-24-noise-pollution.html  (2 tag(s) present)
[2026-08-17 21:34:08 UTC] SKIP       docs/writing/task2/29-25-consumption-env.html  (2 tag(s) present)
[2026-08-17 21:34:08 UTC] SKIP       docs/writing/task2/30-02-qual-meaning.html  (2 tag(s) present)
[2026-08-17 21:34:08 UTC] SKIP       docs/writing/task2/31-03-education-method.html  (2 tag(s) present)
[2026-08-17 21:34:08 UTC] SKIP       docs/writing/task2/32-27-technology.html  (2 tag(s) present)
[2026-08-17 21:34:08 UTC] SKIP       docs/writing/task2/33-28-health.html  (2 tag(s) present)
[2026-08-17 21:34:08 UTC] SKIP       docs/writing/task2/34-29-media.html  (2 tag(s) present)
[2026-08-17 21:34:08 UTC] SKIP       docs/writing/task2/35-30-advertising.html  (2 tag(s) present)
[2026-08-17 21:34:08 UTC] SKIP       docs/writing/task2/36-31-globalisation.html  (2 tag(s) present)
[2026-08-17 21:34:08 UTC] SKIP       docs/writing/task2/37-32-travel.html  (2 tag(s) present)
[2026-08-17 21:34:08 UTC] SKIP       docs/writing/task2/38-1-1-single-question.html  (2 tag(s) present)
[2026-08-17 21:34:08 UTC] SKIP       docs/writing/task2/39-1-1-problem-solution.html  (2 tag(s) present)
[2026-08-17 21:34:08 UTC] SKIP       docs/writing/task2/40-1-2-advantage-disadvantage.html  (2 tag(s) present)
[2026-08-17 21:34:08 UTC] SKIP       docs/writing/task2/41-1-5-single-question.html  (2 tag(s) present)
[2026-08-17 21:34:08 UTC] SKIP       docs/writing/task2/42-4-4-problem-solution.html  (2 tag(s) present)
[2026-08-17 21:34:08 UTC] SKIP       docs/speaking/topics/p1-area.html  (1 tag(s) present)
[2026-08-17 21:34:08 UTC] SKIP       docs/speaking/topics/p1-city.html  (1 tag(s) present)
[2026-08-17 21:34:08 UTC] SKIP       docs/speaking/topics/p1-home.html  (1 tag(s) present)
[2026-08-17 21:34:08 UTC] SKIP       docs/speaking/topics/p1-hometown.html  (1 tag(s) present)
[2026-08-17 21:34:08 UTC] SKIP       docs/speaking/topics/p1-work.html  (1 tag(s) present)
[2026-08-17 21:34:08 UTC] SKIP       docs/speaking/topics/p1f-building.html  (1 tag(s) present)
[2026-08-17 21:34:08 UTC] SKIP       docs/speaking/topics/p1f-cars.html  (1 tag(s) present)
[2026-08-17 21:34:08 UTC] SKIP       docs/speaking/topics/p1f-childhood.html  (1 tag(s) present)
[2026-08-17 21:34:08 UTC] SKIP       docs/speaking/topics/p1f-food.html  (1 tag(s) present)
[2026-08-17 21:34:08 UTC] SKIP       docs/speaking/topics/p1f-gifts.html  (1 tag(s) present)
[2026-08-17 21:34:08 UTC] SKIP       docs/speaking/topics/p1f-hobby.html  (1 tag(s) present)
[2026-08-17 21:34:08 UTC] SKIP       docs/speaking/topics/p1f-life-stages.html  (1 tag(s) present)
[2026-08-17 21:34:08 UTC] SKIP       docs/speaking/topics/p1f-mirrors.html  (1 tag(s) present)
[2026-08-17 21:34:08 UTC] SKIP       docs/speaking/topics/p1f-morning.html  (1 tag(s) present)
[2026-08-17 21:34:08 UTC] SKIP       docs/speaking/topics/p1f-music.html  (1 tag(s) present)
[2026-08-17 21:34:08 UTC] SKIP       docs/speaking/topics/p1f-outer-space.html  (1 tag(s) present)
[2026-08-17 21:34:08 UTC] SKIP       docs/speaking/topics/p1f-parks.html  (1 tag(s) present)
[2026-08-17 21:34:08 UTC] SKIP       docs/speaking/topics/p1f-pets.html  (1 tag(s) present)
[2026-08-17 21:34:08 UTC] SKIP       docs/speaking/topics/p1f-reading.html  (1 tag(s) present)
[2026-08-17 21:34:08 UTC] SKIP       docs/speaking/topics/p1f-scenery.html  (1 tag(s) present)
[2026-08-17 21:34:08 UTC] SKIP       docs/speaking/topics/p1f-science.html  (1 tag(s) present)
[2026-08-17 21:34:08 UTC] SKIP       docs/speaking/topics/p1f-shopping.html  (1 tag(s) present)
[2026-08-17 21:34:08 UTC] SKIP       docs/speaking/topics/p1f-singing.html  (1 tag(s) present)
[2026-08-17 21:34:08 UTC] SKIP       docs/speaking/topics/p1f-social-media.html  (1 tag(s) present)
[2026-08-17 21:34:08 UTC] SKIP       docs/speaking/topics/p1f-sports-team.html  (1 tag(s) present)
[2026-08-17 21:34:08 UTC] SKIP       docs/speaking/topics/p1f-teachers.html  (1 tag(s) present)
[2026-08-17 21:34:08 UTC] SKIP       docs/speaking/topics/p1f-tidiness.html  (1 tag(s) present)
[2026-08-17 21:34:08 UTC] SKIP       docs/speaking/topics/p1f-typing.html  (1 tag(s) present)
[2026-08-17 21:34:08 UTC] SKIP       docs/speaking/topics/p1f-views.html  (1 tag(s) present)
[2026-08-17 21:34:08 UTC] SKIP       docs/speaking/topics/p1f-walking.html  (1 tag(s) present)
[2026-08-17 21:34:08 UTC] SKIP       docs/speaking/topics/p1f-watch.html  (1 tag(s) present)
[2026-08-17 21:34:08 UTC] SKIP       docs/speaking/topics/p1f-websites.html  (1 tag(s) present)
[2026-08-17 21:34:08 UTC] SKIP       docs/speaking/topics/p23-advice.html  (1 tag(s) present)
[2026-08-17 21:34:08 UTC] SKIP       docs/speaking/topics/p23-app.html  (1 tag(s) present)
[2026-08-17 21:34:08 UTC] SKIP       docs/speaking/topics/p23-bad-music.html  (1 tag(s) present)
[2026-08-17 21:34:08 UTC] SKIP       docs/speaking/topics/p23-boring.html  (1 tag(s) present)
[2026-08-17 21:34:08 UTC] SKIP       docs/speaking/topics/p23-business.html  (1 tag(s) present)
[2026-08-17 21:34:08 UTC] SKIP       docs/speaking/topics/p23-changed-plan.html  (1 tag(s) present)
[2026-08-17 21:34:08 UTC] SKIP       docs/speaking/topics/p23-child-art.html  (1 tag(s) present)
[2026-08-17 21:34:08 UTC] SKIP       docs/speaking/topics/p23-child-friend.html  (1 tag(s) present)
[2026-08-17 21:34:08 UTC] SKIP       docs/speaking/topics/p23-decision.html  (1 tag(s) present)
[2026-08-17 21:34:08 UTC] SKIP       docs/speaking/topics/p23-early.html  (1 tag(s) present)
[2026-08-17 21:34:08 UTC] SKIP       docs/speaking/topics/p23-encourage.html  (1 tag(s) present)
[2026-08-17 21:34:08 UTC] SKIP       docs/speaking/topics/p23-famous-city.html  (1 tag(s) present)
[2026-08-17 21:34:08 UTC] SKIP       docs/speaking/topics/p23-famous.html  (1 tag(s) present)
[2026-08-17 21:34:08 UTC] SKIP       docs/speaking/topics/p23-fav-city.html  (1 tag(s) present)
[2026-08-17 21:34:08 UTC] SKIP       docs/speaking/topics/p23-foreign-job.html  (1 tag(s) present)
[2026-08-17 21:34:08 UTC] SKIP       docs/speaking/topics/p23-group.html  (1 tag(s) present)
[2026-08-17 21:34:08 UTC] SKIP       docs/speaking/topics/p23-heirloom.html  (1 tag(s) present)
[2026-08-17 21:34:08 UTC] SKIP       docs/speaking/topics/p23-helper.html  (1 tag(s) present)
[2026-08-17 21:34:08 UTC] SKIP       docs/speaking/topics/p23-imagination.html  (1 tag(s) present)
[2026-08-17 21:34:08 UTC] SKIP       docs/speaking/topics/p23-interest-bldg.html  (1 tag(s) present)
[2026-08-17 21:34:08 UTC] SKIP       docs/speaking/topics/p23-law.html  (1 tag(s) present)
[2026-08-17 21:34:08 UTC] SKIP       docs/speaking/topics/p23-medical.html  (1 tag(s) present)
[2026-08-17 21:34:08 UTC] SKIP       docs/speaking/topics/p23-movie.html  (1 tag(s) present)
[2026-08-17 21:34:08 UTC] SKIP       docs/speaking/topics/p23-nanning.html  (1 tag(s) present)
[2026-08-17 21:34:08 UTC] SKIP       docs/speaking/topics/p23-nature.html  (1 tag(s) present)
[2026-08-17 21:34:08 UTC] SKIP       docs/speaking/topics/p23-no-phone.html  (1 tag(s) present)
[2026-08-17 21:34:08 UTC] SKIP       docs/speaking/topics/p23-overspent.html  (1 tag(s) present)
[2026-08-17 21:34:08 UTC] SKIP       docs/speaking/topics/p23-perfect-job.html  (1 tag(s) present)
[2026-08-17 21:34:08 UTC] SKIP       docs/speaking/topics/p23-planning.html  (1 tag(s) present)
[2026-08-17 21:34:08 UTC] SKIP       docs/speaking/topics/p23-plants.html  (1 tag(s) present)
[2026-08-17 21:34:08 UTC] SKIP       docs/speaking/topics/p23-proud.html  (1 tag(s) present)
[2026-08-17 21:34:08 UTC] SKIP       docs/speaking/topics/p23-self-learn.html  (1 tag(s) present)
[2026-08-17 21:34:08 UTC] SKIP       docs/speaking/topics/p23-smart.html  (1 tag(s) present)
[2026-08-17 21:34:08 UTC] SKIP       docs/speaking/topics/p23-smiling.html  (1 tag(s) present)
[2026-08-17 21:34:08 UTC] SKIP       docs/speaking/topics/p23-sports.html  (1 tag(s) present)
[2026-08-17 21:34:08 UTC] SKIP       docs/speaking/topics/p23-tall.html  (1 tag(s) present)
[2026-08-17 21:34:08 UTC] SKIP       docs/speaking/topics/p23-tech.html  (1 tag(s) present)
[2026-08-17 21:34:08 UTC] SKIP       docs/speaking/topics/p23-vehicle.html  (1 tag(s) present)
[2026-08-17 21:34:08 UTC] SKIP       docs/speaking/topics/p23-video.html  (1 tag(s) present)
[2026-08-17 21:34:08 UTC] SKIP       docs/writing/index.html  (1 tag(s) present)
[2026-08-17 21:34:08 UTC] SKIP       docs/speaking/index.html  (1 tag(s) present)
[2026-08-17 21:34:08 UTC] SUMMARY inject: 0 modified, 365 skipped, 0 errors, 365 total
[2026-08-17 21:36:09 UTC] === drift-check ===
[2026-08-17 21:36:09 UTC] DRIFT-CHECK: 365/365 OK, 0 missing, 0 unreadable
[2026-08-17 21:38:06 UTC] === drift-check ===
[2026-08-17 21:38:06 UTC] DRIFT-CHECK: 365/365 OK, 0 missing, 0 unreadable
[2026-08-17 21:38:06 UTC] === inject ===
[2026-08-17 21:38:06 UTC] SKIP       docs/writing/task1/01-table-universities-ranked.html  (2 tag(s) present)
[2026-08-17 21:38:06 UTC] SKIP       docs/writing/task1/02-pie-meal-nutrients.html  (2 tag(s) present)
[2026-08-17 21:38:06 UTC] SKIP       docs/writing/task1/03-bar-electricity.html  (2 tag(s) present)
[2026-08-17 21:38:06 UTC] SKIP       docs/writing/task1/04-bar-physical-activity.html  (2 tag(s) present)
[2026-08-17 21:38:06 UTC] SKIP       docs/writing/task1/05-mixed-graph.html  (2 tag(s) present)
[2026-08-17 21:38:06 UTC] SKIP       docs/writing/task1/06-process-rain-shadow-desert.html  (2 tag(s) present)
[2026-08-17 21:38:06 UTC] SKIP       docs/writing/task1/07-process-plastic-recycling.html  (2 tag(s) present)
[2026-08-17 21:38:06 UTC] SKIP       docs/writing/task1/08-process-cement-making.html  (2 tag(s) present)
[2026-08-17 21:38:06 UTC] SKIP       docs/writing/task1/09-mixed-library-survey.html  (2 tag(s) present)
[2026-08-17 21:38:06 UTC] SKIP       docs/writing/task1/10-dynamic-caribbean-tourists.html  (2 tag(s) present)
[2026-08-17 21:38:06 UTC] SKIP       docs/writing/task1/11-dynamic-melbourne-activities.html  (2 tag(s) present)
[2026-08-17 21:38:06 UTC] SKIP       docs/writing/task1/12-dynamic-asian-cities.html  (2 tag(s) present)
[2026-08-17 21:38:06 UTC] SKIP       docs/writing/task1/13-static-uk-school-spending.html  (2 tag(s) present)
[2026-08-17 21:38:06 UTC] SKIP       docs/writing/task2/01-agree-disagree-history-vs-business.html  (2 tag(s) present)
[2026-08-17 21:38:06 UTC] SKIP       docs/writing/task2/02-discuss-both-views-employment-skills.html  (2 tag(s) present)
[2026-08-17 21:38:06 UTC] SKIP       docs/writing/task2/03-positive-negative-children-freedom.html  (2 tag(s) present)
[2026-08-17 21:38:06 UTC] SKIP       docs/writing/task2/04-opinion-teachers-morality.html  (2 tag(s) present)
[2026-08-17 21:38:06 UTC] SKIP       docs/writing/task2/043-1-1-agree-disagree.html  (2 tag(s) present)
[2026-08-17 21:38:06 UTC] SKIP       docs/writing/task2/044-1-1-discuss-both-views.html  (2 tag(s) present)
[2026-08-17 21:38:06 UTC] SKIP       docs/writing/task2/045-1-1-agree-disagree.html  (2 tag(s) present)
[2026-08-17 21:38:06 UTC] SKIP       docs/writing/task2/046-1-1-agree-disagree.html  (2 tag(s) present)
[2026-08-17 21:38:06 UTC] SKIP       docs/writing/task2/047-1-1-discuss-both-views.html  (2 tag(s) present)
[2026-08-17 21:38:06 UTC] SKIP       docs/writing/task2/048-1-1-discuss-both-views.html  (2 tag(s) present)
[2026-08-17 21:38:06 UTC] SKIP       docs/writing/task2/049-1-1-agree-disagree.html  (2 tag(s) present)
[2026-08-17 21:38:06 UTC] SKIP       docs/writing/task2/05-two-questions-environment.html  (2 tag(s) present)
[2026-08-17 21:38:06 UTC] SKIP       docs/writing/task2/050-1-2-positive-negative.html  (2 tag(s) present)
[2026-08-17 21:38:06 UTC] SKIP       docs/writing/task2/051-1-2-discuss-both-views.html  (2 tag(s) present)
[2026-08-17 21:38:06 UTC] SKIP       docs/writing/task2/052-1-2-agree-disagree.html  (2 tag(s) present)
[2026-08-17 21:38:06 UTC] SKIP       docs/writing/task2/053-1-2-discuss-both-views.html  (2 tag(s) present)
[2026-08-17 21:44:41 UTC] === drift-check ===
[2026-08-17 21:44:41 UTC] DRIFT-CHECK: 365/365 OK, 0 missing, 0 unreadable
[2026-08-17 21:46:10 UTC] === drift-check ===
[2026-08-17 21:46:10 UTC] DRIFT-CHECK: 365/365 OK, 0 missing, 0 unreadable
[2026-08-17 21:46:10 UTC] === inject ===
[2026-08-17 21:46:10 UTC] SKIP       docs/writing/task1/01-table-universities-ranked.html  (2 tag(s) present)
[2026-08-17 21:46:10 UTC] SKIP       docs/writing/task1/02-pie-meal-nutrients.html  (2 tag(s) present)
[2026-08-17 21:46:10 UTC] SKIP       docs/writing/task1/03-bar-electricity.html  (2 tag(s) present)
[2026-08-17 21:46:10 UTC] SKIP       docs/writing/task1/04-bar-physical-activity.html  (2 tag(s) present)
[2026-08-17 21:46:10 UTC] SKIP       docs/writing/task1/05-mixed-graph.html  (2 tag(s) present)
[2026-08-17 21:46:10 UTC] SKIP       docs/writing/task1/06-process-rain-shadow-desert.html  (2 tag(s) present)
[2026-08-17 21:46:10 UTC] SKIP       docs/writing/task1/07-process-plastic-recycling.html  (2 tag(s) present)
[2026-08-17 21:46:10 UTC] SKIP       docs/writing/task1/08-process-cement-making.html  (2 tag(s) present)
[2026-08-17 21:46:10 UTC] SKIP       docs/writing/task1/09-mixed-library-survey.html  (2 tag(s) present)
[2026-08-17 21:46:10 UTC] SKIP       docs/writing/task1/10-dynamic-caribbean-tourists.html  (2 tag(s) present)
[2026-08-17 21:46:10 UTC] SKIP       docs/writing/task1/11-dynamic-melbourne-activities.html  (2 tag(s) present)
[2026-08-17 21:46:10 UTC] SKIP       docs/writing/task1/12-dynamic-asian-cities.html  (2 tag(s) present)
[2026-08-17 21:46:10 UTC] SKIP       docs/writing/task1/13-static-uk-school-spending.html  (2 tag(s) present)
[2026-08-17 21:46:10 UTC] SKIP       docs/writing/task2/01-agree-disagree-history-vs-business.html  (2 tag(s) present)
[2026-08-17 21:46:10 UTC] SKIP       docs/writing/task2/02-discuss-both-views-employment-skills.html  (2 tag(s) present)
[2026-08-17 21:46:10 UTC] SKIP       docs/writing/task2/03-positive-negative-children-freedom.html  (2 tag(s) present)
[2026-08-17 21:46:10 UTC] SKIP       docs/writing/task2/04-opinion-teachers-morality.html  (2 tag(s) present)
[2026-08-17 21:46:10 UTC] SKIP       docs/writing/task2/043-1-1-agree-disagree.html  (2 tag(s) present)
[2026-08-17 21:46:10 UTC] SKIP       docs/writing/task2/044-1-1-discuss-both-views.html  (2 tag(s) present)
[2026-08-17 21:46:10 UTC] SKIP       docs/writing/task2/045-1-1-agree-disagree.html  (2 tag(s) present)
[2026-08-17 21:46:10 UTC] SKIP       docs/writing/task2/046-1-1-agree-disagree.html  (2 tag(s) present)
[2026-08-17 21:46:10 UTC] SKIP       docs/writing/task2/047-1-1-discuss-both-views.html  (2 tag(s) present)
[2026-08-17 21:46:10 UTC] SKIP       docs/writing/task2/048-1-1-discuss-both-views.html  (2 tag(s) present)
[2026-08-17 21:46:10 UTC] SKIP       docs/writing/task2/049-1-1-agree-disagree.html  (2 tag(s) present)
[2026-08-17 21:46:10 UTC] SKIP       docs/writing/task2/05-two-questions-environment.html  (2 tag(s) present)
[2026-08-17 21:46:10 UTC] SKIP       docs/writing/task2/050-1-2-positive-negative.html  (2 tag(s) present)
[2026-08-17 21:46:10 UTC] SKIP       docs/writing/task2/051-1-2-discuss-both-views.html  (2 tag(s) present)
[2026-08-17 21:46:10 UTC] SKIP       docs/writing/task2/052-1-2-agree-disagree.html  (2 tag(s) present)
[2026-08-17 21:46:10 UTC] SKIP       docs/writing/task2/053-1-2-discuss-both-views.html  (2 tag(s) present)
[2026-08-17 21:46:10 UTC] SKIP       docs/writing/task2/054-1-2-agree-disagree.html  (2 tag(s) present)
[2026-08-17 21:46:10 UTC] SKIP       docs/writing/task2/055-1-2-agree-disagree.html  (2 tag(s) present)
[2026-08-17 21:46:10 UTC] SKIP       docs/writing/task2/056-1-2-agree-disagree.html  (2 tag(s) present)
[2026-08-17 21:46:10 UTC] SKIP       docs/writing/task2/057-1-2-agree-disagree.html  (2 tag(s) present)
[2026-08-17 21:46:10 UTC] SKIP       docs/writing/task2/058-1-2-discuss-both-views.html  (2 tag(s) present)
[2026-08-17 21:46:10 UTC] SKIP       docs/writing/task2/059-1-2-discuss-both-views.html  (2 tag(s) present)
[2026-08-17 21:46:10 UTC] SKIP       docs/writing/task2/06-26-env-solutions.html  (2 tag(s) present)
[2026-08-17 21:46:10 UTC] SKIP       docs/writing/task2/060-1-3-agree-disagree.html  (2 tag(s) present)
[2026-08-17 21:46:10 UTC] SKIP       docs/writing/task2/061-1-4-discuss-both-views.html  (2 tag(s) present)
[2026-08-17 21:46:10 UTC] SKIP       docs/writing/task2/062-1-4-discuss-both-views.html  (2 tag(s) present)
[2026-08-17 21:46:10 UTC] SKIP       docs/writing/task2/063-1-4-discuss-both-views.html  (2 tag(s) present)
[2026-08-17 21:46:10 UTC] SKIP       docs/writing/task2/064-1-5-discuss-both-views.html  (2 tag(s) present)
[2026-08-17 21:46:10 UTC] SKIP       docs/writing/task2/065-1-5-discuss-both-views.html  (2 tag(s) present)
[2026-08-17 21:46:10 UTC] SKIP       docs/writing/task2/066-1-6-agree-disagree.html  (2 tag(s) present)
[2026-08-17 21:46:10 UTC] SKIP       docs/writing/task2/067-1-6-agree-disagree.html  (2 tag(s) present)
[2026-08-17 21:46:10 UTC] SKIP       docs/writing/task2/068-1-6-advantage-disadvantage.html  (2 tag(s) present)
[2026-08-17 21:46:10 UTC] SKIP       docs/writing/task2/069-1-6-agree-disagree.html  (2 tag(s) present)
[2026-08-17 21:46:10 UTC] SKIP       docs/writing/task2/07-01-lang-learning.html  (2 tag(s) present)
[2026-08-17 21:46:10 UTC] SKIP       docs/writing/task2/070-1-6-agree-disagree.html  (2 tag(s) present)
[2026-08-17 21:46:10 UTC] SKIP       docs/writing/task2/071-1-6-two-questions.html  (2 tag(s) present)
[2026-08-17 21:46:10 UTC] SKIP       docs/writing/task2/072-1-6-two-questions.html  (2 tag(s) present)
[2026-08-17 21:46:10 UTC] SKIP       docs/writing/task2/073-1-7-agree-disagree.html  (2 tag(s) present)
[2026-08-17 21:46:10 UTC] SKIP       docs/writing/task2/074-1-7-advantage-disadvantage.html  (2 tag(s) present)
[2026-08-17 21:46:10 UTC] SKIP       docs/writing/task2/075-1-7-agree-disagree.html  (2 tag(s) present)
[2026-08-17 21:46:10 UTC] SKIP       docs/writing/task2/076-1-8-problem-solution.html  (2 tag(s) present)
[2026-08-17 21:46:10 UTC] SKIP       docs/writing/task2/077-1-8-problem-solution.html  (2 tag(s) present)
[2026-08-17 21:46:10 UTC] SKIP       docs/writing/task2/078-1-8-two-questions.html  (2 tag(s) present)
[2026-08-17 21:46:10 UTC] SKIP       docs/writing/task2/079-2-1-single-question.html  (2 tag(s) present)
[2026-08-17 21:46:10 UTC] SKIP       docs/writing/task2/08-04-education-target.html  (2 tag(s) present)
[2026-08-17 21:46:10 UTC] SKIP       docs/writing/task2/080-2-1-advantage-disadvantage.html  (2 tag(s) present)
[2026-08-17 21:46:10 UTC] SKIP       docs/writing/task2/081-2-1-agree-disagree.html  (2 tag(s) present)
[2026-08-17 21:46:10 UTC] SKIP       docs/writing/task2/082-2-1-agree-disagree.html  (2 tag(s) present)
[2026-08-17 21:46:10 UTC] SKIP       docs/writing/task2/083-2-1-discuss-both-views.html  (2 tag(s) present)
[2026-08-17 21:46:10 UTC] SKIP       docs/writing/task2/084-2-1-agree-disagree.html  (2 tag(s) present)
[2026-08-17 21:46:10 UTC] SKIP       docs/writing/task2/085-2-2-agree-disagree.html  (2 tag(s) present)
[2026-08-17 21:46:10 UTC] SKIP       docs/writing/task2/086-2-2-agree-disagree.html  (2 tag(s) present)
[2026-08-17 21:46:10 UTC] SKIP       docs/writing/task2/087-2-2-agree-disagree.html  (2 tag(s) present)
[2026-08-17 21:46:10 UTC] SKIP       docs/writing/task2/088-2-2-positive-negative.html  (2 tag(s) present)
[2026-08-17 21:46:10 UTC] SKIP       docs/writing/task2/089-2-2-agree-disagree.html  (2 tag(s) present)
[2026-08-17 21:46:10 UTC] SKIP       docs/writing/task2/09-05-education-phenomenon.html  (2 tag(s) present)
[2026-08-17 21:46:10 UTC] SKIP       docs/writing/task2/090-2-3-agree-disagree.html  (2 tag(s) present)
[2026-08-17 21:46:10 UTC] SKIP       docs/writing/task2/091-2-3-agree-disagree.html  (2 tag(s) present)
[2026-08-17 21:46:10 UTC] SKIP       docs/writing/task2/092-2-3-agree-disagree.html  (2 tag(s) present)
[2026-08-17 21:46:10 UTC] SKIP       docs/writing/task2/093-2-3-agree-disagree.html  (2 tag(s) present)
[2026-08-17 21:46:10 UTC] SKIP       docs/writing/task2/094-2-4-agree-disagree.html  (2 tag(s) present)
[2026-08-17 21:46:10 UTC] SKIP       docs/writing/task2/095-2-5-problem-solution.html  (2 tag(s) present)
[2026-08-17 21:46:10 UTC] SKIP       docs/writing/task2/096-3-1-discuss-both-views.html  (2 tag(s) present)
[2026-08-17 21:46:10 UTC] SKIP       docs/writing/task2/097-3-1-agree-disagree.html  (2 tag(s) present)
[2026-08-17 21:46:10 UTC] SKIP       docs/writing/task2/098-3-1-agree-disagree.html  (2 tag(s) present)
[2026-08-17 21:46:10 UTC] SKIP       docs/writing/task2/099-3-1-positive-negative.html  (2 tag(s) present)
[2026-08-17 21:46:10 UTC] SKIP       docs/writing/task2/10-06-job-choice.html  (2 tag(s) present)
[2026-08-17 21:46:10 UTC] SKIP       docs/writing/task2/100-3-1-advantage-disadvantage.html  (2 tag(s) present)
[2026-08-17 21:46:10 UTC] SKIP       docs/writing/task2/101-3-1-advantage-disadvantage.html  (2 tag(s) present)
[2026-08-17 21:46:10 UTC] SKIP       docs/writing/task2/102-3-1-advantage-disadvantage.html  (2 tag(s) present)
[2026-08-17 21:46:10 UTC] SKIP       docs/writing/task2/103-3-1-advantage-disadvantage.html  (2 tag(s) present)
[2026-08-17 21:46:10 UTC] SKIP       docs/writing/task2/104-3-2-agree-disagree.html  (2 tag(s) present)
[2026-08-17 21:46:10 UTC] SKIP       docs/writing/task2/105-3-2-problem-solution.html  (2 tag(s) present)
[2026-08-17 21:46:10 UTC] SKIP       docs/writing/task2/106-3-2-agree-disagree.html  (2 tag(s) present)
[2026-08-17 21:46:10 UTC] SKIP       docs/writing/task2/107-3-2-discuss-both-views.html  (2 tag(s) present)
[2026-08-17 21:46:10 UTC] SKIP       docs/writing/task2/108-3-2-agree-disagree.html  (2 tag(s) present)
[2026-08-17 21:46:10 UTC] SKIP       docs/writing/task2/109-3-2-agree-disagree.html  (2 tag(s) present)
[2026-08-17 21:46:10 UTC] SKIP       docs/writing/task2/11-07-personal-skill.html  (2 tag(s) present)
[2026-08-17 21:46:10 UTC] SKIP       docs/writing/task2/110-3-2-discuss-both-views.html  (2 tag(s) present)
[2026-08-17 21:46:10 UTC] SKIP       docs/writing/task2/111-3-2-agree-disagree.html  (2 tag(s) present)
[2026-08-17 21:46:10 UTC] SKIP       docs/writing/task2/112-3-2-agree-disagree.html  (2 tag(s) present)
[2026-08-17 21:46:10 UTC] SKIP       docs/writing/task2/113-3-2-advantage-disadvantage.html  (2 tag(s) present)
[2026-08-17 21:46:10 UTC] SKIP       docs/writing/task2/114-3-2-discuss-both-views.html  (2 tag(s) present)
[2026-08-17 21:46:10 UTC] SKIP       docs/writing/task2/115-3-2-problem-solution.html  (2 tag(s) present)
[2026-08-17 21:46:10 UTC] SKIP       docs/writing/task2/116-3-2-agree-disagree.html  (2 tag(s) present)
[2026-08-17 21:46:10 UTC] SKIP       docs/writing/task2/117-3-2-discuss-both-views.html  (2 tag(s) present)
[2026-08-17 21:46:10 UTC] SKIP       docs/writing/task2/118-3-2-discuss-both-views.html  (2 tag(s) present)
[2026-08-17 21:46:10 UTC] SKIP       docs/writing/task2/119-3-2-agree-disagree.html  (2 tag(s) present)
[2026-08-17 21:46:10 UTC] SKIP       docs/writing/task2/12-08-work-env.html  (2 tag(s) present)
[2026-08-17 21:46:10 UTC] SKIP       docs/writing/task2/120-3-4-agree-disagree.html  (2 tag(s) present)
[2026-08-17 21:46:10 UTC] SKIP       docs/writing/task2/121-3-4-agree-disagree.html  (2 tag(s) present)
[2026-08-17 21:46:10 UTC] SKIP       docs/writing/task2/122-3-3-two-questions.html  (2 tag(s) present)
[2026-08-17 21:46:10 UTC] SKIP       docs/writing/task2/123-3-3-positive-negative.html  (2 tag(s) present)
[2026-08-17 21:46:10 UTC] SKIP       docs/writing/task2/124-3-3-problem-solution.html  (2 tag(s) present)
[2026-08-17 21:46:10 UTC] SKIP       docs/writing/task2/125-3-3-problem-solution.html  (2 tag(s) present)
[2026-08-17 21:46:10 UTC] SKIP       docs/writing/task2/126-3-3-two-questions.html  (2 tag(s) present)
[2026-08-17 21:46:10 UTC] SKIP       docs/writing/task2/127-3-3-advantage-disadvantage.html  (2 tag(s) present)
[2026-08-17 21:46:10 UTC] SKIP       docs/writing/task2/128-3-4-agree-disagree.html  (2 tag(s) present)
[2026-08-17 21:46:10 UTC] SKIP       docs/writing/task2/129-3-4-problem-solution.html  (2 tag(s) present)
[2026-08-17 21:46:10 UTC] SKIP       docs/writing/task2/13-09-job-types.html  (2 tag(s) present)
[2026-08-17 21:46:10 UTC] SKIP       docs/writing/task2/130-3-4-agree-disagree.html  (2 tag(s) present)
[2026-08-17 21:46:10 UTC] SKIP       docs/writing/task2/131-3-4-agree-disagree.html  (2 tag(s) present)
[2026-08-17 21:46:10 UTC] SKIP       docs/writing/task2/132-3-4-advantage-disadvantage.html  (2 tag(s) present)
[2026-08-17 21:46:10 UTC] SKIP       docs/writing/task2/133-3-4-advantage-disadvantage.html  (2 tag(s) present)
[2026-08-17 21:46:10 UTC] SKIP       docs/writing/task2/134-3-4-two-questions.html  (2 tag(s) present)
[2026-08-17 21:46:10 UTC] SKIP       docs/writing/task2/135-3-4-two-questions.html  (2 tag(s) present)
[2026-08-17 21:46:10 UTC] SKIP       docs/writing/task2/136-3-4-agree-disagree.html  (2 tag(s) present)
[2026-08-17 21:46:10 UTC] SKIP       docs/writing/task2/137-3-4-two-questions.html  (2 tag(s) present)
[2026-08-17 21:46:10 UTC] SKIP       docs/writing/task2/138-3-5-agree-disagree.html  (2 tag(s) present)
[2026-08-17 21:46:10 UTC] SKIP       docs/writing/task2/139-3-5-discuss-both-views.html  (2 tag(s) present)
[2026-08-17 21:46:10 UTC] SKIP       docs/writing/task2/14-10-work-life-balance.html  (2 tag(s) present)
[2026-08-17 21:46:10 UTC] SKIP       docs/writing/task2/140-3-5-discuss-both-views.html  (2 tag(s) present)
[2026-08-17 21:46:10 UTC] SKIP       docs/writing/task2/141-3-5-agree-disagree.html  (2 tag(s) present)
[2026-08-17 21:46:10 UTC] SKIP       docs/writing/task2/142-3-5-problem-solution.html  (2 tag(s) present)
[2026-08-17 21:46:10 UTC] SKIP       docs/writing/task2/143-3-5-discuss-both-views.html  (2 tag(s) present)
[2026-08-17 21:46:10 UTC] SKIP       docs/writing/task2/144-3-5-agree-disagree.html  (2 tag(s) present)
[2026-08-17 21:46:10 UTC] SKIP       docs/writing/task2/145-3-5-discuss-both-views.html  (2 tag(s) present)
[2026-08-17 21:46:10 UTC] SKIP       docs/writing/task2/146-3-5-discuss-both-views.html  (2 tag(s) present)
[2026-08-17 21:46:10 UTC] SKIP       docs/writing/task2/147-3-5-problem-solution.html  (2 tag(s) present)
[2026-08-17 21:46:10 UTC] SKIP       docs/writing/task2/148-3-5-discuss-both-views.html  (2 tag(s) present)
[2026-08-17 21:46:10 UTC] SKIP       docs/writing/task2/149-3-5-discuss-both-views.html  (2 tag(s) present)
[2026-08-17 21:46:10 UTC] SKIP       docs/writing/task2/15-11-urbanisation.html  (2 tag(s) present)
[2026-08-17 21:46:10 UTC] SKIP       docs/writing/task2/150-3-5-agree-disagree.html  (2 tag(s) present)
[2026-08-17 21:46:10 UTC] SKIP       docs/writing/task2/151-3-5-discuss-both-views.html  (2 tag(s) present)
[2026-08-17 21:46:10 UTC] SKIP       docs/writing/task2/152-3-5-advantage-disadvantage.html  (2 tag(s) present)
[2026-08-17 21:46:10 UTC] SKIP       docs/writing/task2/153-3-5-opinion.html  (2 tag(s) present)
[2026-08-17 21:46:10 UTC] SKIP       docs/writing/task2/154-3-5-agree-disagree.html  (2 tag(s) present)
[2026-08-17 21:46:10 UTC] SKIP       docs/writing/task2/155-3-6-problem-solution.html  (2 tag(s) present)
[2026-08-17 21:46:10 UTC] SKIP       docs/writing/task2/156-3-6-problem-solution.html  (2 tag(s) present)
[2026-08-17 21:46:10 UTC] SKIP       docs/writing/task2/157-3-6-problem-solution.html  (2 tag(s) present)
[2026-08-17 21:46:10 UTC] SKIP       docs/writing/task2/158-3-6-problem-solution.html  (2 tag(s) present)
[2026-08-17 21:46:10 UTC] SKIP       docs/writing/task2/159-3-6-problem-solution.html  (2 tag(s) present)
[2026-08-17 21:46:10 UTC] SKIP       docs/writing/task2/16-12-culture.html  (2 tag(s) present)
[2026-08-17 21:46:10 UTC] SKIP       docs/writing/task2/160-3-6-problem-solution.html  (2 tag(s) present)
[2026-08-17 21:46:10 UTC] SKIP       docs/writing/task2/161-3-6-problem-solution.html  (2 tag(s) present)
[2026-08-17 21:46:10 UTC] SKIP       docs/writing/task2/162-3-6-problem-solution.html  (2 tag(s) present)
[2026-08-17 21:46:10 UTC] SKIP       docs/writing/task2/163-3-6-two-questions.html  (2 tag(s) present)
[2026-08-17 21:46:10 UTC] SKIP       docs/writing/task2/164-3-6-problem-solution.html  (2 tag(s) present)
[2026-08-17 21:46:10 UTC] SKIP       docs/writing/task2/165-3-6-problem-solution.html  (2 tag(s) present)
[2026-08-17 21:46:10 UTC] SKIP       docs/writing/task2/166-3-6-two-questions.html  (2 tag(s) present)
[2026-08-17 21:46:10 UTC] SKIP       docs/writing/task2/167-3-6-two-questions.html  (2 tag(s) present)
[2026-08-17 21:46:10 UTC] SKIP       docs/writing/task2/168-3-6-problem-solution.html  (2 tag(s) present)
[2026-08-17 21:46:10 UTC] SKIP       docs/writing/task2/169-3-6-problem-solution.html  (2 tag(s) present)
[2026-08-17 21:46:10 UTC] SKIP       docs/writing/task2/17-13-ageing.html  (2 tag(s) present)
[2026-08-17 21:46:10 UTC] SKIP       docs/writing/task2/170-3-7-positive-negative.html  (2 tag(s) present)
[2026-08-17 21:46:10 UTC] SKIP       docs/writing/task2/171-3-8-agree-disagree.html  (2 tag(s) present)
[2026-08-17 21:46:10 UTC] SKIP       docs/writing/task2/172-3-8-advantage-disadvantage.html  (2 tag(s) present)
[2026-08-17 21:46:10 UTC] SKIP       docs/writing/task2/173-3-8-advantage-disadvantage.html  (2 tag(s) present)
[2026-08-17 21:46:10 UTC] SKIP       docs/writing/task2/174-3-8-agree-disagree.html  (2 tag(s) present)
[2026-08-17 21:46:10 UTC] SKIP       docs/writing/task2/175-3-9-agree-disagree.html  (2 tag(s) present)
[2026-08-17 21:46:10 UTC] SKIP       docs/writing/task2/176-3-10-agree-disagree.html  (2 tag(s) present)
[2026-08-17 21:46:10 UTC] SKIP       docs/writing/task2/177-4-1-agree-disagree.html  (2 tag(s) present)
[2026-08-17 21:46:10 UTC] SKIP       docs/writing/task2/178-4-1-agree-disagree.html  (2 tag(s) present)
[2026-08-17 21:46:10 UTC] SKIP       docs/writing/task2/179-4-1-discuss-both-views.html  (2 tag(s) present)
[2026-08-17 21:46:10 UTC] SKIP       docs/writing/task2/18-14-transport.html  (2 tag(s) present)
[2026-08-17 21:46:10 UTC] SKIP       docs/writing/task2/180-4-1-agree-disagree.html  (2 tag(s) present)
[2026-08-17 21:46:10 UTC] SKIP       docs/writing/task2/181-4-2-problem-solution.html  (2 tag(s) present)
[2026-08-17 21:46:10 UTC] SKIP       docs/writing/task2/182-4-3-problem-solution.html  (2 tag(s) present)
[2026-08-17 21:46:10 UTC] SKIP       docs/writing/task2/183-4-3-agree-disagree.html  (2 tag(s) present)
[2026-08-17 21:46:10 UTC] SKIP       docs/writing/task2/184-4-4-problem-solution.html  (2 tag(s) present)
[2026-08-17 21:46:10 UTC] SKIP       docs/writing/task2/185-4-4-problem-solution.html  (2 tag(s) present)
[2026-08-17 21:46:10 UTC] SKIP       docs/writing/task2/186-4-4-advantage-disadvantage.html  (2 tag(s) present)
[2026-08-17 21:46:10 UTC] SKIP       docs/writing/task2/187-4-4-discuss-both-views.html  (2 tag(s) present)
[2026-08-17 21:46:10 UTC] SKIP       docs/writing/task2/188-4-4-agree-disagree.html  (2 tag(s) present)
[2026-08-17 21:46:10 UTC] SKIP       docs/writing/task2/189-4-4-advantage-disadvantage.html  (2 tag(s) present)
[2026-08-17 21:46:10 UTC] SKIP       docs/writing/task2/19-15-values-compare.html  (2 tag(s) present)
[2026-08-17 21:46:10 UTC] SKIP       docs/writing/task2/190-4-5-problem-solution.html  (2 tag(s) present)
[2026-08-17 21:46:10 UTC] SKIP       docs/writing/task2/191-4-6-problem-solution.html  (2 tag(s) present)
[2026-08-17 21:46:10 UTC] SKIP       docs/writing/task2/192-4-6-two-questions.html  (2 tag(s) present)
[2026-08-17 21:46:10 UTC] SKIP       docs/writing/task2/193-4-7-agree-disagree.html  (2 tag(s) present)
[2026-08-17 21:46:10 UTC] SKIP       docs/writing/task2/194-4-7-discuss-both-views.html  (2 tag(s) present)
[2026-08-17 21:46:10 UTC] SKIP       docs/writing/task2/195-4-7-agree-disagree.html  (2 tag(s) present)
[2026-08-17 21:46:10 UTC] SKIP       docs/writing/task2/196-5-1-agree-disagree.html  (2 tag(s) present)
[2026-08-17 21:46:10 UTC] SKIP       docs/writing/task2/197-5-1-agree-disagree.html  (2 tag(s) present)
[2026-08-17 21:46:10 UTC] SKIP       docs/writing/task2/198-5-1-agree-disagree.html  (2 tag(s) present)
[2026-08-17 21:46:10 UTC] SKIP       docs/writing/task2/199-5-1-agree-disagree.html  (2 tag(s) present)
[2026-08-17 21:46:10 UTC] SKIP       docs/writing/task2/20-16-social-phenomenon.html  (2 tag(s) present)
[2026-08-17 21:46:10 UTC] SKIP       docs/writing/task2/200-5-1-discuss-both-views.html  (2 tag(s) present)
[2026-08-17 21:46:10 UTC] SKIP       docs/writing/task2/201-5-1-discuss-both-views.html  (2 tag(s) present)
[2026-08-17 21:46:10 UTC] SKIP       docs/writing/task2/202-5-1-opinion.html  (2 tag(s) present)
[2026-08-17 21:46:10 UTC] SKIP       docs/writing/task2/203-5-1-agree-disagree.html  (2 tag(s) present)
[2026-08-17 21:46:10 UTC] SKIP       docs/writing/task2/204-5-1-agree-disagree.html  (2 tag(s) present)
[2026-08-17 21:46:10 UTC] SKIP       docs/writing/task2/205-5-1-agree-disagree.html  (2 tag(s) present)
[2026-08-17 21:46:10 UTC] SKIP       docs/writing/task2/206-5-1-positive-negative.html  (2 tag(s) present)
[2026-08-17 21:46:10 UTC] SKIP       docs/writing/task2/207-5-1-discuss-both-views.html  (2 tag(s) present)
[2026-08-17 21:46:10 UTC] SKIP       docs/writing/task2/208-5-1-advantage-disadvantage.html  (2 tag(s) present)
[2026-08-17 21:46:10 UTC] SKIP       docs/writing/task2/209-5-1-discuss-both-views.html  (2 tag(s) present)
[2026-08-17 21:46:10 UTC] SKIP       docs/writing/task2/21-17-privacy.html  (2 tag(s) present)
[2026-08-17 21:46:10 UTC] SKIP       docs/writing/task2/210-5-2-agree-disagree.html  (2 tag(s) present)
[2026-08-17 21:46:10 UTC] SKIP       docs/writing/task2/211-5-2-problem-solution.html  (2 tag(s) present)
[2026-08-17 21:46:10 UTC] SKIP       docs/writing/task2/212-5-2-agree-disagree.html  (2 tag(s) present)
[2026-08-17 21:46:10 UTC] SKIP       docs/writing/task2/213-5-2-problem-solution.html  (2 tag(s) present)
[2026-08-17 21:46:10 UTC] SKIP       docs/writing/task2/214-5-2-advantage-disadvantage.html  (2 tag(s) present)
[2026-08-17 21:46:10 UTC] SKIP       docs/writing/task2/215-5-2-agree-disagree.html  (2 tag(s) present)
[2026-08-17 21:46:10 UTC] SKIP       docs/writing/task2/216-6-1-agree-disagree.html  (2 tag(s) present)
[2026-08-17 21:46:10 UTC] SKIP       docs/writing/task2/217-6-1-discuss-both-views.html  (2 tag(s) present)
[2026-08-17 21:46:10 UTC] SKIP       docs/writing/task2/218-6-1-positive-negative.html  (2 tag(s) present)
[2026-08-17 21:46:10 UTC] SKIP       docs/writing/task2/219-6-1-advantage-disadvantage.html  (2 tag(s) present)
[2026-08-17 21:46:10 UTC] SKIP       docs/writing/task2/22-18-life-change.html  (2 tag(s) present)
[2026-08-17 21:46:10 UTC] SKIP       docs/writing/task2/220-6-1-advantage-disadvantage.html  (2 tag(s) present)
[2026-08-17 21:46:10 UTC] SKIP       docs/writing/task2/221-6-1-positive-negative.html  (2 tag(s) present)
[2026-08-17 21:46:10 UTC] SKIP       docs/writing/task2/222-6-1-agree-disagree.html  (2 tag(s) present)
[2026-08-17 21:46:10 UTC] SKIP       docs/writing/task2/223-6-1-agree-disagree.html  (2 tag(s) present)
[2026-08-17 21:46:10 UTC] SKIP       docs/writing/task2/224-6-1-discuss-both-views.html  (2 tag(s) present)
[2026-08-17 21:46:10 UTC] SKIP       docs/writing/task2/225-6-1-discuss-both-views.html  (2 tag(s) present)
[2026-08-17 21:46:10 UTC] SKIP       docs/writing/task2/226-6-1-agree-disagree.html  (2 tag(s) present)
[2026-08-17 21:46:10 UTC] SKIP       docs/writing/task2/227-6-1-discuss-both-views.html  (2 tag(s) present)
[2026-08-17 21:46:10 UTC] SKIP       docs/writing/task2/228-6-1-discuss-both-views.html  (2 tag(s) present)
[2026-08-17 21:46:10 UTC] SKIP       docs/writing/task2/229-6-1-agree-disagree.html  (2 tag(s) present)
[2026-08-17 21:46:10 UTC] SKIP       docs/writing/task2/23-19-gender.html  (2 tag(s) present)
[2026-08-17 21:46:10 UTC] SKIP       docs/writing/task2/230-6-1-discuss-both-views.html  (2 tag(s) present)
[2026-08-17 21:46:10 UTC] SKIP       docs/writing/task2/231-6-1-discuss-both-views.html  (2 tag(s) present)
[2026-08-17 21:46:10 UTC] SKIP       docs/writing/task2/232-6-1-agree-disagree.html  (2 tag(s) present)
[2026-08-17 21:46:10 UTC] SKIP       docs/writing/task2/233-6-1-two-questions.html  (2 tag(s) present)
[2026-08-17 21:46:10 UTC] SKIP       docs/writing/task2/234-6-2-discuss-both-views.html  (2 tag(s) present)
[2026-08-17 21:46:10 UTC] SKIP       docs/writing/task2/235-6-2-agree-disagree.html  (2 tag(s) present)
[2026-08-17 21:46:10 UTC] SKIP       docs/writing/task2/236-6-2-problem-solution.html  (2 tag(s) present)
[2026-08-17 21:46:10 UTC] SKIP       docs/writing/task2/237-6-2-discuss-both-views.html  (2 tag(s) present)
[2026-08-17 21:46:10 UTC] SKIP       docs/writing/task2/238-6-2-problem-solution.html  (2 tag(s) present)
[2026-08-17 21:46:10 UTC] SKIP       docs/writing/task2/239-7-1-problem-solution.html  (2 tag(s) present)
[2026-08-17 21:46:10 UTC] SKIP       docs/writing/task2/24-20-civility.html  (2 tag(s) present)
[2026-08-17 21:46:10 UTC] SKIP       docs/writing/task2/240-7-1-agree-disagree.html  (2 tag(s) present)
[2026-08-17 21:46:10 UTC] SKIP       docs/writing/task2/241-7-1-discuss-both-views.html  (2 tag(s) present)
[2026-08-17 21:46:10 UTC] SKIP       docs/writing/task2/242-7-1-agree-disagree.html  (2 tag(s) present)
[2026-08-17 21:46:10 UTC] SKIP       docs/writing/task2/243-7-1-agree-disagree.html  (2 tag(s) present)
[2026-08-17 21:46:10 UTC] SKIP       docs/writing/task2/244-8-1-agree-disagree.html  (2 tag(s) present)
[2026-08-17 21:46:10 UTC] SKIP       docs/writing/task2/245-8-1-positive-negative.html  (2 tag(s) present)
[2026-08-17 21:46:10 UTC] SKIP       docs/writing/task2/246-8-1-agree-disagree.html  (2 tag(s) present)
[2026-08-17 21:46:10 UTC] SKIP       docs/writing/task2/247-8-1-problem-solution.html  (2 tag(s) present)
[2026-08-17 21:46:10 UTC] SKIP       docs/writing/task2/248-8-1-discuss-both-views.html  (2 tag(s) present)
[2026-08-17 21:46:10 UTC] SKIP       docs/writing/task2/249-8-1-discuss-both-views.html  (2 tag(s) present)
[2026-08-17 21:46:10 UTC] SKIP       docs/writing/task2/25-21-animal-protection.html  (2 tag(s) present)
[2026-08-17 21:46:10 UTC] SKIP       docs/writing/task2/250-8-1-agree-disagree.html  (2 tag(s) present)
[2026-08-17 21:46:10 UTC] SKIP       docs/writing/task2/251-8-1-discuss-both-views.html  (2 tag(s) present)
[2026-08-17 21:46:10 UTC] SKIP       docs/writing/task2/252-8-1-two-questions.html  (2 tag(s) present)
[2026-08-17 21:46:10 UTC] SKIP       docs/writing/task2/253-8-1-agree-disagree.html  (2 tag(s) present)
[2026-08-17 21:46:10 UTC] SKIP       docs/writing/task2/254-8-1-agree-disagree.html  (2 tag(s) present)
[2026-08-17 21:46:10 UTC] SKIP       docs/writing/task2/255-8-1-discuss-both-views.html  (2 tag(s) present)
[2026-08-17 21:46:10 UTC] SKIP       docs/writing/task2/256-8-1-positive-negative.html  (2 tag(s) present)
[2026-08-17 21:46:10 UTC] SKIP       docs/writing/task2/257-8-2-two-questions.html  (2 tag(s) present)
[2026-08-17 21:46:10 UTC] SKIP       docs/writing/task2/258-8-2-discuss-both-views.html  (2 tag(s) present)
[2026-08-17 21:46:10 UTC] SKIP       docs/writing/task2/259-8-2-two-questions.html  (2 tag(s) present)
[2026-08-17 21:46:10 UTC] SKIP       docs/writing/task2/26-22-plastic.html  (2 tag(s) present)
[2026-08-17 21:46:10 UTC] SKIP       docs/writing/task2/260-8-2-positive-negative.html  (2 tag(s) present)
[2026-08-17 21:46:10 UTC] SKIP       docs/writing/task2/261-9-1-discuss-both-views.html  (2 tag(s) present)
[2026-08-17 21:46:10 UTC] SKIP       docs/writing/task2/262-9-1-agree-disagree.html  (2 tag(s) present)
[2026-08-17 21:46:10 UTC] SKIP       docs/writing/task2/263-9-1-agree-disagree.html  (2 tag(s) present)
[2026-08-17 21:46:10 UTC] SKIP       docs/writing/task2/264-9-1-discuss-both-views.html  (2 tag(s) present)
[2026-08-17 21:46:10 UTC] SKIP       docs/writing/task2/265-9-1-discuss-both-views.html  (2 tag(s) present)
[2026-08-17 21:46:10 UTC] SKIP       docs/writing/task2/266-9-1-discuss-both-views.html  (2 tag(s) present)
[2026-08-17 21:46:10 UTC] SKIP       docs/writing/task2/267-9-1-agree-disagree.html  (2 tag(s) present)
[2026-08-17 21:46:10 UTC] SKIP       docs/writing/task2/268-9-1-discuss-both-views.html  (2 tag(s) present)
[2026-08-17 21:46:10 UTC] SKIP       docs/writing/task2/269-9-1-agree-disagree.html  (2 tag(s) present)
[2026-08-17 21:46:10 UTC] SKIP       docs/writing/task2/27-23-water.html  (2 tag(s) present)
[2026-08-17 21:46:10 UTC] SKIP       docs/writing/task2/270-9-1-discuss-both-views.html  (2 tag(s) present)
[2026-08-17 21:46:10 UTC] SKIP       docs/writing/task2/271-9-1-discuss-both-views.html  (2 tag(s) present)
[2026-08-17 21:46:10 UTC] SKIP       docs/writing/task2/272-10-1-agree-disagree.html  (2 tag(s) present)
[2026-08-17 21:46:10 UTC] SKIP       docs/writing/task2/273-10-1-problem-solution.html  (2 tag(s) present)
[2026-08-17 21:46:10 UTC] SKIP       docs/writing/task2/274-10-1-problem-solution.html  (2 tag(s) present)
[2026-08-17 21:46:10 UTC] SKIP       docs/writing/task2/275-10-1-agree-disagree.html  (2 tag(s) present)
[2026-08-17 21:46:10 UTC] SKIP       docs/writing/task2/276-10-1-discuss-both-views.html  (2 tag(s) present)
[2026-08-17 21:46:10 UTC] SKIP       docs/writing/task2/277-10-1-discuss-both-views.html  (2 tag(s) present)
[2026-08-17 21:46:10 UTC] SKIP       docs/writing/task2/278-10-1-discuss-both-views.html  (2 tag(s) present)
[2026-08-17 21:46:10 UTC] SKIP       docs/writing/task2/279-10-1-agree-disagree.html  (2 tag(s) present)
[2026-08-17 21:46:10 UTC] SKIP       docs/writing/task2/28-24-noise-pollution.html  (2 tag(s) present)
[2026-08-17 21:46:10 UTC] SKIP       docs/writing/task2/29-25-consumption-env.html  (2 tag(s) present)
[2026-08-17 21:46:10 UTC] SKIP       docs/writing/task2/30-02-qual-meaning.html  (2 tag(s) present)
[2026-08-17 21:46:10 UTC] SKIP       docs/writing/task2/31-03-education-method.html  (2 tag(s) present)
[2026-08-17 21:46:10 UTC] SKIP       docs/writing/task2/32-27-technology.html  (2 tag(s) present)
[2026-08-17 21:46:10 UTC] SKIP       docs/writing/task2/33-28-health.html  (2 tag(s) present)
[2026-08-17 21:46:10 UTC] SKIP       docs/writing/task2/34-29-media.html  (2 tag(s) present)
[2026-08-17 21:46:10 UTC] SKIP       docs/writing/task2/35-30-advertising.html  (2 tag(s) present)
[2026-08-17 21:46:10 UTC] SKIP       docs/writing/task2/36-31-globalisation.html  (2 tag(s) present)
[2026-08-17 21:46:10 UTC] SKIP       docs/writing/task2/37-32-travel.html  (2 tag(s) present)
[2026-08-17 21:46:10 UTC] SKIP       docs/writing/task2/38-1-1-single-question.html  (2 tag(s) present)
[2026-08-17 21:46:10 UTC] SKIP       docs/writing/task2/39-1-1-problem-solution.html  (2 tag(s) present)
[2026-08-17 21:46:10 UTC] SKIP       docs/writing/task2/40-1-2-advantage-disadvantage.html  (2 tag(s) present)
[2026-08-17 21:46:10 UTC] SKIP       docs/writing/task2/41-1-5-single-question.html  (2 tag(s) present)
[2026-08-17 21:46:10 UTC] SKIP       docs/writing/task2/42-4-4-problem-solution.html  (2 tag(s) present)
[2026-08-17 21:46:10 UTC] SKIP       docs/speaking/topics/p1-area.html  (1 tag(s) present)
[2026-08-17 21:46:10 UTC] SKIP       docs/speaking/topics/p1-city.html  (1 tag(s) present)
[2026-08-17 21:46:10 UTC] SKIP       docs/speaking/topics/p1-home.html  (1 tag(s) present)
[2026-08-17 21:46:10 UTC] SKIP       docs/speaking/topics/p1-hometown.html  (1 tag(s) present)
[2026-08-17 21:46:10 UTC] SKIP       docs/speaking/topics/p1-work.html  (1 tag(s) present)
[2026-08-17 21:46:10 UTC] SKIP       docs/speaking/topics/p1f-building.html  (1 tag(s) present)
[2026-08-17 21:46:10 UTC] SKIP       docs/speaking/topics/p1f-cars.html  (1 tag(s) present)
[2026-08-17 21:46:10 UTC] SKIP       docs/speaking/topics/p1f-childhood.html  (1 tag(s) present)
[2026-08-17 21:46:10 UTC] SKIP       docs/speaking/topics/p1f-food.html  (1 tag(s) present)
[2026-08-17 21:46:10 UTC] SKIP       docs/speaking/topics/p1f-gifts.html  (1 tag(s) present)
[2026-08-17 21:46:10 UTC] SKIP       docs/speaking/topics/p1f-hobby.html  (1 tag(s) present)
[2026-08-17 21:46:10 UTC] SKIP       docs/speaking/topics/p1f-life-stages.html  (1 tag(s) present)
[2026-08-17 21:46:10 UTC] SKIP       docs/speaking/topics/p1f-mirrors.html  (1 tag(s) present)
[2026-08-17 21:46:10 UTC] SKIP       docs/speaking/topics/p1f-morning.html  (1 tag(s) present)
[2026-08-17 21:46:10 UTC] SKIP       docs/speaking/topics/p1f-music.html  (1 tag(s) present)
[2026-08-17 21:46:10 UTC] SKIP       docs/speaking/topics/p1f-outer-space.html  (1 tag(s) present)
[2026-08-17 21:46:10 UTC] SKIP       docs/speaking/topics/p1f-parks.html  (1 tag(s) present)
[2026-08-17 21:46:10 UTC] SKIP       docs/speaking/topics/p1f-pets.html  (1 tag(s) present)
[2026-08-17 21:46:10 UTC] SKIP       docs/speaking/topics/p1f-reading.html  (1 tag(s) present)
[2026-08-17 21:46:10 UTC] SKIP       docs/speaking/topics/p1f-scenery.html  (1 tag(s) present)
[2026-08-17 21:46:10 UTC] SKIP       docs/speaking/topics/p1f-science.html  (1 tag(s) present)
[2026-08-17 21:46:10 UTC] SKIP       docs/speaking/topics/p1f-shopping.html  (1 tag(s) present)
[2026-08-17 21:46:10 UTC] SKIP       docs/speaking/topics/p1f-singing.html  (1 tag(s) present)
[2026-08-17 21:46:10 UTC] SKIP       docs/speaking/topics/p1f-social-media.html  (1 tag(s) present)
[2026-08-17 21:46:10 UTC] SKIP       docs/speaking/topics/p1f-sports-team.html  (1 tag(s) present)
[2026-08-17 21:46:10 UTC] SKIP       docs/speaking/topics/p1f-teachers.html  (1 tag(s) present)
[2026-08-17 21:46:10 UTC] SKIP       docs/speaking/topics/p1f-tidiness.html  (1 tag(s) present)
[2026-08-17 21:46:10 UTC] SKIP       docs/speaking/topics/p1f-typing.html  (1 tag(s) present)
[2026-08-17 21:46:10 UTC] SKIP       docs/speaking/topics/p1f-views.html  (1 tag(s) present)
[2026-08-17 21:46:10 UTC] SKIP       docs/speaking/topics/p1f-walking.html  (1 tag(s) present)
[2026-08-17 21:46:10 UTC] SKIP       docs/speaking/topics/p1f-watch.html  (1 tag(s) present)
[2026-08-17 21:46:10 UTC] SKIP       docs/speaking/topics/p1f-websites.html  (1 tag(s) present)
[2026-08-17 21:46:10 UTC] SKIP       docs/speaking/topics/p23-advice.html  (1 tag(s) present)
[2026-08-17 21:46:10 UTC] SKIP       docs/speaking/topics/p23-app.html  (1 tag(s) present)
[2026-08-17 21:46:10 UTC] SKIP       docs/speaking/topics/p23-bad-music.html  (1 tag(s) present)
[2026-08-17 21:46:10 UTC] SKIP       docs/speaking/topics/p23-boring.html  (1 tag(s) present)
[2026-08-17 21:46:10 UTC] SKIP       docs/speaking/topics/p23-business.html  (1 tag(s) present)
[2026-08-17 21:46:10 UTC] SKIP       docs/speaking/topics/p23-changed-plan.html  (1 tag(s) present)
[2026-08-17 21:46:10 UTC] SKIP       docs/speaking/topics/p23-child-art.html  (1 tag(s) present)
[2026-08-17 21:46:10 UTC] SKIP       docs/speaking/topics/p23-child-friend.html  (1 tag(s) present)
[2026-08-17 21:46:10 UTC] SKIP       docs/speaking/topics/p23-decision.html  (1 tag(s) present)
[2026-08-17 21:46:10 UTC] SKIP       docs/speaking/topics/p23-early.html  (1 tag(s) present)
[2026-08-17 21:46:10 UTC] SKIP       docs/speaking/topics/p23-encourage.html  (1 tag(s) present)
[2026-08-17 21:46:10 UTC] SKIP       docs/speaking/topics/p23-famous-city.html  (1 tag(s) present)
[2026-08-17 21:46:10 UTC] SKIP       docs/speaking/topics/p23-famous.html  (1 tag(s) present)
[2026-08-17 21:46:10 UTC] SKIP       docs/speaking/topics/p23-fav-city.html  (1 tag(s) present)
[2026-08-17 21:46:10 UTC] SKIP       docs/speaking/topics/p23-foreign-job.html  (1 tag(s) present)
[2026-08-17 21:46:10 UTC] SKIP       docs/speaking/topics/p23-group.html  (1 tag(s) present)
[2026-08-17 21:46:10 UTC] SKIP       docs/speaking/topics/p23-heirloom.html  (1 tag(s) present)
[2026-08-17 21:46:10 UTC] SKIP       docs/speaking/topics/p23-helper.html  (1 tag(s) present)
[2026-08-17 21:46:10 UTC] SKIP       docs/speaking/topics/p23-imagination.html  (1 tag(s) present)
[2026-08-17 21:46:10 UTC] SKIP       docs/speaking/topics/p23-interest-bldg.html  (1 tag(s) present)
[2026-08-17 21:46:10 UTC] SKIP       docs/speaking/topics/p23-law.html  (1 tag(s) present)
[2026-08-17 21:46:10 UTC] SKIP       docs/speaking/topics/p23-medical.html  (1 tag(s) present)
[2026-08-17 21:46:10 UTC] SKIP       docs/speaking/topics/p23-movie.html  (1 tag(s) present)
[2026-08-17 21:46:10 UTC] SKIP       docs/speaking/topics/p23-nanning.html  (1 tag(s) present)
[2026-08-17 21:46:10 UTC] SKIP       docs/speaking/topics/p23-nature.html  (1 tag(s) present)
[2026-08-17 21:46:10 UTC] SKIP       docs/speaking/topics/p23-no-phone.html  (1 tag(s) present)
[2026-08-17 21:46:10 UTC] SKIP       docs/speaking/topics/p23-overspent.html  (1 tag(s) present)
[2026-08-17 21:46:10 UTC] SKIP       docs/speaking/topics/p23-perfect-job.html  (1 tag(s) present)
[2026-08-17 21:46:10 UTC] SKIP       docs/speaking/topics/p23-planning.html  (1 tag(s) present)
[2026-08-17 21:46:10 UTC] SKIP       docs/speaking/topics/p23-plants.html  (1 tag(s) present)
[2026-08-17 21:46:10 UTC] SKIP       docs/speaking/topics/p23-proud.html  (1 tag(s) present)
[2026-08-17 21:46:10 UTC] SKIP       docs/speaking/topics/p23-self-learn.html  (1 tag(s) present)
[2026-08-17 21:46:10 UTC] SKIP       docs/speaking/topics/p23-smart.html  (1 tag(s) present)
[2026-08-17 21:46:10 UTC] SKIP       docs/speaking/topics/p23-smiling.html  (1 tag(s) present)
[2026-08-17 21:46:10 UTC] SKIP       docs/speaking/topics/p23-sports.html  (1 tag(s) present)
[2026-08-17 21:46:10 UTC] SKIP       docs/speaking/topics/p23-tall.html  (1 tag(s) present)
[2026-08-17 21:46:10 UTC] SKIP       docs/speaking/topics/p23-tech.html  (1 tag(s) present)
[2026-08-17 21:46:10 UTC] SKIP       docs/speaking/topics/p23-vehicle.html  (1 tag(s) present)
[2026-08-17 21:46:10 UTC] SKIP       docs/speaking/topics/p23-video.html  (1 tag(s) present)
[2026-08-17 21:46:10 UTC] SKIP       docs/writing/index.html  (1 tag(s) present)
[2026-08-17 21:46:10 UTC] SKIP       docs/speaking/index.html  (1 tag(s) present)
[2026-08-17 21:46:10 UTC] SUMMARY inject: 0 modified, 365 skipped, 0 errors, 365 total
[2026-08-17 23:31:58 UTC] === drift-check ===
[2026-08-17 23:31:58 UTC] DRIFT-CHECK: 365/365 OK, 0 missing, 0 unreadable
[2026-08-17 23:38:46 UTC] === drift-check ===
[2026-08-17 23:38:46 UTC] DRIFT-CHECK: 365/365 OK, 0 missing, 0 unreadable
[2026-08-17 23:39:20 UTC] === inject ===
[2026-08-17 23:39:20 UTC] SKIP       docs/writing/task1/01-table-universities-ranked.html  (2 tag(s) present)
[2026-08-17 23:39:20 UTC] SKIP       docs/writing/task1/02-pie-meal-nutrients.html  (2 tag(s) present)
[2026-08-17 23:39:20 UTC] SKIP       docs/writing/task1/03-bar-electricity.html  (2 tag(s) present)
[2026-08-17 23:39:20 UTC] SKIP       docs/writing/task1/04-bar-physical-activity.html  (2 tag(s) present)
[2026-08-17 23:39:20 UTC] SKIP       docs/writing/task1/05-mixed-graph.html  (2 tag(s) present)
[2026-08-17 23:39:20 UTC] SKIP       docs/writing/task1/06-process-rain-shadow-desert.html  (2 tag(s) present)
[2026-08-17 23:39:20 UTC] SKIP       docs/writing/task1/07-process-plastic-recycling.html  (2 tag(s) present)
[2026-08-17 23:39:20 UTC] SKIP       docs/writing/task1/08-process-cement-making.html  (2 tag(s) present)
[2026-08-17 23:39:20 UTC] SKIP       docs/writing/task1/09-mixed-library-survey.html  (2 tag(s) present)
[2026-08-17 23:39:20 UTC] SKIP       docs/writing/task1/10-dynamic-caribbean-tourists.html  (2 tag(s) present)
[2026-08-17 23:39:20 UTC] SKIP       docs/writing/task1/11-dynamic-melbourne-activities.html  (2 tag(s) present)
[2026-08-17 23:39:20 UTC] SKIP       docs/writing/task1/12-dynamic-asian-cities.html  (2 tag(s) present)
[2026-08-17 23:39:20 UTC] SKIP       docs/writing/task1/13-static-uk-school-spending.html  (2 tag(s) present)
[2026-08-17 23:39:20 UTC] SKIP       docs/writing/task2/01-agree-disagree-history-vs-business.html  (2 tag(s) present)
[2026-08-17 23:39:20 UTC] SKIP       docs/writing/task2/02-discuss-both-views-employment-skills.html  (2 tag(s) present)
[2026-08-17 23:39:20 UTC] SKIP       docs/writing/task2/03-positive-negative-children-freedom.html  (2 tag(s) present)
[2026-08-17 23:39:20 UTC] SKIP       docs/writing/task2/04-opinion-teachers-morality.html  (2 tag(s) present)
[2026-08-17 23:39:20 UTC] SKIP       docs/writing/task2/043-1-1-agree-disagree.html  (2 tag(s) present)
[2026-08-17 23:39:20 UTC] SKIP       docs/writing/task2/044-1-1-discuss-both-views.html  (2 tag(s) present)
[2026-08-17 23:39:20 UTC] SKIP       docs/writing/task2/045-1-1-agree-disagree.html  (2 tag(s) present)
[2026-08-17 23:39:20 UTC] SKIP       docs/writing/task2/046-1-1-agree-disagree.html  (2 tag(s) present)
[2026-08-17 23:39:20 UTC] SKIP       docs/writing/task2/047-1-1-discuss-both-views.html  (2 tag(s) present)
[2026-08-17 23:39:20 UTC] SKIP       docs/writing/task2/048-1-1-discuss-both-views.html  (2 tag(s) present)
[2026-08-17 23:39:20 UTC] SKIP       docs/writing/task2/049-1-1-agree-disagree.html  (2 tag(s) present)
[2026-08-17 23:39:20 UTC] SKIP       docs/writing/task2/05-two-questions-environment.html  (2 tag(s) present)
[2026-08-17 23:39:20 UTC] SKIP       docs/writing/task2/050-1-2-positive-negative.html  (2 tag(s) present)
[2026-08-17 23:39:20 UTC] SKIP       docs/writing/task2/051-1-2-discuss-both-views.html  (2 tag(s) present)
[2026-08-17 23:39:20 UTC] SKIP       docs/writing/task2/052-1-2-agree-disagree.html  (2 tag(s) present)
[2026-08-17 23:39:20 UTC] SKIP       docs/writing/task2/053-1-2-discuss-both-views.html  (2 tag(s) present)
[2026-08-17 23:39:20 UTC] SKIP       docs/writing/task2/054-1-2-agree-disagree.html  (2 tag(s) present)
[2026-08-17 23:39:20 UTC] SKIP       docs/writing/task2/055-1-2-agree-disagree.html  (2 tag(s) present)
[2026-08-17 23:39:20 UTC] SKIP       docs/writing/task2/056-1-2-agree-disagree.html  (2 tag(s) present)
[2026-08-17 23:39:20 UTC] SKIP       docs/writing/task2/057-1-2-agree-disagree.html  (2 tag(s) present)
[2026-08-17 23:39:20 UTC] SKIP       docs/writing/task2/058-1-2-discuss-both-views.html  (2 tag(s) present)
[2026-08-17 23:39:20 UTC] SKIP       docs/writing/task2/059-1-2-discuss-both-views.html  (2 tag(s) present)
[2026-08-17 23:39:20 UTC] SKIP       docs/writing/task2/06-26-env-solutions.html  (2 tag(s) present)
[2026-08-17 23:39:20 UTC] SKIP       docs/writing/task2/060-1-3-agree-disagree.html  (2 tag(s) present)
[2026-08-17 23:39:20 UTC] SKIP       docs/writing/task2/061-1-4-discuss-both-views.html  (2 tag(s) present)
[2026-08-17 23:39:20 UTC] SKIP       docs/writing/task2/062-1-4-discuss-both-views.html  (2 tag(s) present)
[2026-08-17 23:39:20 UTC] SKIP       docs/writing/task2/063-1-4-discuss-both-views.html  (2 tag(s) present)
[2026-08-17 23:39:20 UTC] SKIP       docs/writing/task2/064-1-5-discuss-both-views.html  (2 tag(s) present)
[2026-08-17 23:39:20 UTC] SKIP       docs/writing/task2/065-1-5-discuss-both-views.html  (2 tag(s) present)
[2026-08-17 23:39:20 UTC] SKIP       docs/writing/task2/066-1-6-agree-disagree.html  (2 tag(s) present)
[2026-08-17 23:39:20 UTC] SKIP       docs/writing/task2/067-1-6-agree-disagree.html  (2 tag(s) present)
[2026-08-17 23:39:20 UTC] SKIP       docs/writing/task2/068-1-6-advantage-disadvantage.html  (2 tag(s) present)
[2026-08-17 23:39:20 UTC] SKIP       docs/writing/task2/069-1-6-agree-disagree.html  (2 tag(s) present)
[2026-08-17 23:39:20 UTC] SKIP       docs/writing/task2/07-01-lang-learning.html  (2 tag(s) present)
[2026-08-17 23:39:20 UTC] SKIP       docs/writing/task2/070-1-6-agree-disagree.html  (2 tag(s) present)
[2026-08-17 23:39:20 UTC] SKIP       docs/writing/task2/071-1-6-two-questions.html  (2 tag(s) present)
[2026-08-17 23:39:20 UTC] SKIP       docs/writing/task2/072-1-6-two-questions.html  (2 tag(s) present)
[2026-08-17 23:39:20 UTC] SKIP       docs/writing/task2/073-1-7-agree-disagree.html  (2 tag(s) present)
[2026-08-17 23:39:20 UTC] SKIP       docs/writing/task2/074-1-7-advantage-disadvantage.html  (2 tag(s) present)
[2026-08-17 23:39:20 UTC] SKIP       docs/writing/task2/075-1-7-agree-disagree.html  (2 tag(s) present)
[2026-08-17 23:39:20 UTC] SKIP       docs/writing/task2/076-1-8-problem-solution.html  (2 tag(s) present)
[2026-08-17 23:39:20 UTC] SKIP       docs/writing/task2/077-1-8-problem-solution.html  (2 tag(s) present)
[2026-08-17 23:39:20 UTC] SKIP       docs/writing/task2/078-1-8-two-questions.html  (2 tag(s) present)
[2026-08-17 23:39:20 UTC] SKIP       docs/writing/task2/079-2-1-single-question.html  (2 tag(s) present)
[2026-08-17 23:39:20 UTC] SKIP       docs/writing/task2/08-04-education-target.html  (2 tag(s) present)
[2026-08-17 23:39:20 UTC] SKIP       docs/writing/task2/080-2-1-advantage-disadvantage.html  (2 tag(s) present)
[2026-08-17 23:39:20 UTC] SKIP       docs/writing/task2/081-2-1-agree-disagree.html  (2 tag(s) present)
[2026-08-17 23:39:20 UTC] SKIP       docs/writing/task2/082-2-1-agree-disagree.html  (2 tag(s) present)
[2026-08-17 23:39:20 UTC] SKIP       docs/writing/task2/083-2-1-discuss-both-views.html  (2 tag(s) present)
[2026-08-17 23:39:20 UTC] SKIP       docs/writing/task2/084-2-1-agree-disagree.html  (2 tag(s) present)
[2026-08-17 23:39:20 UTC] SKIP       docs/writing/task2/085-2-2-agree-disagree.html  (2 tag(s) present)
[2026-08-17 23:39:20 UTC] SKIP       docs/writing/task2/086-2-2-agree-disagree.html  (2 tag(s) present)
[2026-08-17 23:39:20 UTC] SKIP       docs/writing/task2/087-2-2-agree-disagree.html  (2 tag(s) present)
[2026-08-17 23:39:20 UTC] SKIP       docs/writing/task2/088-2-2-positive-negative.html  (2 tag(s) present)
[2026-08-17 23:39:20 UTC] SKIP       docs/writing/task2/089-2-2-agree-disagree.html  (2 tag(s) present)
[2026-08-17 23:39:20 UTC] SKIP       docs/writing/task2/09-05-education-phenomenon.html  (2 tag(s) present)
[2026-08-17 23:39:20 UTC] SKIP       docs/writing/task2/090-2-3-agree-disagree.html  (2 tag(s) present)
[2026-08-17 23:39:20 UTC] SKIP       docs/writing/task2/091-2-3-agree-disagree.html  (2 tag(s) present)
[2026-08-17 23:39:20 UTC] SKIP       docs/writing/task2/092-2-3-agree-disagree.html  (2 tag(s) present)
[2026-08-17 23:39:20 UTC] SKIP       docs/writing/task2/093-2-3-agree-disagree.html  (2 tag(s) present)
[2026-08-17 23:39:20 UTC] SKIP       docs/writing/task2/094-2-4-agree-disagree.html  (2 tag(s) present)
[2026-08-17 23:39:20 UTC] SKIP       docs/writing/task2/095-2-5-problem-solution.html  (2 tag(s) present)
[2026-08-17 23:39:20 UTC] SKIP       docs/writing/task2/096-3-1-discuss-both-views.html  (2 tag(s) present)
[2026-08-17 23:39:20 UTC] SKIP       docs/writing/task2/097-3-1-agree-disagree.html  (2 tag(s) present)
[2026-08-17 23:39:20 UTC] SKIP       docs/writing/task2/098-3-1-agree-disagree.html  (2 tag(s) present)
[2026-08-17 23:39:20 UTC] SKIP       docs/writing/task2/099-3-1-positive-negative.html  (2 tag(s) present)
[2026-08-17 23:39:20 UTC] SKIP       docs/writing/task2/10-06-job-choice.html  (2 tag(s) present)
[2026-08-17 23:39:20 UTC] SKIP       docs/writing/task2/100-3-1-advantage-disadvantage.html  (2 tag(s) present)
[2026-08-17 23:39:20 UTC] SKIP       docs/writing/task2/101-3-1-advantage-disadvantage.html  (2 tag(s) present)
[2026-08-17 23:39:20 UTC] SKIP       docs/writing/task2/102-3-1-advantage-disadvantage.html  (2 tag(s) present)
[2026-08-17 23:39:20 UTC] SKIP       docs/writing/task2/103-3-1-advantage-disadvantage.html  (2 tag(s) present)
[2026-08-17 23:39:20 UTC] SKIP       docs/writing/task2/104-3-2-agree-disagree.html  (2 tag(s) present)
[2026-08-17 23:39:20 UTC] SKIP       docs/writing/task2/105-3-2-problem-solution.html  (2 tag(s) present)
[2026-08-17 23:39:20 UTC] SKIP       docs/writing/task2/106-3-2-agree-disagree.html  (2 tag(s) present)
[2026-08-17 23:39:20 UTC] SKIP       docs/writing/task2/107-3-2-discuss-both-views.html  (2 tag(s) present)
[2026-08-17 23:39:20 UTC] SKIP       docs/writing/task2/108-3-2-agree-disagree.html  (2 tag(s) present)
[2026-08-17 23:39:20 UTC] SKIP       docs/writing/task2/109-3-2-agree-disagree.html  (2 tag(s) present)
[2026-08-17 23:39:20 UTC] SKIP       docs/writing/task2/11-07-personal-skill.html  (2 tag(s) present)
[2026-08-17 23:39:20 UTC] SKIP       docs/writing/task2/110-3-2-discuss-both-views.html  (2 tag(s) present)
[2026-08-17 23:39:20 UTC] SKIP       docs/writing/task2/111-3-2-agree-disagree.html  (2 tag(s) present)
[2026-08-17 23:39:20 UTC] SKIP       docs/writing/task2/112-3-2-agree-disagree.html  (2 tag(s) present)
[2026-08-17 23:39:20 UTC] SKIP       docs/writing/task2/113-3-2-advantage-disadvantage.html  (2 tag(s) present)
[2026-08-17 23:39:20 UTC] SKIP       docs/writing/task2/114-3-2-discuss-both-views.html  (2 tag(s) present)
[2026-08-17 23:39:20 UTC] SKIP       docs/writing/task2/115-3-2-problem-solution.html  (2 tag(s) present)
[2026-08-17 23:39:20 UTC] SKIP       docs/writing/task2/116-3-2-agree-disagree.html  (2 tag(s) present)
[2026-08-17 23:39:20 UTC] SKIP       docs/writing/task2/117-3-2-discuss-both-views.html  (2 tag(s) present)
[2026-08-17 23:39:20 UTC] SKIP       docs/writing/task2/118-3-2-discuss-both-views.html  (2 tag(s) present)
[2026-08-17 23:39:20 UTC] SKIP       docs/writing/task2/119-3-2-agree-disagree.html  (2 tag(s) present)
[2026-08-17 23:39:20 UTC] SKIP       docs/writing/task2/12-08-work-env.html  (2 tag(s) present)
[2026-08-17 23:39:20 UTC] SKIP       docs/writing/task2/120-3-4-agree-disagree.html  (2 tag(s) present)
[2026-08-17 23:39:20 UTC] SKIP       docs/writing/task2/121-3-4-agree-disagree.html  (2 tag(s) present)
[2026-08-17 23:39:20 UTC] SKIP       docs/writing/task2/122-3-3-two-questions.html  (2 tag(s) present)
[2026-08-17 23:39:20 UTC] SKIP       docs/writing/task2/123-3-3-positive-negative.html  (2 tag(s) present)
[2026-08-17 23:39:20 UTC] SKIP       docs/writing/task2/124-3-3-problem-solution.html  (2 tag(s) present)
[2026-08-17 23:39:20 UTC] SKIP       docs/writing/task2/125-3-3-problem-solution.html  (2 tag(s) present)
[2026-08-17 23:39:20 UTC] SKIP       docs/writing/task2/126-3-3-two-questions.html  (2 tag(s) present)
[2026-08-17 23:39:20 UTC] SKIP       docs/writing/task2/127-3-3-advantage-disadvantage.html  (2 tag(s) present)
[2026-08-17 23:39:20 UTC] SKIP       docs/writing/task2/128-3-4-agree-disagree.html  (2 tag(s) present)
[2026-08-17 23:39:20 UTC] SKIP       docs/writing/task2/129-3-4-problem-solution.html  (2 tag(s) present)
[2026-08-17 23:39:20 UTC] SKIP       docs/writing/task2/13-09-job-types.html  (2 tag(s) present)
[2026-08-17 23:39:20 UTC] SKIP       docs/writing/task2/130-3-4-agree-disagree.html  (2 tag(s) present)
[2026-08-17 23:39:20 UTC] SKIP       docs/writing/task2/131-3-4-agree-disagree.html  (2 tag(s) present)
[2026-08-17 23:39:20 UTC] SKIP       docs/writing/task2/132-3-4-advantage-disadvantage.html  (2 tag(s) present)
[2026-08-17 23:39:20 UTC] SKIP       docs/writing/task2/133-3-4-advantage-disadvantage.html  (2 tag(s) present)
[2026-08-17 23:39:20 UTC] SKIP       docs/writing/task2/134-3-4-two-questions.html  (2 tag(s) present)
[2026-08-17 23:39:20 UTC] SKIP       docs/writing/task2/135-3-4-two-questions.html  (2 tag(s) present)
[2026-08-17 23:39:20 UTC] SKIP       docs/writing/task2/136-3-4-agree-disagree.html  (2 tag(s) present)
[2026-08-17 23:39:20 UTC] SKIP       docs/writing/task2/137-3-4-two-questions.html  (2 tag(s) present)
[2026-08-17 23:39:20 UTC] SKIP       docs/writing/task2/138-3-5-agree-disagree.html  (2 tag(s) present)
[2026-08-17 23:39:20 UTC] SKIP       docs/writing/task2/139-3-5-discuss-both-views.html  (2 tag(s) present)
[2026-08-17 23:39:20 UTC] SKIP       docs/writing/task2/14-10-work-life-balance.html  (2 tag(s) present)
[2026-08-17 23:39:20 UTC] SKIP       docs/writing/task2/140-3-5-discuss-both-views.html  (2 tag(s) present)
[2026-08-17 23:39:20 UTC] SKIP       docs/writing/task2/141-3-5-agree-disagree.html  (2 tag(s) present)
[2026-08-17 23:39:20 UTC] SKIP       docs/writing/task2/142-3-5-problem-solution.html  (2 tag(s) present)
[2026-08-17 23:39:20 UTC] SKIP       docs/writing/task2/143-3-5-discuss-both-views.html  (2 tag(s) present)
[2026-08-17 23:39:20 UTC] SKIP       docs/writing/task2/144-3-5-agree-disagree.html  (2 tag(s) present)
[2026-08-17 23:39:20 UTC] SKIP       docs/writing/task2/145-3-5-discuss-both-views.html  (2 tag(s) present)
[2026-08-17 23:39:20 UTC] SKIP       docs/writing/task2/146-3-5-discuss-both-views.html  (2 tag(s) present)
[2026-08-17 23:39:20 UTC] SKIP       docs/writing/task2/147-3-5-problem-solution.html  (2 tag(s) present)
[2026-08-17 23:39:20 UTC] SKIP       docs/writing/task2/148-3-5-discuss-both-views.html  (2 tag(s) present)
[2026-08-17 23:39:20 UTC] SKIP       docs/writing/task2/149-3-5-discuss-both-views.html  (2 tag(s) present)
[2026-08-17 23:39:20 UTC] SKIP       docs/writing/task2/15-11-urbanisation.html  (2 tag(s) present)
[2026-08-17 23:39:20 UTC] SKIP       docs/writing/task2/150-3-5-agree-disagree.html  (2 tag(s) present)
[2026-08-17 23:39:20 UTC] SKIP       docs/writing/task2/151-3-5-discuss-both-views.html  (2 tag(s) present)
[2026-08-17 23:39:20 UTC] SKIP       docs/writing/task2/152-3-5-advantage-disadvantage.html  (2 tag(s) present)
[2026-08-17 23:39:20 UTC] SKIP       docs/writing/task2/153-3-5-opinion.html  (2 tag(s) present)
[2026-08-17 23:39:20 UTC] SKIP       docs/writing/task2/154-3-5-agree-disagree.html  (2 tag(s) present)
[2026-08-17 23:39:20 UTC] SKIP       docs/writing/task2/155-3-6-problem-solution.html  (2 tag(s) present)
[2026-08-17 23:39:20 UTC] SKIP       docs/writing/task2/156-3-6-problem-solution.html  (2 tag(s) present)
[2026-08-17 23:39:20 UTC] SKIP       docs/writing/task2/157-3-6-problem-solution.html  (2 tag(s) present)
[2026-08-17 23:39:20 UTC] SKIP       docs/writing/task2/158-3-6-problem-solution.html  (2 tag(s) present)
[2026-08-17 23:39:20 UTC] SKIP       docs/writing/task2/159-3-6-problem-solution.html  (2 tag(s) present)
[2026-08-17 23:39:20 UTC] SKIP       docs/writing/task2/16-12-culture.html  (2 tag(s) present)
[2026-08-17 23:39:20 UTC] SKIP       docs/writing/task2/160-3-6-problem-solution.html  (2 tag(s) present)
[2026-08-17 23:39:20 UTC] SKIP       docs/writing/task2/161-3-6-problem-solution.html  (2 tag(s) present)
[2026-08-17 23:39:20 UTC] SKIP       docs/writing/task2/162-3-6-problem-solution.html  (2 tag(s) present)
[2026-08-17 23:39:20 UTC] SKIP       docs/writing/task2/163-3-6-two-questions.html  (2 tag(s) present)
[2026-08-17 23:39:20 UTC] SKIP       docs/writing/task2/164-3-6-problem-solution.html  (2 tag(s) present)
[2026-08-17 23:39:20 UTC] SKIP       docs/writing/task2/165-3-6-problem-solution.html  (2 tag(s) present)
[2026-08-17 23:39:20 UTC] SKIP       docs/writing/task2/166-3-6-two-questions.html  (2 tag(s) present)
[2026-08-17 23:39:20 UTC] SKIP       docs/writing/task2/167-3-6-two-questions.html  (2 tag(s) present)
[2026-08-17 23:39:20 UTC] SKIP       docs/writing/task2/168-3-6-problem-solution.html  (2 tag(s) present)
[2026-08-17 23:39:20 UTC] SKIP       docs/writing/task2/169-3-6-problem-solution.html  (2 tag(s) present)
[2026-08-17 23:39:20 UTC] SKIP       docs/writing/task2/17-13-ageing.html  (2 tag(s) present)
[2026-08-17 23:39:20 UTC] SKIP       docs/writing/task2/170-3-7-positive-negative.html  (2 tag(s) present)
[2026-08-17 23:39:20 UTC] SKIP       docs/writing/task2/171-3-8-agree-disagree.html  (2 tag(s) present)
[2026-08-17 23:39:20 UTC] SKIP       docs/writing/task2/172-3-8-advantage-disadvantage.html  (2 tag(s) present)
[2026-08-17 23:39:20 UTC] SKIP       docs/writing/task2/173-3-8-advantage-disadvantage.html  (2 tag(s) present)
[2026-08-17 23:39:20 UTC] SKIP       docs/writing/task2/174-3-8-agree-disagree.html  (2 tag(s) present)
[2026-08-17 23:39:20 UTC] SKIP       docs/writing/task2/175-3-9-agree-disagree.html  (2 tag(s) present)
[2026-08-17 23:39:20 UTC] SKIP       docs/writing/task2/176-3-10-agree-disagree.html  (2 tag(s) present)
[2026-08-17 23:39:20 UTC] SKIP       docs/writing/task2/177-4-1-agree-disagree.html  (2 tag(s) present)
[2026-08-17 23:39:20 UTC] SKIP       docs/writing/task2/178-4-1-agree-disagree.html  (2 tag(s) present)
[2026-08-17 23:39:20 UTC] SKIP       docs/writing/task2/179-4-1-discuss-both-views.html  (2 tag(s) present)
[2026-08-17 23:39:20 UTC] SKIP       docs/writing/task2/18-14-transport.html  (2 tag(s) present)
[2026-08-17 23:39:20 UTC] SKIP       docs/writing/task2/180-4-1-agree-disagree.html  (2 tag(s) present)
[2026-08-17 23:39:20 UTC] SKIP       docs/writing/task2/181-4-2-problem-solution.html  (2 tag(s) present)
[2026-08-17 23:39:20 UTC] SKIP       docs/writing/task2/182-4-3-problem-solution.html  (2 tag(s) present)
[2026-08-17 23:39:20 UTC] SKIP       docs/writing/task2/183-4-3-agree-disagree.html  (2 tag(s) present)
[2026-08-17 23:39:20 UTC] SKIP       docs/writing/task2/184-4-4-problem-solution.html  (2 tag(s) present)
[2026-08-17 23:39:20 UTC] SKIP       docs/writing/task2/185-4-4-problem-solution.html  (2 tag(s) present)
[2026-08-17 23:39:20 UTC] SKIP       docs/writing/task2/186-4-4-advantage-disadvantage.html  (2 tag(s) present)
[2026-08-17 23:39:20 UTC] SKIP       docs/writing/task2/187-4-4-discuss-both-views.html  (2 tag(s) present)
[2026-08-17 23:39:20 UTC] SKIP       docs/writing/task2/188-4-4-agree-disagree.html  (2 tag(s) present)
[2026-08-17 23:39:20 UTC] SKIP       docs/writing/task2/189-4-4-advantage-disadvantage.html  (2 tag(s) present)
[2026-08-17 23:39:20 UTC] SKIP       docs/writing/task2/19-15-values-compare.html  (2 tag(s) present)
[2026-08-17 23:39:20 UTC] SKIP       docs/writing/task2/190-4-5-problem-solution.html  (2 tag(s) present)
[2026-08-17 23:39:20 UTC] SKIP       docs/writing/task2/191-4-6-problem-solution.html  (2 tag(s) present)
[2026-08-17 23:39:20 UTC] SKIP       docs/writing/task2/192-4-6-two-questions.html  (2 tag(s) present)
[2026-08-17 23:39:20 UTC] SKIP       docs/writing/task2/193-4-7-agree-disagree.html  (2 tag(s) present)
[2026-08-17 23:39:20 UTC] SKIP       docs/writing/task2/194-4-7-discuss-both-views.html  (2 tag(s) present)
[2026-08-17 23:39:20 UTC] SKIP       docs/writing/task2/195-4-7-agree-disagree.html  (2 tag(s) present)
[2026-08-17 23:39:20 UTC] SKIP       docs/writing/task2/196-5-1-agree-disagree.html  (2 tag(s) present)
[2026-08-17 23:39:20 UTC] SKIP       docs/writing/task2/197-5-1-agree-disagree.html  (2 tag(s) present)
[2026-08-17 23:39:20 UTC] SKIP       docs/writing/task2/198-5-1-agree-disagree.html  (2 tag(s) present)
[2026-08-17 23:39:20 UTC] SKIP       docs/writing/task2/199-5-1-agree-disagree.html  (2 tag(s) present)
[2026-08-17 23:39:20 UTC] SKIP       docs/writing/task2/20-16-social-phenomenon.html  (2 tag(s) present)
[2026-08-17 23:39:20 UTC] SKIP       docs/writing/task2/200-5-1-discuss-both-views.html  (2 tag(s) present)
[2026-08-17 23:39:20 UTC] SKIP       docs/writing/task2/201-5-1-discuss-both-views.html  (2 tag(s) present)
[2026-08-17 23:39:20 UTC] SKIP       docs/writing/task2/202-5-1-opinion.html  (2 tag(s) present)
[2026-08-17 23:39:20 UTC] SKIP       docs/writing/task2/203-5-1-agree-disagree.html  (2 tag(s) present)
[2026-08-17 23:39:20 UTC] SKIP       docs/writing/task2/204-5-1-agree-disagree.html  (2 tag(s) present)
[2026-08-17 23:39:20 UTC] SKIP       docs/writing/task2/205-5-1-agree-disagree.html  (2 tag(s) present)
[2026-08-17 23:39:20 UTC] SKIP       docs/writing/task2/206-5-1-positive-negative.html  (2 tag(s) present)
[2026-08-17 23:39:20 UTC] SKIP       docs/writing/task2/207-5-1-discuss-both-views.html  (2 tag(s) present)
[2026-08-17 23:39:20 UTC] SKIP       docs/writing/task2/208-5-1-advantage-disadvantage.html  (2 tag(s) present)
[2026-08-17 23:39:20 UTC] SKIP       docs/writing/task2/209-5-1-discuss-both-views.html  (2 tag(s) present)
[2026-08-17 23:39:20 UTC] SKIP       docs/writing/task2/21-17-privacy.html  (2 tag(s) present)
[2026-08-17 23:39:20 UTC] SKIP       docs/writing/task2/210-5-2-agree-disagree.html  (2 tag(s) present)
[2026-08-17 23:39:20 UTC] SKIP       docs/writing/task2/211-5-2-problem-solution.html  (2 tag(s) present)
[2026-08-17 23:39:20 UTC] SKIP       docs/writing/task2/212-5-2-agree-disagree.html  (2 tag(s) present)
[2026-08-17 23:39:20 UTC] SKIP       docs/writing/task2/213-5-2-problem-solution.html  (2 tag(s) present)
[2026-08-17 23:39:20 UTC] SKIP       docs/writing/task2/214-5-2-advantage-disadvantage.html  (2 tag(s) present)
[2026-08-17 23:39:20 UTC] SKIP       docs/writing/task2/215-5-2-agree-disagree.html  (2 tag(s) present)
[2026-08-17 23:39:20 UTC] SKIP       docs/writing/task2/216-6-1-agree-disagree.html  (2 tag(s) present)
[2026-08-17 23:39:20 UTC] SKIP       docs/writing/task2/217-6-1-discuss-both-views.html  (2 tag(s) present)
[2026-08-17 23:39:20 UTC] SKIP       docs/writing/task2/218-6-1-positive-negative.html  (2 tag(s) present)
[2026-08-17 23:39:20 UTC] SKIP       docs/writing/task2/219-6-1-advantage-disadvantage.html  (2 tag(s) present)
[2026-08-17 23:39:20 UTC] SKIP       docs/writing/task2/22-18-life-change.html  (2 tag(s) present)
[2026-08-17 23:39:20 UTC] SKIP       docs/writing/task2/220-6-1-advantage-disadvantage.html  (2 tag(s) present)
[2026-08-17 23:39:20 UTC] SKIP       docs/writing/task2/221-6-1-positive-negative.html  (2 tag(s) present)
[2026-08-17 23:39:20 UTC] SKIP       docs/writing/task2/222-6-1-agree-disagree.html  (2 tag(s) present)
[2026-08-17 23:39:20 UTC] SKIP       docs/writing/task2/223-6-1-agree-disagree.html  (2 tag(s) present)
[2026-08-17 23:39:20 UTC] SKIP       docs/writing/task2/224-6-1-discuss-both-views.html  (2 tag(s) present)
[2026-08-17 23:39:20 UTC] SKIP       docs/writing/task2/225-6-1-discuss-both-views.html  (2 tag(s) present)
[2026-08-17 23:39:20 UTC] SKIP       docs/writing/task2/226-6-1-agree-disagree.html  (2 tag(s) present)
[2026-08-17 23:39:20 UTC] SKIP       docs/writing/task2/227-6-1-discuss-both-views.html  (2 tag(s) present)
[2026-08-17 23:39:20 UTC] SKIP       docs/writing/task2/228-6-1-discuss-both-views.html  (2 tag(s) present)
[2026-08-17 23:39:20 UTC] SKIP       docs/writing/task2/229-6-1-agree-disagree.html  (2 tag(s) present)
[2026-08-17 23:39:20 UTC] SKIP       docs/writing/task2/23-19-gender.html  (2 tag(s) present)
[2026-08-17 23:39:20 UTC] SKIP       docs/writing/task2/230-6-1-discuss-both-views.html  (2 tag(s) present)
[2026-08-17 23:39:20 UTC] SKIP       docs/writing/task2/231-6-1-discuss-both-views.html  (2 tag(s) present)
[2026-08-17 23:39:20 UTC] SKIP       docs/writing/task2/232-6-1-agree-disagree.html  (2 tag(s) present)
[2026-08-17 23:39:20 UTC] SKIP       docs/writing/task2/233-6-1-two-questions.html  (2 tag(s) present)
[2026-08-17 23:39:20 UTC] SKIP       docs/writing/task2/234-6-2-discuss-both-views.html  (2 tag(s) present)
[2026-08-17 23:39:20 UTC] SKIP       docs/writing/task2/235-6-2-agree-disagree.html  (2 tag(s) present)
[2026-08-17 23:39:20 UTC] SKIP       docs/writing/task2/236-6-2-problem-solution.html  (2 tag(s) present)
[2026-08-17 23:39:20 UTC] SKIP       docs/writing/task2/237-6-2-discuss-both-views.html  (2 tag(s) present)
[2026-08-17 23:39:20 UTC] SKIP       docs/writing/task2/238-6-2-problem-solution.html  (2 tag(s) present)
[2026-08-17 23:39:20 UTC] SKIP       docs/writing/task2/239-7-1-problem-solution.html  (2 tag(s) present)
[2026-08-17 23:39:20 UTC] SKIP       docs/writing/task2/24-20-civility.html  (2 tag(s) present)
[2026-08-17 23:39:20 UTC] SKIP       docs/writing/task2/240-7-1-agree-disagree.html  (2 tag(s) present)
[2026-08-17 23:39:20 UTC] SKIP       docs/writing/task2/241-7-1-discuss-both-views.html  (2 tag(s) present)
[2026-08-17 23:39:20 UTC] SKIP       docs/writing/task2/242-7-1-agree-disagree.html  (2 tag(s) present)
[2026-08-17 23:39:20 UTC] SKIP       docs/writing/task2/243-7-1-agree-disagree.html  (2 tag(s) present)
[2026-08-17 23:39:20 UTC] SKIP       docs/writing/task2/244-8-1-agree-disagree.html  (2 tag(s) present)
[2026-08-17 23:39:20 UTC] SKIP       docs/writing/task2/245-8-1-positive-negative.html  (2 tag(s) present)
[2026-08-17 23:39:20 UTC] SKIP       docs/writing/task2/246-8-1-agree-disagree.html  (2 tag(s) present)
[2026-08-17 23:39:20 UTC] SKIP       docs/writing/task2/247-8-1-problem-solution.html  (2 tag(s) present)
[2026-08-17 23:39:20 UTC] SKIP       docs/writing/task2/248-8-1-discuss-both-views.html  (2 tag(s) present)
[2026-08-17 23:39:20 UTC] SKIP       docs/writing/task2/249-8-1-discuss-both-views.html  (2 tag(s) present)
[2026-08-17 23:39:20 UTC] SKIP       docs/writing/task2/25-21-animal-protection.html  (2 tag(s) present)
[2026-08-17 23:39:20 UTC] SKIP       docs/writing/task2/250-8-1-agree-disagree.html  (2 tag(s) present)
[2026-08-17 23:39:20 UTC] SKIP       docs/writing/task2/251-8-1-discuss-both-views.html  (2 tag(s) present)
[2026-08-17 23:39:20 UTC] SKIP       docs/writing/task2/252-8-1-two-questions.html  (2 tag(s) present)
[2026-08-17 23:39:20 UTC] SKIP       docs/writing/task2/253-8-1-agree-disagree.html  (2 tag(s) present)
[2026-08-17 23:39:20 UTC] SKIP       docs/writing/task2/254-8-1-agree-disagree.html  (2 tag(s) present)
[2026-08-17 23:39:20 UTC] SKIP       docs/writing/task2/255-8-1-discuss-both-views.html  (2 tag(s) present)
[2026-08-17 23:39:20 UTC] SKIP       docs/writing/task2/256-8-1-positive-negative.html  (2 tag(s) present)
[2026-08-17 23:39:20 UTC] SKIP       docs/writing/task2/257-8-2-two-questions.html  (2 tag(s) present)
[2026-08-17 23:39:20 UTC] SKIP       docs/writing/task2/258-8-2-discuss-both-views.html  (2 tag(s) present)
[2026-08-17 23:39:20 UTC] SKIP       docs/writing/task2/259-8-2-two-questions.html  (2 tag(s) present)
[2026-08-17 23:39:20 UTC] SKIP       docs/writing/task2/26-22-plastic.html  (2 tag(s) present)
[2026-08-17 23:39:20 UTC] SKIP       docs/writing/task2/260-8-2-positive-negative.html  (2 tag(s) present)
[2026-08-17 23:39:20 UTC] SKIP       docs/writing/task2/261-9-1-discuss-both-views.html  (2 tag(s) present)
[2026-08-17 23:39:20 UTC] SKIP       docs/writing/task2/262-9-1-agree-disagree.html  (2 tag(s) present)
[2026-08-17 23:39:20 UTC] SKIP       docs/writing/task2/263-9-1-agree-disagree.html  (2 tag(s) present)
[2026-08-17 23:39:20 UTC] SKIP       docs/writing/task2/264-9-1-discuss-both-views.html  (2 tag(s) present)
[2026-08-17 23:39:20 UTC] SKIP       docs/writing/task2/265-9-1-discuss-both-views.html  (2 tag(s) present)
[2026-08-17 23:39:20 UTC] SKIP       docs/writing/task2/266-9-1-discuss-both-views.html  (2 tag(s) present)
[2026-08-17 23:39:20 UTC] SKIP       docs/writing/task2/267-9-1-agree-disagree.html  (2 tag(s) present)
[2026-08-17 23:39:20 UTC] SKIP       docs/writing/task2/268-9-1-discuss-both-views.html  (2 tag(s) present)
[2026-08-17 23:39:20 UTC] SKIP       docs/writing/task2/269-9-1-agree-disagree.html  (2 tag(s) present)
[2026-08-17 23:39:20 UTC] SKIP       docs/writing/task2/27-23-water.html  (2 tag(s) present)
[2026-08-17 23:39:20 UTC] SKIP       docs/writing/task2/270-9-1-discuss-both-views.html  (2 tag(s) present)
[2026-08-17 23:39:20 UTC] SKIP       docs/writing/task2/271-9-1-discuss-both-views.html  (2 tag(s) present)
[2026-08-17 23:39:20 UTC] SKIP       docs/writing/task2/272-10-1-agree-disagree.html  (2 tag(s) present)
[2026-08-17 23:39:20 UTC] SKIP       docs/writing/task2/273-10-1-problem-solution.html  (2 tag(s) present)
[2026-08-17 23:39:20 UTC] SKIP       docs/writing/task2/274-10-1-problem-solution.html  (2 tag(s) present)
[2026-08-17 23:39:20 UTC] SKIP       docs/writing/task2/275-10-1-agree-disagree.html  (2 tag(s) present)
[2026-08-17 23:39:20 UTC] SKIP       docs/writing/task2/276-10-1-discuss-both-views.html  (2 tag(s) present)
[2026-08-17 23:39:20 UTC] SKIP       docs/writing/task2/277-10-1-discuss-both-views.html  (2 tag(s) present)
[2026-08-17 23:39:20 UTC] SKIP       docs/writing/task2/278-10-1-discuss-both-views.html  (2 tag(s) present)
[2026-08-17 23:39:20 UTC] SKIP       docs/writing/task2/279-10-1-agree-disagree.html  (2 tag(s) present)
[2026-08-17 23:39:20 UTC] SKIP       docs/writing/task2/28-24-noise-pollution.html  (2 tag(s) present)
[2026-08-17 23:39:20 UTC] SKIP       docs/writing/task2/29-25-consumption-env.html  (2 tag(s) present)
[2026-08-17 23:39:20 UTC] SKIP       docs/writing/task2/30-02-qual-meaning.html  (2 tag(s) present)
[2026-08-17 23:39:20 UTC] SKIP       docs/writing/task2/31-03-education-method.html  (2 tag(s) present)
[2026-08-17 23:39:20 UTC] SKIP       docs/writing/task2/32-27-technology.html  (2 tag(s) present)
[2026-08-17 23:39:20 UTC] SKIP       docs/writing/task2/33-28-health.html  (2 tag(s) present)
[2026-08-17 23:39:20 UTC] SKIP       docs/writing/task2/34-29-media.html  (2 tag(s) present)
[2026-08-17 23:39:20 UTC] SKIP       docs/writing/task2/35-30-advertising.html  (2 tag(s) present)
[2026-08-17 23:39:20 UTC] SKIP       docs/writing/task2/36-31-globalisation.html  (2 tag(s) present)
[2026-08-17 23:39:20 UTC] SKIP       docs/writing/task2/37-32-travel.html  (2 tag(s) present)
[2026-08-17 23:39:20 UTC] SKIP       docs/writing/task2/38-1-1-single-question.html  (2 tag(s) present)
[2026-08-17 23:39:20 UTC] SKIP       docs/writing/task2/39-1-1-problem-solution.html  (2 tag(s) present)
[2026-08-17 23:39:20 UTC] SKIP       docs/writing/task2/40-1-2-advantage-disadvantage.html  (2 tag(s) present)
[2026-08-17 23:39:20 UTC] SKIP       docs/writing/task2/41-1-5-single-question.html  (2 tag(s) present)
[2026-08-17 23:39:20 UTC] SKIP       docs/writing/task2/42-4-4-problem-solution.html  (2 tag(s) present)
[2026-08-17 23:39:20 UTC] SKIP       docs/speaking/topics/p1-area.html  (1 tag(s) present)
[2026-08-17 23:39:20 UTC] SKIP       docs/speaking/topics/p1-city.html  (1 tag(s) present)
[2026-08-17 23:39:20 UTC] SKIP       docs/speaking/topics/p1-home.html  (1 tag(s) present)
[2026-08-17 23:39:20 UTC] SKIP       docs/speaking/topics/p1-hometown.html  (1 tag(s) present)
[2026-08-17 23:39:20 UTC] SKIP       docs/speaking/topics/p1-work.html  (1 tag(s) present)
[2026-08-17 23:39:20 UTC] SKIP       docs/speaking/topics/p1f-building.html  (1 tag(s) present)
[2026-08-17 23:39:20 UTC] SKIP       docs/speaking/topics/p1f-cars.html  (1 tag(s) present)
[2026-08-17 23:39:20 UTC] SKIP       docs/speaking/topics/p1f-childhood.html  (1 tag(s) present)
[2026-08-17 23:39:20 UTC] SKIP       docs/speaking/topics/p1f-food.html  (1 tag(s) present)
[2026-08-17 23:39:20 UTC] SKIP       docs/speaking/topics/p1f-gifts.html  (1 tag(s) present)
[2026-08-17 23:39:20 UTC] SKIP       docs/speaking/topics/p1f-hobby.html  (1 tag(s) present)
[2026-08-17 23:39:20 UTC] SKIP       docs/speaking/topics/p1f-life-stages.html  (1 tag(s) present)
[2026-08-17 23:39:20 UTC] SKIP       docs/speaking/topics/p1f-mirrors.html  (1 tag(s) present)
[2026-08-17 23:39:20 UTC] SKIP       docs/speaking/topics/p1f-morning.html  (1 tag(s) present)
[2026-08-17 23:39:20 UTC] SKIP       docs/speaking/topics/p1f-music.html  (1 tag(s) present)
[2026-08-17 23:39:20 UTC] SKIP       docs/speaking/topics/p1f-outer-space.html  (1 tag(s) present)
[2026-08-17 23:39:20 UTC] SKIP       docs/speaking/topics/p1f-parks.html  (1 tag(s) present)
[2026-08-17 23:39:20 UTC] SKIP       docs/speaking/topics/p1f-pets.html  (1 tag(s) present)
[2026-08-17 23:39:20 UTC] SKIP       docs/speaking/topics/p1f-reading.html  (1 tag(s) present)
[2026-08-17 23:39:20 UTC] SKIP       docs/speaking/topics/p1f-scenery.html  (1 tag(s) present)
[2026-08-17 23:39:20 UTC] SKIP       docs/speaking/topics/p1f-science.html  (1 tag(s) present)
[2026-08-17 23:39:20 UTC] SKIP       docs/speaking/topics/p1f-shopping.html  (1 tag(s) present)
[2026-08-17 23:39:20 UTC] SKIP       docs/speaking/topics/p1f-singing.html  (1 tag(s) present)
[2026-08-17 23:39:20 UTC] SKIP       docs/speaking/topics/p1f-social-media.html  (1 tag(s) present)
[2026-08-17 23:39:20 UTC] SKIP       docs/speaking/topics/p1f-sports-team.html  (1 tag(s) present)
[2026-08-17 23:39:20 UTC] SKIP       docs/speaking/topics/p1f-teachers.html  (1 tag(s) present)
[2026-08-17 23:39:20 UTC] SKIP       docs/speaking/topics/p1f-tidiness.html  (1 tag(s) present)
[2026-08-17 23:39:20 UTC] SKIP       docs/speaking/topics/p1f-typing.html  (1 tag(s) present)
[2026-08-17 23:39:20 UTC] SKIP       docs/speaking/topics/p1f-views.html  (1 tag(s) present)
[2026-08-17 23:39:20 UTC] SKIP       docs/speaking/topics/p1f-walking.html  (1 tag(s) present)
[2026-08-17 23:39:20 UTC] SKIP       docs/speaking/topics/p1f-watch.html  (1 tag(s) present)
[2026-08-17 23:39:20 UTC] SKIP       docs/speaking/topics/p1f-websites.html  (1 tag(s) present)
[2026-08-17 23:39:20 UTC] SKIP       docs/speaking/topics/p23-advice.html  (1 tag(s) present)
[2026-08-17 23:39:20 UTC] SKIP       docs/speaking/topics/p23-app.html  (1 tag(s) present)
[2026-08-17 23:39:20 UTC] SKIP       docs/speaking/topics/p23-bad-music.html  (1 tag(s) present)
[2026-08-17 23:39:20 UTC] SKIP       docs/speaking/topics/p23-boring.html  (1 tag(s) present)
[2026-08-17 23:39:20 UTC] SKIP       docs/speaking/topics/p23-business.html  (1 tag(s) present)
[2026-08-17 23:39:20 UTC] SKIP       docs/speaking/topics/p23-changed-plan.html  (1 tag(s) present)
[2026-08-17 23:39:20 UTC] SKIP       docs/speaking/topics/p23-child-art.html  (1 tag(s) present)
[2026-08-17 23:39:20 UTC] SKIP       docs/speaking/topics/p23-child-friend.html  (1 tag(s) present)
[2026-08-17 23:39:20 UTC] SKIP       docs/speaking/topics/p23-decision.html  (1 tag(s) present)
[2026-08-17 23:39:20 UTC] SKIP       docs/speaking/topics/p23-early.html  (1 tag(s) present)
[2026-08-17 23:39:20 UTC] SKIP       docs/speaking/topics/p23-encourage.html  (1 tag(s) present)
[2026-08-17 23:39:20 UTC] SKIP       docs/speaking/topics/p23-famous-city.html  (1 tag(s) present)
[2026-08-17 23:39:20 UTC] SKIP       docs/speaking/topics/p23-famous.html  (1 tag(s) present)
[2026-08-17 23:39:20 UTC] SKIP       docs/speaking/topics/p23-fav-city.html  (1 tag(s) present)
[2026-08-17 23:39:20 UTC] SKIP       docs/speaking/topics/p23-foreign-job.html  (1 tag(s) present)
[2026-08-17 23:39:20 UTC] SKIP       docs/speaking/topics/p23-group.html  (1 tag(s) present)
[2026-08-17 23:39:20 UTC] SKIP       docs/speaking/topics/p23-heirloom.html  (1 tag(s) present)
[2026-08-17 23:39:20 UTC] SKIP       docs/speaking/topics/p23-helper.html  (1 tag(s) present)
[2026-08-17 23:39:20 UTC] SKIP       docs/speaking/topics/p23-imagination.html  (1 tag(s) present)
[2026-08-17 23:39:20 UTC] SKIP       docs/speaking/topics/p23-interest-bldg.html  (1 tag(s) present)
[2026-08-17 23:39:20 UTC] SKIP       docs/speaking/topics/p23-law.html  (1 tag(s) present)
[2026-08-17 23:39:20 UTC] SKIP       docs/speaking/topics/p23-medical.html  (1 tag(s) present)
[2026-08-17 23:39:20 UTC] SKIP       docs/speaking/topics/p23-movie.html  (1 tag(s) present)
[2026-08-17 23:39:20 UTC] SKIP       docs/speaking/topics/p23-nanning.html  (1 tag(s) present)
[2026-08-17 23:39:20 UTC] SKIP       docs/speaking/topics/p23-nature.html  (1 tag(s) present)
[2026-08-17 23:39:20 UTC] SKIP       docs/speaking/topics/p23-no-phone.html  (1 tag(s) present)
[2026-08-17 23:39:20 UTC] SKIP       docs/speaking/topics/p23-overspent.html  (1 tag(s) present)
[2026-08-17 23:39:20 UTC] SKIP       docs/speaking/topics/p23-perfect-job.html  (1 tag(s) present)
[2026-08-17 23:39:20 UTC] SKIP       docs/speaking/topics/p23-planning.html  (1 tag(s) present)
[2026-08-17 23:39:20 UTC] SKIP       docs/speaking/topics/p23-plants.html  (1 tag(s) present)
[2026-08-17 23:39:20 UTC] SKIP       docs/speaking/topics/p23-proud.html  (1 tag(s) present)
[2026-08-17 23:39:20 UTC] SKIP       docs/speaking/topics/p23-self-learn.html  (1 tag(s) present)
[2026-08-17 23:39:20 UTC] SKIP       docs/speaking/topics/p23-smart.html  (1 tag(s) present)
[2026-08-17 23:39:20 UTC] SKIP       docs/speaking/topics/p23-smiling.html  (1 tag(s) present)
[2026-08-17 23:39:20 UTC] SKIP       docs/speaking/topics/p23-sports.html  (1 tag(s) present)
[2026-08-17 23:39:20 UTC] SKIP       docs/speaking/topics/p23-tall.html  (1 tag(s) present)
[2026-08-17 23:39:20 UTC] SKIP       docs/speaking/topics/p23-tech.html  (1 tag(s) present)
[2026-08-17 23:39:20 UTC] SKIP       docs/speaking/topics/p23-vehicle.html  (1 tag(s) present)
[2026-08-17 23:39:20 UTC] SKIP       docs/speaking/topics/p23-video.html  (1 tag(s) present)
[2026-08-17 23:39:20 UTC] SKIP       docs/writing/index.html  (1 tag(s) present)
[2026-08-17 23:39:20 UTC] SKIP       docs/speaking/index.html  (1 tag(s) present)
[2026-08-17 23:39:20 UTC] SUMMARY inject: 0 modified, 365 skipped, 0 errors, 365 total
[2026-08-17 23:48:07 UTC] === undo ===
[2026-08-17 23:48:07 UTC] UNDO       docs/writing/task1/01-table-universities-ranked.html  (-2 tag line(s))
[2026-08-17 23:48:07 UTC] UNDO       docs/writing/task1/02-pie-meal-nutrients.html  (-2 tag line(s))
[2026-08-17 23:48:07 UTC] UNDO       docs/writing/task1/03-bar-electricity.html  (-2 tag line(s))
[2026-08-17 23:48:07 UTC] UNDO       docs/writing/task1/04-bar-physical-activity.html  (-2 tag line(s))
[2026-08-17 23:48:07 UTC] UNDO       docs/writing/task1/05-mixed-graph.html  (-2 tag line(s))
[2026-08-17 23:48:07 UTC] UNDO       docs/writing/task1/06-process-rain-shadow-desert.html  (-2 tag line(s))
[2026-08-17 23:48:07 UTC] UNDO       docs/writing/task1/07-process-plastic-recycling.html  (-2 tag line(s))
[2026-08-17 23:48:07 UTC] UNDO       docs/writing/task1/08-process-cement-making.html  (-2 tag line(s))
[2026-08-17 23:48:07 UTC] UNDO       docs/writing/task1/09-mixed-library-survey.html  (-2 tag line(s))
[2026-08-17 23:48:07 UTC] UNDO       docs/writing/task1/10-dynamic-caribbean-tourists.html  (-2 tag line(s))
[2026-08-17 23:48:07 UTC] UNDO       docs/writing/task1/11-dynamic-melbourne-activities.html  (-2 tag line(s))
[2026-08-17 23:48:07 UTC] UNDO       docs/writing/task1/12-dynamic-asian-cities.html  (-2 tag line(s))
[2026-08-17 23:48:07 UTC] UNDO       docs/writing/task1/13-static-uk-school-spending.html  (-2 tag line(s))
[2026-08-17 23:48:07 UTC] UNDO       docs/writing/task2/01-agree-disagree-history-vs-business.html  (-2 tag line(s))
[2026-08-17 23:48:07 UTC] UNDO       docs/writing/task2/02-discuss-both-views-employment-skills.html  (-2 tag line(s))
[2026-08-17 23:48:07 UTC] UNDO       docs/writing/task2/03-positive-negative-children-freedom.html  (-2 tag line(s))
[2026-08-17 23:48:07 UTC] UNDO       docs/writing/task2/04-opinion-teachers-morality.html  (-2 tag line(s))
[2026-08-17 23:48:07 UTC] UNDO       docs/writing/task2/043-1-1-agree-disagree.html  (-2 tag line(s))
[2026-08-17 23:48:07 UTC] UNDO       docs/writing/task2/044-1-1-discuss-both-views.html  (-2 tag line(s))
[2026-08-17 23:48:07 UTC] UNDO       docs/writing/task2/045-1-1-agree-disagree.html  (-2 tag line(s))
[2026-08-17 23:48:07 UTC] UNDO       docs/writing/task2/046-1-1-agree-disagree.html  (-2 tag line(s))
[2026-08-17 23:48:07 UTC] UNDO       docs/writing/task2/047-1-1-discuss-both-views.html  (-2 tag line(s))
[2026-08-17 23:48:07 UTC] UNDO       docs/writing/task2/048-1-1-discuss-both-views.html  (-2 tag line(s))
[2026-08-17 23:48:07 UTC] UNDO       docs/writing/task2/049-1-1-agree-disagree.html  (-2 tag line(s))
[2026-08-17 23:48:07 UTC] UNDO       docs/writing/task2/05-two-questions-environment.html  (-2 tag line(s))
[2026-08-17 23:48:07 UTC] UNDO       docs/writing/task2/050-1-2-positive-negative.html  (-2 tag line(s))
[2026-08-17 23:48:07 UTC] UNDO       docs/writing/task2/051-1-2-discuss-both-views.html  (-2 tag line(s))
[2026-08-17 23:48:07 UTC] UNDO       docs/writing/task2/052-1-2-agree-disagree.html  (-2 tag line(s))
[2026-08-17 23:48:07 UTC] UNDO       docs/writing/task2/053-1-2-discuss-both-views.html  (-2 tag line(s))
[2026-08-17 23:48:07 UTC] UNDO       docs/writing/task2/054-1-2-agree-disagree.html  (-2 tag line(s))
[2026-08-17 23:48:07 UTC] UNDO       docs/writing/task2/055-1-2-agree-disagree.html  (-2 tag line(s))
[2026-08-17 23:48:07 UTC] UNDO       docs/writing/task2/056-1-2-agree-disagree.html  (-2 tag line(s))
[2026-08-17 23:48:07 UTC] UNDO       docs/writing/task2/057-1-2-agree-disagree.html  (-2 tag line(s))
[2026-08-17 23:48:07 UTC] UNDO       docs/writing/task2/058-1-2-discuss-both-views.html  (-2 tag line(s))
[2026-08-17 23:48:07 UTC] UNDO       docs/writing/task2/059-1-2-discuss-both-views.html  (-2 tag line(s))
[2026-08-17 23:48:07 UTC] UNDO       docs/writing/task2/06-26-env-solutions.html  (-2 tag line(s))
[2026-08-17 23:48:07 UTC] UNDO       docs/writing/task2/060-1-3-agree-disagree.html  (-2 tag line(s))
[2026-08-17 23:48:07 UTC] UNDO       docs/writing/task2/061-1-4-discuss-both-views.html  (-2 tag line(s))
[2026-08-17 23:48:07 UTC] UNDO       docs/writing/task2/062-1-4-discuss-both-views.html  (-2 tag line(s))
[2026-08-17 23:48:07 UTC] UNDO       docs/writing/task2/063-1-4-discuss-both-views.html  (-2 tag line(s))
[2026-08-17 23:48:07 UTC] UNDO       docs/writing/task2/064-1-5-discuss-both-views.html  (-2 tag line(s))
[2026-08-17 23:48:07 UTC] UNDO       docs/writing/task2/065-1-5-discuss-both-views.html  (-2 tag line(s))
[2026-08-17 23:48:07 UTC] UNDO       docs/writing/task2/066-1-6-agree-disagree.html  (-2 tag line(s))
[2026-08-17 23:48:07 UTC] UNDO       docs/writing/task2/067-1-6-agree-disagree.html  (-2 tag line(s))
[2026-08-17 23:48:07 UTC] UNDO       docs/writing/task2/068-1-6-advantage-disadvantage.html  (-2 tag line(s))
[2026-08-17 23:48:07 UTC] UNDO       docs/writing/task2/069-1-6-agree-disagree.html  (-2 tag line(s))
[2026-08-17 23:48:07 UTC] UNDO       docs/writing/task2/07-01-lang-learning.html  (-2 tag line(s))
[2026-08-17 23:48:07 UTC] UNDO       docs/writing/task2/070-1-6-agree-disagree.html  (-2 tag line(s))
[2026-08-17 23:48:07 UTC] UNDO       docs/writing/task2/071-1-6-two-questions.html  (-2 tag line(s))
[2026-08-17 23:48:07 UTC] UNDO       docs/writing/task2/072-1-6-two-questions.html  (-2 tag line(s))
[2026-08-17 23:48:07 UTC] UNDO       docs/writing/task2/073-1-7-agree-disagree.html  (-2 tag line(s))
[2026-08-17 23:48:07 UTC] UNDO       docs/writing/task2/074-1-7-advantage-disadvantage.html  (-2 tag line(s))
[2026-08-17 23:48:07 UTC] UNDO       docs/writing/task2/075-1-7-agree-disagree.html  (-2 tag line(s))
[2026-08-17 23:48:07 UTC] UNDO       docs/writing/task2/076-1-8-problem-solution.html  (-2 tag line(s))
[2026-08-17 23:48:07 UTC] UNDO       docs/writing/task2/077-1-8-problem-solution.html  (-2 tag line(s))
[2026-08-17 23:48:07 UTC] UNDO       docs/writing/task2/078-1-8-two-questions.html  (-2 tag line(s))
[2026-08-17 23:48:07 UTC] UNDO       docs/writing/task2/079-2-1-single-question.html  (-2 tag line(s))
[2026-08-17 23:48:07 UTC] UNDO       docs/writing/task2/08-04-education-target.html  (-2 tag line(s))
[2026-08-17 23:48:07 UTC] UNDO       docs/writing/task2/080-2-1-advantage-disadvantage.html  (-2 tag line(s))
[2026-08-17 23:48:07 UTC] UNDO       docs/writing/task2/081-2-1-agree-disagree.html  (-2 tag line(s))
[2026-08-17 23:48:07 UTC] UNDO       docs/writing/task2/082-2-1-agree-disagree.html  (-2 tag line(s))
[2026-08-17 23:48:07 UTC] UNDO       docs/writing/task2/083-2-1-discuss-both-views.html  (-2 tag line(s))
[2026-08-17 23:48:07 UTC] UNDO       docs/writing/task2/084-2-1-agree-disagree.html  (-2 tag line(s))
[2026-08-17 23:48:07 UTC] UNDO       docs/writing/task2/085-2-2-agree-disagree.html  (-2 tag line(s))
[2026-08-17 23:48:07 UTC] UNDO       docs/writing/task2/086-2-2-agree-disagree.html  (-2 tag line(s))
[2026-08-17 23:48:07 UTC] UNDO       docs/writing/task2/087-2-2-agree-disagree.html  (-2 tag line(s))
[2026-08-17 23:48:07 UTC] UNDO       docs/writing/task2/088-2-2-positive-negative.html  (-2 tag line(s))
[2026-08-17 23:48:07 UTC] UNDO       docs/writing/task2/089-2-2-agree-disagree.html  (-2 tag line(s))
[2026-08-17 23:48:07 UTC] UNDO       docs/writing/task2/09-05-education-phenomenon.html  (-2 tag line(s))
[2026-08-17 23:48:07 UTC] UNDO       docs/writing/task2/090-2-3-agree-disagree.html  (-2 tag line(s))
[2026-08-17 23:48:07 UTC] UNDO       docs/writing/task2/091-2-3-agree-disagree.html  (-2 tag line(s))
[2026-08-17 23:48:07 UTC] UNDO       docs/writing/task2/092-2-3-agree-disagree.html  (-2 tag line(s))
[2026-08-17 23:48:07 UTC] UNDO       docs/writing/task2/093-2-3-agree-disagree.html  (-2 tag line(s))
[2026-08-17 23:48:07 UTC] UNDO       docs/writing/task2/094-2-4-agree-disagree.html  (-2 tag line(s))
[2026-08-17 23:48:07 UTC] UNDO       docs/writing/task2/095-2-5-problem-solution.html  (-2 tag line(s))
[2026-08-17 23:48:07 UTC] UNDO       docs/writing/task2/096-3-1-discuss-both-views.html  (-2 tag line(s))
[2026-08-17 23:48:07 UTC] UNDO       docs/writing/task2/097-3-1-agree-disagree.html  (-2 tag line(s))
[2026-08-17 23:48:07 UTC] UNDO       docs/writing/task2/098-3-1-agree-disagree.html  (-2 tag line(s))
[2026-08-17 23:48:07 UTC] UNDO       docs/writing/task2/099-3-1-positive-negative.html  (-2 tag line(s))
[2026-08-17 23:48:07 UTC] UNDO       docs/writing/task2/10-06-job-choice.html  (-2 tag line(s))
[2026-08-17 23:48:07 UTC] UNDO       docs/writing/task2/100-3-1-advantage-disadvantage.html  (-2 tag line(s))
[2026-08-17 23:48:07 UTC] UNDO       docs/writing/task2/101-3-1-advantage-disadvantage.html  (-2 tag line(s))
[2026-08-17 23:48:07 UTC] UNDO       docs/writing/task2/102-3-1-advantage-disadvantage.html  (-2 tag line(s))
[2026-08-17 23:48:07 UTC] UNDO       docs/writing/task2/103-3-1-advantage-disadvantage.html  (-2 tag line(s))
[2026-08-17 23:48:07 UTC] UNDO       docs/writing/task2/104-3-2-agree-disagree.html  (-2 tag line(s))
[2026-08-17 23:48:07 UTC] UNDO       docs/writing/task2/105-3-2-problem-solution.html  (-2 tag line(s))
[2026-08-17 23:48:07 UTC] UNDO       docs/writing/task2/106-3-2-agree-disagree.html  (-2 tag line(s))
[2026-08-17 23:48:07 UTC] UNDO       docs/writing/task2/107-3-2-discuss-both-views.html  (-2 tag line(s))
[2026-08-17 23:48:07 UTC] UNDO       docs/writing/task2/108-3-2-agree-disagree.html  (-2 tag line(s))
[2026-08-17 23:48:07 UTC] UNDO       docs/writing/task2/109-3-2-agree-disagree.html  (-2 tag line(s))
[2026-08-17 23:48:07 UTC] UNDO       docs/writing/task2/11-07-personal-skill.html  (-2 tag line(s))
[2026-08-17 23:48:07 UTC] UNDO       docs/writing/task2/110-3-2-discuss-both-views.html  (-2 tag line(s))
[2026-08-17 23:48:07 UTC] UNDO       docs/writing/task2/111-3-2-agree-disagree.html  (-2 tag line(s))
[2026-08-17 23:48:07 UTC] UNDO       docs/writing/task2/112-3-2-agree-disagree.html  (-2 tag line(s))
[2026-08-17 23:48:07 UTC] UNDO       docs/writing/task2/113-3-2-advantage-disadvantage.html  (-2 tag line(s))
[2026-08-17 23:48:07 UTC] UNDO       docs/writing/task2/114-3-2-discuss-both-views.html  (-2 tag line(s))
[2026-08-17 23:48:07 UTC] UNDO       docs/writing/task2/115-3-2-problem-solution.html  (-2 tag line(s))
[2026-08-17 23:48:07 UTC] UNDO       docs/writing/task2/116-3-2-agree-disagree.html  (-2 tag line(s))
[2026-08-17 23:48:07 UTC] UNDO       docs/writing/task2/117-3-2-discuss-both-views.html  (-2 tag line(s))
[2026-08-17 23:48:07 UTC] UNDO       docs/writing/task2/118-3-2-discuss-both-views.html  (-2 tag line(s))
[2026-08-17 23:48:07 UTC] UNDO       docs/writing/task2/119-3-2-agree-disagree.html  (-2 tag line(s))
[2026-08-17 23:48:07 UTC] UNDO       docs/writing/task2/12-08-work-env.html  (-2 tag line(s))
[2026-08-17 23:48:07 UTC] UNDO       docs/writing/task2/120-3-4-agree-disagree.html  (-2 tag line(s))
[2026-08-17 23:48:07 UTC] UNDO       docs/writing/task2/121-3-4-agree-disagree.html  (-2 tag line(s))
[2026-08-17 23:48:07 UTC] UNDO       docs/writing/task2/122-3-3-two-questions.html  (-2 tag line(s))
[2026-08-17 23:48:07 UTC] UNDO       docs/writing/task2/123-3-3-positive-negative.html  (-2 tag line(s))
[2026-08-17 23:48:07 UTC] UNDO       docs/writing/task2/124-3-3-problem-solution.html  (-2 tag line(s))
[2026-08-17 23:48:07 UTC] UNDO       docs/writing/task2/125-3-3-problem-solution.html  (-2 tag line(s))
[2026-08-17 23:48:07 UTC] UNDO       docs/writing/task2/126-3-3-two-questions.html  (-2 tag line(s))
[2026-08-17 23:48:07 UTC] UNDO       docs/writing/task2/127-3-3-advantage-disadvantage.html  (-2 tag line(s))
[2026-08-17 23:48:07 UTC] UNDO       docs/writing/task2/128-3-4-agree-disagree.html  (-2 tag line(s))
[2026-08-17 23:48:07 UTC] UNDO       docs/writing/task2/129-3-4-problem-solution.html  (-2 tag line(s))
[2026-08-17 23:48:07 UTC] UNDO       docs/writing/task2/13-09-job-types.html  (-2 tag line(s))
[2026-08-17 23:48:07 UTC] UNDO       docs/writing/task2/130-3-4-agree-disagree.html  (-2 tag line(s))
[2026-08-17 23:48:07 UTC] UNDO       docs/writing/task2/131-3-4-agree-disagree.html  (-2 tag line(s))
[2026-08-17 23:48:07 UTC] UNDO       docs/writing/task2/132-3-4-advantage-disadvantage.html  (-2 tag line(s))
[2026-08-17 23:48:07 UTC] UNDO       docs/writing/task2/133-3-4-advantage-disadvantage.html  (-2 tag line(s))
[2026-08-17 23:48:07 UTC] UNDO       docs/writing/task2/134-3-4-two-questions.html  (-2 tag line(s))
[2026-08-17 23:48:07 UTC] UNDO       docs/writing/task2/135-3-4-two-questions.html  (-2 tag line(s))
[2026-08-17 23:48:07 UTC] UNDO       docs/writing/task2/136-3-4-agree-disagree.html  (-2 tag line(s))
[2026-08-17 23:48:07 UTC] UNDO       docs/writing/task2/137-3-4-two-questions.html  (-2 tag line(s))
[2026-08-17 23:48:07 UTC] UNDO       docs/writing/task2/138-3-5-agree-disagree.html  (-2 tag line(s))
[2026-08-17 23:48:07 UTC] UNDO       docs/writing/task2/139-3-5-discuss-both-views.html  (-2 tag line(s))
[2026-08-17 23:48:07 UTC] UNDO       docs/writing/task2/14-10-work-life-balance.html  (-2 tag line(s))
[2026-08-17 23:48:07 UTC] UNDO       docs/writing/task2/140-3-5-discuss-both-views.html  (-2 tag line(s))
[2026-08-17 23:48:07 UTC] UNDO       docs/writing/task2/141-3-5-agree-disagree.html  (-2 tag line(s))
[2026-08-17 23:48:07 UTC] UNDO       docs/writing/task2/142-3-5-problem-solution.html  (-2 tag line(s))
[2026-08-17 23:48:07 UTC] UNDO       docs/writing/task2/143-3-5-discuss-both-views.html  (-2 tag line(s))
[2026-08-17 23:48:07 UTC] UNDO       docs/writing/task2/144-3-5-agree-disagree.html  (-2 tag line(s))
[2026-08-17 23:48:07 UTC] UNDO       docs/writing/task2/145-3-5-discuss-both-views.html  (-2 tag line(s))
[2026-08-17 23:48:07 UTC] UNDO       docs/writing/task2/146-3-5-discuss-both-views.html  (-2 tag line(s))
[2026-08-17 23:48:07 UTC] UNDO       docs/writing/task2/147-3-5-problem-solution.html  (-2 tag line(s))
[2026-08-17 23:48:07 UTC] UNDO       docs/writing/task2/148-3-5-discuss-both-views.html  (-2 tag line(s))
[2026-08-17 23:48:07 UTC] UNDO       docs/writing/task2/149-3-5-discuss-both-views.html  (-2 tag line(s))
[2026-08-17 23:48:07 UTC] UNDO       docs/writing/task2/15-11-urbanisation.html  (-2 tag line(s))
[2026-08-17 23:48:07 UTC] UNDO       docs/writing/task2/150-3-5-agree-disagree.html  (-2 tag line(s))
[2026-08-17 23:48:07 UTC] UNDO       docs/writing/task2/151-3-5-discuss-both-views.html  (-2 tag line(s))
[2026-08-17 23:48:07 UTC] UNDO       docs/writing/task2/152-3-5-advantage-disadvantage.html  (-2 tag line(s))
[2026-08-17 23:48:07 UTC] UNDO       docs/writing/task2/153-3-5-opinion.html  (-2 tag line(s))
[2026-08-17 23:48:07 UTC] UNDO       docs/writing/task2/154-3-5-agree-disagree.html  (-2 tag line(s))
[2026-08-17 23:48:07 UTC] UNDO       docs/writing/task2/155-3-6-problem-solution.html  (-2 tag line(s))
[2026-08-17 23:48:07 UTC] UNDO       docs/writing/task2/156-3-6-problem-solution.html  (-2 tag line(s))
[2026-08-17 23:48:07 UTC] UNDO       docs/writing/task2/157-3-6-problem-solution.html  (-2 tag line(s))
[2026-08-17 23:48:07 UTC] UNDO       docs/writing/task2/158-3-6-problem-solution.html  (-2 tag line(s))
[2026-08-17 23:48:07 UTC] UNDO       docs/writing/task2/159-3-6-problem-solution.html  (-2 tag line(s))
[2026-08-17 23:48:07 UTC] UNDO       docs/writing/task2/16-12-culture.html  (-2 tag line(s))
[2026-08-17 23:48:07 UTC] UNDO       docs/writing/task2/160-3-6-problem-solution.html  (-2 tag line(s))
[2026-08-17 23:48:07 UTC] UNDO       docs/writing/task2/161-3-6-problem-solution.html  (-2 tag line(s))
[2026-08-17 23:48:07 UTC] UNDO       docs/writing/task2/162-3-6-problem-solution.html  (-2 tag line(s))
[2026-08-17 23:48:07 UTC] UNDO       docs/writing/task2/163-3-6-two-questions.html  (-2 tag line(s))
[2026-08-17 23:48:07 UTC] UNDO       docs/writing/task2/164-3-6-problem-solution.html  (-2 tag line(s))
[2026-08-17 23:48:07 UTC] UNDO       docs/writing/task2/165-3-6-problem-solution.html  (-2 tag line(s))
[2026-08-17 23:48:07 UTC] UNDO       docs/writing/task2/166-3-6-two-questions.html  (-2 tag line(s))
[2026-08-17 23:48:07 UTC] UNDO       docs/writing/task2/167-3-6-two-questions.html  (-2 tag line(s))
[2026-08-17 23:48:07 UTC] UNDO       docs/writing/task2/168-3-6-problem-solution.html  (-2 tag line(s))
[2026-08-17 23:48:07 UTC] UNDO       docs/writing/task2/169-3-6-problem-solution.html  (-2 tag line(s))
[2026-08-17 23:48:07 UTC] UNDO       docs/writing/task2/17-13-ageing.html  (-2 tag line(s))
[2026-08-17 23:48:07 UTC] UNDO       docs/writing/task2/170-3-7-positive-negative.html  (-2 tag line(s))
[2026-08-17 23:48:07 UTC] UNDO       docs/writing/task2/171-3-8-agree-disagree.html  (-2 tag line(s))
[2026-08-17 23:48:07 UTC] UNDO       docs/writing/task2/172-3-8-advantage-disadvantage.html  (-2 tag line(s))
[2026-08-17 23:48:07 UTC] UNDO       docs/writing/task2/173-3-8-advantage-disadvantage.html  (-2 tag line(s))
[2026-08-17 23:48:07 UTC] UNDO       docs/writing/task2/174-3-8-agree-disagree.html  (-2 tag line(s))
[2026-08-17 23:48:07 UTC] UNDO       docs/writing/task2/175-3-9-agree-disagree.html  (-2 tag line(s))
[2026-08-17 23:48:07 UTC] UNDO       docs/writing/task2/176-3-10-agree-disagree.html  (-2 tag line(s))
[2026-08-17 23:48:07 UTC] UNDO       docs/writing/task2/177-4-1-agree-disagree.html  (-2 tag line(s))
[2026-08-17 23:48:07 UTC] UNDO       docs/writing/task2/178-4-1-agree-disagree.html  (-2 tag line(s))
[2026-08-17 23:48:07 UTC] UNDO       docs/writing/task2/179-4-1-discuss-both-views.html  (-2 tag line(s))
[2026-08-17 23:48:07 UTC] UNDO       docs/writing/task2/18-14-transport.html  (-2 tag line(s))
[2026-08-17 23:48:07 UTC] UNDO       docs/writing/task2/180-4-1-agree-disagree.html  (-2 tag line(s))
[2026-08-17 23:48:07 UTC] UNDO       docs/writing/task2/181-4-2-problem-solution.html  (-2 tag line(s))
[2026-08-17 23:48:07 UTC] UNDO       docs/writing/task2/182-4-3-problem-solution.html  (-2 tag line(s))
[2026-08-17 23:48:07 UTC] UNDO       docs/writing/task2/183-4-3-agree-disagree.html  (-2 tag line(s))
[2026-08-17 23:48:07 UTC] UNDO       docs/writing/task2/184-4-4-problem-solution.html  (-2 tag line(s))
[2026-08-17 23:48:07 UTC] UNDO       docs/writing/task2/185-4-4-problem-solution.html  (-2 tag line(s))
[2026-08-17 23:48:07 UTC] UNDO       docs/writing/task2/186-4-4-advantage-disadvantage.html  (-2 tag line(s))
[2026-08-17 23:48:07 UTC] UNDO       docs/writing/task2/187-4-4-discuss-both-views.html  (-2 tag line(s))
[2026-08-17 23:48:07 UTC] UNDO       docs/writing/task2/188-4-4-agree-disagree.html  (-2 tag line(s))
[2026-08-17 23:48:07 UTC] UNDO       docs/writing/task2/189-4-4-advantage-disadvantage.html  (-2 tag line(s))
[2026-08-17 23:48:07 UTC] UNDO       docs/writing/task2/19-15-values-compare.html  (-2 tag line(s))
[2026-08-17 23:48:07 UTC] UNDO       docs/writing/task2/190-4-5-problem-solution.html  (-2 tag line(s))
[2026-08-17 23:48:07 UTC] UNDO       docs/writing/task2/191-4-6-problem-solution.html  (-2 tag line(s))
[2026-08-17 23:48:07 UTC] UNDO       docs/writing/task2/192-4-6-two-questions.html  (-2 tag line(s))
[2026-08-17 23:48:07 UTC] UNDO       docs/writing/task2/193-4-7-agree-disagree.html  (-2 tag line(s))
[2026-08-17 23:48:07 UTC] UNDO       docs/writing/task2/194-4-7-discuss-both-views.html  (-2 tag line(s))
[2026-08-17 23:48:07 UTC] UNDO       docs/writing/task2/195-4-7-agree-disagree.html  (-2 tag line(s))
[2026-08-17 23:48:07 UTC] UNDO       docs/writing/task2/196-5-1-agree-disagree.html  (-2 tag line(s))
[2026-08-17 23:48:07 UTC] UNDO       docs/writing/task2/197-5-1-agree-disagree.html  (-2 tag line(s))
[2026-08-17 23:48:07 UTC] UNDO       docs/writing/task2/198-5-1-agree-disagree.html  (-2 tag line(s))
[2026-08-17 23:48:07 UTC] UNDO       docs/writing/task2/199-5-1-agree-disagree.html  (-2 tag line(s))
[2026-08-17 23:48:07 UTC] UNDO       docs/writing/task2/20-16-social-phenomenon.html  (-2 tag line(s))
[2026-08-17 23:48:07 UTC] UNDO       docs/writing/task2/200-5-1-discuss-both-views.html  (-2 tag line(s))
[2026-08-17 23:48:07 UTC] UNDO       docs/writing/task2/201-5-1-discuss-both-views.html  (-2 tag line(s))
[2026-08-17 23:48:07 UTC] UNDO       docs/writing/task2/202-5-1-opinion.html  (-2 tag line(s))
[2026-08-17 23:48:07 UTC] UNDO       docs/writing/task2/203-5-1-agree-disagree.html  (-2 tag line(s))
[2026-08-17 23:48:07 UTC] UNDO       docs/writing/task2/204-5-1-agree-disagree.html  (-2 tag line(s))
[2026-08-17 23:48:07 UTC] UNDO       docs/writing/task2/205-5-1-agree-disagree.html  (-2 tag line(s))
[2026-08-17 23:48:07 UTC] UNDO       docs/writing/task2/206-5-1-positive-negative.html  (-2 tag line(s))
[2026-08-17 23:48:07 UTC] UNDO       docs/writing/task2/207-5-1-discuss-both-views.html  (-2 tag line(s))
[2026-08-17 23:48:07 UTC] UNDO       docs/writing/task2/208-5-1-advantage-disadvantage.html  (-2 tag line(s))
[2026-08-17 23:48:07 UTC] UNDO       docs/writing/task2/209-5-1-discuss-both-views.html  (-2 tag line(s))
[2026-08-17 23:48:07 UTC] UNDO       docs/writing/task2/21-17-privacy.html  (-2 tag line(s))
[2026-08-17 23:48:07 UTC] UNDO       docs/writing/task2/210-5-2-agree-disagree.html  (-2 tag line(s))
[2026-08-17 23:48:07 UTC] UNDO       docs/writing/task2/211-5-2-problem-solution.html  (-2 tag line(s))
[2026-08-17 23:48:07 UTC] UNDO       docs/writing/task2/212-5-2-agree-disagree.html  (-2 tag line(s))
[2026-08-17 23:48:07 UTC] UNDO       docs/writing/task2/213-5-2-problem-solution.html  (-2 tag line(s))
[2026-08-17 23:48:07 UTC] UNDO       docs/writing/task2/214-5-2-advantage-disadvantage.html  (-2 tag line(s))
[2026-08-17 23:48:07 UTC] UNDO       docs/writing/task2/215-5-2-agree-disagree.html  (-2 tag line(s))
[2026-08-17 23:48:07 UTC] UNDO       docs/writing/task2/216-6-1-agree-disagree.html  (-2 tag line(s))
[2026-08-17 23:48:07 UTC] UNDO       docs/writing/task2/217-6-1-discuss-both-views.html  (-2 tag line(s))
[2026-08-17 23:48:07 UTC] UNDO       docs/writing/task2/218-6-1-positive-negative.html  (-2 tag line(s))
[2026-08-17 23:48:07 UTC] UNDO       docs/writing/task2/219-6-1-advantage-disadvantage.html  (-2 tag line(s))
[2026-08-17 23:48:07 UTC] UNDO       docs/writing/task2/22-18-life-change.html  (-2 tag line(s))
[2026-08-17 23:48:07 UTC] UNDO       docs/writing/task2/220-6-1-advantage-disadvantage.html  (-2 tag line(s))
[2026-08-17 23:48:07 UTC] UNDO       docs/writing/task2/221-6-1-positive-negative.html  (-2 tag line(s))
[2026-08-17 23:48:07 UTC] UNDO       docs/writing/task2/222-6-1-agree-disagree.html  (-2 tag line(s))
[2026-08-17 23:48:07 UTC] UNDO       docs/writing/task2/223-6-1-agree-disagree.html  (-2 tag line(s))
[2026-08-17 23:48:07 UTC] UNDO       docs/writing/task2/224-6-1-discuss-both-views.html  (-2 tag line(s))
[2026-08-17 23:48:07 UTC] UNDO       docs/writing/task2/225-6-1-discuss-both-views.html  (-2 tag line(s))
[2026-08-17 23:48:07 UTC] UNDO       docs/writing/task2/226-6-1-agree-disagree.html  (-2 tag line(s))
[2026-08-17 23:48:07 UTC] UNDO       docs/writing/task2/227-6-1-discuss-both-views.html  (-2 tag line(s))
[2026-08-17 23:48:07 UTC] UNDO       docs/writing/task2/228-6-1-discuss-both-views.html  (-2 tag line(s))
[2026-08-17 23:48:07 UTC] UNDO       docs/writing/task2/229-6-1-agree-disagree.html  (-2 tag line(s))
[2026-08-17 23:48:07 UTC] UNDO       docs/writing/task2/23-19-gender.html  (-2 tag line(s))
[2026-08-17 23:48:07 UTC] UNDO       docs/writing/task2/230-6-1-discuss-both-views.html  (-2 tag line(s))
[2026-08-17 23:48:07 UTC] UNDO       docs/writing/task2/231-6-1-discuss-both-views.html  (-2 tag line(s))
[2026-08-17 23:48:07 UTC] UNDO       docs/writing/task2/232-6-1-agree-disagree.html  (-2 tag line(s))
[2026-08-17 23:48:07 UTC] UNDO       docs/writing/task2/233-6-1-two-questions.html  (-2 tag line(s))
[2026-08-17 23:48:07 UTC] UNDO       docs/writing/task2/234-6-2-discuss-both-views.html  (-2 tag line(s))
[2026-08-17 23:48:07 UTC] UNDO       docs/writing/task2/235-6-2-agree-disagree.html  (-2 tag line(s))
[2026-08-17 23:48:07 UTC] UNDO       docs/writing/task2/236-6-2-problem-solution.html  (-2 tag line(s))
[2026-08-17 23:48:07 UTC] UNDO       docs/writing/task2/237-6-2-discuss-both-views.html  (-2 tag line(s))
[2026-08-17 23:48:07 UTC] UNDO       docs/writing/task2/238-6-2-problem-solution.html  (-2 tag line(s))
[2026-08-17 23:48:07 UTC] UNDO       docs/writing/task2/239-7-1-problem-solution.html  (-2 tag line(s))
[2026-08-17 23:48:07 UTC] UNDO       docs/writing/task2/24-20-civility.html  (-2 tag line(s))
[2026-08-17 23:48:07 UTC] UNDO       docs/writing/task2/240-7-1-agree-disagree.html  (-2 tag line(s))
[2026-08-17 23:48:07 UTC] UNDO       docs/writing/task2/241-7-1-discuss-both-views.html  (-2 tag line(s))
[2026-08-17 23:48:07 UTC] UNDO       docs/writing/task2/242-7-1-agree-disagree.html  (-2 tag line(s))
[2026-08-17 23:48:07 UTC] UNDO       docs/writing/task2/243-7-1-agree-disagree.html  (-2 tag line(s))
[2026-08-17 23:48:07 UTC] UNDO       docs/writing/task2/244-8-1-agree-disagree.html  (-2 tag line(s))
[2026-08-17 23:48:07 UTC] UNDO       docs/writing/task2/245-8-1-positive-negative.html  (-2 tag line(s))
[2026-08-17 23:48:07 UTC] UNDO       docs/writing/task2/246-8-1-agree-disagree.html  (-2 tag line(s))
[2026-08-17 23:48:07 UTC] UNDO       docs/writing/task2/247-8-1-problem-solution.html  (-2 tag line(s))
[2026-08-17 23:48:07 UTC] UNDO       docs/writing/task2/248-8-1-discuss-both-views.html  (-2 tag line(s))
[2026-08-17 23:48:07 UTC] UNDO       docs/writing/task2/249-8-1-discuss-both-views.html  (-2 tag line(s))
[2026-08-17 23:48:07 UTC] UNDO       docs/writing/task2/25-21-animal-protection.html  (-2 tag line(s))
[2026-08-17 23:48:07 UTC] UNDO       docs/writing/task2/250-8-1-agree-disagree.html  (-2 tag line(s))
[2026-08-17 23:48:07 UTC] UNDO       docs/writing/task2/251-8-1-discuss-both-views.html  (-2 tag line(s))
[2026-08-17 23:48:07 UTC] UNDO       docs/writing/task2/252-8-1-two-questions.html  (-2 tag line(s))
[2026-08-17 23:48:07 UTC] UNDO       docs/writing/task2/253-8-1-agree-disagree.html  (-2 tag line(s))
[2026-08-17 23:48:07 UTC] UNDO       docs/writing/task2/254-8-1-agree-disagree.html  (-2 tag line(s))
[2026-08-17 23:48:07 UTC] UNDO       docs/writing/task2/255-8-1-discuss-both-views.html  (-2 tag line(s))
[2026-08-17 23:48:07 UTC] UNDO       docs/writing/task2/256-8-1-positive-negative.html  (-2 tag line(s))
[2026-08-17 23:48:07 UTC] UNDO       docs/writing/task2/257-8-2-two-questions.html  (-2 tag line(s))
[2026-08-17 23:48:07 UTC] UNDO       docs/writing/task2/258-8-2-discuss-both-views.html  (-2 tag line(s))
[2026-08-17 23:48:07 UTC] UNDO       docs/writing/task2/259-8-2-two-questions.html  (-2 tag line(s))
[2026-08-17 23:48:07 UTC] UNDO       docs/writing/task2/26-22-plastic.html  (-2 tag line(s))
[2026-08-17 23:48:07 UTC] UNDO       docs/writing/task2/260-8-2-positive-negative.html  (-2 tag line(s))
[2026-08-17 23:48:07 UTC] UNDO       docs/writing/task2/261-9-1-discuss-both-views.html  (-2 tag line(s))
[2026-08-17 23:48:07 UTC] UNDO       docs/writing/task2/262-9-1-agree-disagree.html  (-2 tag line(s))
[2026-08-17 23:48:07 UTC] UNDO       docs/writing/task2/263-9-1-agree-disagree.html  (-2 tag line(s))
[2026-08-17 23:48:07 UTC] UNDO       docs/writing/task2/264-9-1-discuss-both-views.html  (-2 tag line(s))
[2026-08-17 23:48:07 UTC] UNDO       docs/writing/task2/265-9-1-discuss-both-views.html  (-2 tag line(s))
[2026-08-17 23:48:07 UTC] UNDO       docs/writing/task2/266-9-1-discuss-both-views.html  (-2 tag line(s))
[2026-08-17 23:48:07 UTC] UNDO       docs/writing/task2/267-9-1-agree-disagree.html  (-2 tag line(s))
[2026-08-17 23:48:07 UTC] UNDO       docs/writing/task2/268-9-1-discuss-both-views.html  (-2 tag line(s))
[2026-08-17 23:48:07 UTC] UNDO       docs/writing/task2/269-9-1-agree-disagree.html  (-2 tag line(s))
[2026-08-17 23:48:07 UTC] UNDO       docs/writing/task2/27-23-water.html  (-2 tag line(s))
[2026-08-17 23:48:07 UTC] UNDO       docs/writing/task2/270-9-1-discuss-both-views.html  (-2 tag line(s))
[2026-08-17 23:48:07 UTC] UNDO       docs/writing/task2/271-9-1-discuss-both-views.html  (-2 tag line(s))
[2026-08-17 23:48:07 UTC] UNDO       docs/writing/task2/272-10-1-agree-disagree.html  (-2 tag line(s))
[2026-08-17 23:48:07 UTC] UNDO       docs/writing/task2/273-10-1-problem-solution.html  (-2 tag line(s))
[2026-08-17 23:48:07 UTC] UNDO       docs/writing/task2/274-10-1-problem-solution.html  (-2 tag line(s))
[2026-08-17 23:48:07 UTC] UNDO       docs/writing/task2/275-10-1-agree-disagree.html  (-2 tag line(s))
[2026-08-17 23:48:07 UTC] UNDO       docs/writing/task2/276-10-1-discuss-both-views.html  (-2 tag line(s))
[2026-08-17 23:48:07 UTC] UNDO       docs/writing/task2/277-10-1-discuss-both-views.html  (-2 tag line(s))
[2026-08-17 23:48:07 UTC] UNDO       docs/writing/task2/278-10-1-discuss-both-views.html  (-2 tag line(s))
[2026-08-17 23:48:07 UTC] UNDO       docs/writing/task2/279-10-1-agree-disagree.html  (-2 tag line(s))
[2026-08-17 23:48:07 UTC] UNDO       docs/writing/task2/28-24-noise-pollution.html  (-2 tag line(s))
[2026-08-17 23:48:07 UTC] UNDO       docs/writing/task2/29-25-consumption-env.html  (-2 tag line(s))
[2026-08-17 23:48:07 UTC] UNDO       docs/writing/task2/30-02-qual-meaning.html  (-2 tag line(s))
[2026-08-17 23:48:07 UTC] UNDO       docs/writing/task2/31-03-education-method.html  (-2 tag line(s))
[2026-08-17 23:48:07 UTC] UNDO       docs/writing/task2/32-27-technology.html  (-2 tag line(s))
[2026-08-17 23:48:07 UTC] UNDO       docs/writing/task2/33-28-health.html  (-2 tag line(s))
[2026-08-17 23:48:07 UTC] UNDO       docs/writing/task2/34-29-media.html  (-2 tag line(s))
[2026-08-17 23:48:07 UTC] UNDO       docs/writing/task2/35-30-advertising.html  (-2 tag line(s))
[2026-08-17 23:48:07 UTC] UNDO       docs/writing/task2/36-31-globalisation.html  (-2 tag line(s))
[2026-08-17 23:48:07 UTC] UNDO       docs/writing/task2/37-32-travel.html  (-2 tag line(s))
[2026-08-17 23:48:07 UTC] UNDO       docs/writing/task2/38-1-1-single-question.html  (-2 tag line(s))
[2026-08-17 23:48:07 UTC] UNDO       docs/writing/task2/39-1-1-problem-solution.html  (-2 tag line(s))
[2026-08-17 23:48:07 UTC] UNDO       docs/writing/task2/40-1-2-advantage-disadvantage.html  (-2 tag line(s))
[2026-08-17 23:48:07 UTC] UNDO       docs/writing/task2/41-1-5-single-question.html  (-2 tag line(s))
[2026-08-17 23:48:07 UTC] UNDO       docs/writing/task2/42-4-4-problem-solution.html  (-2 tag line(s))
[2026-08-17 23:48:07 UTC] UNDO       docs/speaking/topics/p1-area.html  (-1 tag line(s))
[2026-08-17 23:48:07 UTC] UNDO       docs/speaking/topics/p1-city.html  (-1 tag line(s))
[2026-08-17 23:48:07 UTC] UNDO       docs/speaking/topics/p1-home.html  (-1 tag line(s))
[2026-08-17 23:48:07 UTC] UNDO       docs/speaking/topics/p1-hometown.html  (-1 tag line(s))
[2026-08-17 23:48:07 UTC] UNDO       docs/speaking/topics/p1-work.html  (-1 tag line(s))
[2026-08-17 23:48:07 UTC] UNDO       docs/speaking/topics/p1f-building.html  (-1 tag line(s))
[2026-08-17 23:48:07 UTC] UNDO       docs/speaking/topics/p1f-cars.html  (-1 tag line(s))
[2026-08-17 23:48:07 UTC] UNDO       docs/speaking/topics/p1f-childhood.html  (-1 tag line(s))
[2026-08-17 23:48:07 UTC] UNDO       docs/speaking/topics/p1f-food.html  (-1 tag line(s))
[2026-08-17 23:48:07 UTC] UNDO       docs/speaking/topics/p1f-gifts.html  (-1 tag line(s))
[2026-08-17 23:48:07 UTC] UNDO       docs/speaking/topics/p1f-hobby.html  (-1 tag line(s))
[2026-08-17 23:48:07 UTC] UNDO       docs/speaking/topics/p1f-life-stages.html  (-1 tag line(s))
[2026-08-17 23:48:07 UTC] UNDO       docs/speaking/topics/p1f-mirrors.html  (-1 tag line(s))
[2026-08-17 23:48:07 UTC] UNDO       docs/speaking/topics/p1f-morning.html  (-1 tag line(s))
[2026-08-17 23:48:07 UTC] UNDO       docs/speaking/topics/p1f-music.html  (-1 tag line(s))
[2026-08-17 23:48:07 UTC] UNDO       docs/speaking/topics/p1f-outer-space.html  (-1 tag line(s))
[2026-08-17 23:48:07 UTC] UNDO       docs/speaking/topics/p1f-parks.html  (-1 tag line(s))
[2026-08-17 23:48:07 UTC] UNDO       docs/speaking/topics/p1f-pets.html  (-1 tag line(s))
[2026-08-17 23:48:07 UTC] UNDO       docs/speaking/topics/p1f-reading.html  (-1 tag line(s))
[2026-08-17 23:48:07 UTC] UNDO       docs/speaking/topics/p1f-scenery.html  (-1 tag line(s))
[2026-08-17 23:48:07 UTC] UNDO       docs/speaking/topics/p1f-science.html  (-1 tag line(s))
[2026-08-17 23:48:07 UTC] UNDO       docs/speaking/topics/p1f-shopping.html  (-1 tag line(s))
[2026-08-17 23:48:07 UTC] UNDO       docs/speaking/topics/p1f-singing.html  (-1 tag line(s))
[2026-08-17 23:48:07 UTC] UNDO       docs/speaking/topics/p1f-social-media.html  (-1 tag line(s))
[2026-08-17 23:48:07 UTC] UNDO       docs/speaking/topics/p1f-sports-team.html  (-1 tag line(s))
[2026-08-17 23:48:07 UTC] UNDO       docs/speaking/topics/p1f-teachers.html  (-1 tag line(s))
[2026-08-17 23:48:07 UTC] UNDO       docs/speaking/topics/p1f-tidiness.html  (-1 tag line(s))
[2026-08-17 23:48:07 UTC] UNDO       docs/speaking/topics/p1f-typing.html  (-1 tag line(s))
[2026-08-17 23:48:07 UTC] UNDO       docs/speaking/topics/p1f-views.html  (-1 tag line(s))
[2026-08-17 23:48:07 UTC] UNDO       docs/speaking/topics/p1f-walking.html  (-1 tag line(s))
[2026-08-17 23:48:07 UTC] UNDO       docs/speaking/topics/p1f-watch.html  (-1 tag line(s))
[2026-08-17 23:48:07 UTC] UNDO       docs/speaking/topics/p1f-websites.html  (-1 tag line(s))
[2026-08-17 23:48:07 UTC] UNDO       docs/speaking/topics/p23-advice.html  (-1 tag line(s))
[2026-08-17 23:48:07 UTC] UNDO       docs/speaking/topics/p23-app.html  (-1 tag line(s))
[2026-08-17 23:48:07 UTC] UNDO       docs/speaking/topics/p23-bad-music.html  (-1 tag line(s))
[2026-08-17 23:48:07 UTC] UNDO       docs/speaking/topics/p23-boring.html  (-1 tag line(s))
[2026-08-17 23:48:07 UTC] UNDO       docs/speaking/topics/p23-business.html  (-1 tag line(s))
[2026-08-17 23:48:07 UTC] UNDO       docs/speaking/topics/p23-changed-plan.html  (-1 tag line(s))
[2026-08-17 23:48:07 UTC] UNDO       docs/speaking/topics/p23-child-art.html  (-1 tag line(s))
[2026-08-17 23:48:07 UTC] UNDO       docs/speaking/topics/p23-child-friend.html  (-1 tag line(s))
[2026-08-17 23:48:07 UTC] UNDO       docs/speaking/topics/p23-decision.html  (-1 tag line(s))
[2026-08-17 23:48:07 UTC] UNDO       docs/speaking/topics/p23-early.html  (-1 tag line(s))
[2026-08-17 23:48:07 UTC] UNDO       docs/speaking/topics/p23-encourage.html  (-1 tag line(s))
[2026-08-17 23:48:07 UTC] UNDO       docs/speaking/topics/p23-famous-city.html  (-1 tag line(s))
[2026-08-17 23:48:07 UTC] UNDO       docs/speaking/topics/p23-famous.html  (-1 tag line(s))
[2026-08-17 23:48:07 UTC] UNDO       docs/speaking/topics/p23-fav-city.html  (-1 tag line(s))
[2026-08-17 23:48:07 UTC] UNDO       docs/speaking/topics/p23-foreign-job.html  (-1 tag line(s))
[2026-08-17 23:48:07 UTC] UNDO       docs/speaking/topics/p23-group.html  (-1 tag line(s))
[2026-08-17 23:48:07 UTC] UNDO       docs/speaking/topics/p23-heirloom.html  (-1 tag line(s))
[2026-08-17 23:48:07 UTC] UNDO       docs/speaking/topics/p23-helper.html  (-1 tag line(s))
[2026-08-17 23:48:07 UTC] UNDO       docs/speaking/topics/p23-imagination.html  (-1 tag line(s))
[2026-08-17 23:48:07 UTC] UNDO       docs/speaking/topics/p23-interest-bldg.html  (-1 tag line(s))
[2026-08-17 23:48:07 UTC] UNDO       docs/speaking/topics/p23-law.html  (-1 tag line(s))
[2026-08-17 23:48:07 UTC] UNDO       docs/speaking/topics/p23-medical.html  (-1 tag line(s))
[2026-08-17 23:48:07 UTC] UNDO       docs/speaking/topics/p23-movie.html  (-1 tag line(s))
[2026-08-17 23:48:07 UTC] UNDO       docs/speaking/topics/p23-nanning.html  (-1 tag line(s))
[2026-08-17 23:48:07 UTC] UNDO       docs/speaking/topics/p23-nature.html  (-1 tag line(s))
[2026-08-17 23:48:07 UTC] UNDO       docs/speaking/topics/p23-no-phone.html  (-1 tag line(s))
[2026-08-17 23:48:07 UTC] UNDO       docs/speaking/topics/p23-overspent.html  (-1 tag line(s))
[2026-08-17 23:48:07 UTC] UNDO       docs/speaking/topics/p23-perfect-job.html  (-1 tag line(s))
[2026-08-17 23:48:07 UTC] UNDO       docs/speaking/topics/p23-planning.html  (-1 tag line(s))
[2026-08-17 23:48:07 UTC] UNDO       docs/speaking/topics/p23-plants.html  (-1 tag line(s))
[2026-08-17 23:48:07 UTC] UNDO       docs/speaking/topics/p23-proud.html  (-1 tag line(s))
[2026-08-17 23:48:07 UTC] UNDO       docs/speaking/topics/p23-self-learn.html  (-1 tag line(s))
[2026-08-17 23:48:07 UTC] UNDO       docs/speaking/topics/p23-smart.html  (-1 tag line(s))
[2026-08-17 23:48:07 UTC] UNDO       docs/speaking/topics/p23-smiling.html  (-1 tag line(s))
[2026-08-17 23:48:07 UTC] UNDO       docs/speaking/topics/p23-sports.html  (-1 tag line(s))
[2026-08-17 23:48:07 UTC] UNDO       docs/speaking/topics/p23-tall.html  (-1 tag line(s))
[2026-08-17 23:48:07 UTC] UNDO       docs/speaking/topics/p23-tech.html  (-1 tag line(s))
[2026-08-17 23:48:07 UTC] UNDO       docs/speaking/topics/p23-vehicle.html  (-1 tag line(s))
[2026-08-17 23:48:07 UTC] UNDO       docs/speaking/topics/p23-video.html  (-1 tag line(s))
[2026-08-17 23:48:07 UTC] UNDO       docs/writing/index.html  (-1 tag line(s))
[2026-08-17 23:48:07 UTC] UNDO       docs/speaking/index.html  (-1 tag line(s))
[2026-08-17 23:48:07 UTC] SUMMARY undo: 365 modified, 0 unchanged, 0 errors, 365 total
[2026-08-17 23:48:07 UTC] === inject ===
[2026-08-17 23:48:07 UTC] INJECT     docs/writing/task1/01-table-universities-ranked.html  (+2/2 tag(s))
[2026-08-17 23:48:07 UTC] INJECT     docs/writing/task1/02-pie-meal-nutrients.html  (+2/2 tag(s))
[2026-08-17 23:48:07 UTC] INJECT     docs/writing/task1/03-bar-electricity.html  (+2/2 tag(s))
[2026-08-17 23:48:07 UTC] INJECT     docs/writing/task1/04-bar-physical-activity.html  (+2/2 tag(s))
[2026-08-17 23:48:07 UTC] INJECT     docs/writing/task1/05-mixed-graph.html  (+2/2 tag(s))
[2026-08-17 23:48:07 UTC] INJECT     docs/writing/task1/06-process-rain-shadow-desert.html  (+2/2 tag(s))
[2026-08-17 23:48:07 UTC] INJECT     docs/writing/task1/07-process-plastic-recycling.html  (+2/2 tag(s))
[2026-08-17 23:48:07 UTC] INJECT     docs/writing/task1/08-process-cement-making.html  (+2/2 tag(s))
[2026-08-17 23:48:07 UTC] INJECT     docs/writing/task1/09-mixed-library-survey.html  (+2/2 tag(s))
[2026-08-17 23:48:07 UTC] INJECT     docs/writing/task1/10-dynamic-caribbean-tourists.html  (+2/2 tag(s))
[2026-08-17 23:48:07 UTC] INJECT     docs/writing/task1/11-dynamic-melbourne-activities.html  (+2/2 tag(s))
[2026-08-17 23:48:07 UTC] INJECT     docs/writing/task1/12-dynamic-asian-cities.html  (+2/2 tag(s))
[2026-08-17 23:48:07 UTC] INJECT     docs/writing/task1/13-static-uk-school-spending.html  (+2/2 tag(s))
[2026-08-17 23:48:07 UTC] INJECT     docs/writing/task2/01-agree-disagree-history-vs-business.html  (+2/2 tag(s))
[2026-08-17 23:48:07 UTC] INJECT     docs/writing/task2/02-discuss-both-views-employment-skills.html  (+2/2 tag(s))
[2026-08-17 23:48:07 UTC] INJECT     docs/writing/task2/03-positive-negative-children-freedom.html  (+2/2 tag(s))
[2026-08-17 23:48:07 UTC] INJECT     docs/writing/task2/04-opinion-teachers-morality.html  (+2/2 tag(s))
[2026-08-17 23:48:07 UTC] INJECT     docs/writing/task2/043-1-1-agree-disagree.html  (+2/2 tag(s))
[2026-08-17 23:48:07 UTC] INJECT     docs/writing/task2/044-1-1-discuss-both-views.html  (+2/2 tag(s))
[2026-08-17 23:48:07 UTC] INJECT     docs/writing/task2/045-1-1-agree-disagree.html  (+2/2 tag(s))
[2026-08-17 23:48:07 UTC] INJECT     docs/writing/task2/046-1-1-agree-disagree.html  (+2/2 tag(s))
[2026-08-17 23:48:07 UTC] INJECT     docs/writing/task2/047-1-1-discuss-both-views.html  (+2/2 tag(s))
[2026-08-17 23:48:07 UTC] INJECT     docs/writing/task2/048-1-1-discuss-both-views.html  (+2/2 tag(s))
[2026-08-17 23:48:07 UTC] INJECT     docs/writing/task2/049-1-1-agree-disagree.html  (+2/2 tag(s))
[2026-08-17 23:48:07 UTC] INJECT     docs/writing/task2/05-two-questions-environment.html  (+2/2 tag(s))
[2026-08-17 23:48:07 UTC] INJECT     docs/writing/task2/050-1-2-positive-negative.html  (+2/2 tag(s))
[2026-08-17 23:48:07 UTC] INJECT     docs/writing/task2/051-1-2-discuss-both-views.html  (+2/2 tag(s))
[2026-08-17 23:48:07 UTC] INJECT     docs/writing/task2/052-1-2-agree-disagree.html  (+2/2 tag(s))
[2026-08-17 23:48:07 UTC] INJECT     docs/writing/task2/053-1-2-discuss-both-views.html  (+2/2 tag(s))
[2026-08-17 23:48:07 UTC] INJECT     docs/writing/task2/054-1-2-agree-disagree.html  (+2/2 tag(s))
[2026-08-17 23:48:07 UTC] INJECT     docs/writing/task2/055-1-2-agree-disagree.html  (+2/2 tag(s))
[2026-08-17 23:48:07 UTC] INJECT     docs/writing/task2/056-1-2-agree-disagree.html  (+2/2 tag(s))
[2026-08-17 23:48:07 UTC] INJECT     docs/writing/task2/057-1-2-agree-disagree.html  (+2/2 tag(s))
[2026-08-17 23:48:07 UTC] INJECT     docs/writing/task2/058-1-2-discuss-both-views.html  (+2/2 tag(s))
[2026-08-17 23:48:07 UTC] INJECT     docs/writing/task2/059-1-2-discuss-both-views.html  (+2/2 tag(s))
[2026-08-17 23:48:07 UTC] INJECT     docs/writing/task2/06-26-env-solutions.html  (+2/2 tag(s))
[2026-08-17 23:48:07 UTC] INJECT     docs/writing/task2/060-1-3-agree-disagree.html  (+2/2 tag(s))
[2026-08-17 23:48:07 UTC] INJECT     docs/writing/task2/061-1-4-discuss-both-views.html  (+2/2 tag(s))
[2026-08-17 23:48:07 UTC] INJECT     docs/writing/task2/062-1-4-discuss-both-views.html  (+2/2 tag(s))
[2026-08-17 23:48:07 UTC] INJECT     docs/writing/task2/063-1-4-discuss-both-views.html  (+2/2 tag(s))
[2026-08-17 23:48:07 UTC] INJECT     docs/writing/task2/064-1-5-discuss-both-views.html  (+2/2 tag(s))
[2026-08-17 23:48:07 UTC] INJECT     docs/writing/task2/065-1-5-discuss-both-views.html  (+2/2 tag(s))
[2026-08-17 23:48:07 UTC] INJECT     docs/writing/task2/066-1-6-agree-disagree.html  (+2/2 tag(s))
[2026-08-17 23:48:07 UTC] INJECT     docs/writing/task2/067-1-6-agree-disagree.html  (+2/2 tag(s))
[2026-08-17 23:48:07 UTC] INJECT     docs/writing/task2/068-1-6-advantage-disadvantage.html  (+2/2 tag(s))
[2026-08-17 23:48:07 UTC] INJECT     docs/writing/task2/069-1-6-agree-disagree.html  (+2/2 tag(s))
[2026-08-17 23:48:07 UTC] INJECT     docs/writing/task2/07-01-lang-learning.html  (+2/2 tag(s))
[2026-08-17 23:48:07 UTC] INJECT     docs/writing/task2/070-1-6-agree-disagree.html  (+2/2 tag(s))
[2026-08-17 23:48:07 UTC] INJECT     docs/writing/task2/071-1-6-two-questions.html  (+2/2 tag(s))
[2026-08-17 23:48:07 UTC] INJECT     docs/writing/task2/072-1-6-two-questions.html  (+2/2 tag(s))
[2026-08-17 23:48:07 UTC] INJECT     docs/writing/task2/073-1-7-agree-disagree.html  (+2/2 tag(s))
[2026-08-17 23:48:07 UTC] INJECT     docs/writing/task2/074-1-7-advantage-disadvantage.html  (+2/2 tag(s))
[2026-08-17 23:48:07 UTC] INJECT     docs/writing/task2/075-1-7-agree-disagree.html  (+2/2 tag(s))
[2026-08-17 23:48:07 UTC] INJECT     docs/writing/task2/076-1-8-problem-solution.html  (+2/2 tag(s))
[2026-08-17 23:48:07 UTC] INJECT     docs/writing/task2/077-1-8-problem-solution.html  (+2/2 tag(s))
[2026-08-17 23:48:07 UTC] INJECT     docs/writing/task2/078-1-8-two-questions.html  (+2/2 tag(s))
[2026-08-17 23:48:07 UTC] INJECT     docs/writing/task2/079-2-1-single-question.html  (+2/2 tag(s))
[2026-08-17 23:48:07 UTC] INJECT     docs/writing/task2/08-04-education-target.html  (+2/2 tag(s))
[2026-08-17 23:48:07 UTC] INJECT     docs/writing/task2/080-2-1-advantage-disadvantage.html  (+2/2 tag(s))
[2026-08-17 23:48:07 UTC] INJECT     docs/writing/task2/081-2-1-agree-disagree.html  (+2/2 tag(s))
[2026-08-17 23:48:07 UTC] INJECT     docs/writing/task2/082-2-1-agree-disagree.html  (+2/2 tag(s))
[2026-08-17 23:48:07 UTC] INJECT     docs/writing/task2/083-2-1-discuss-both-views.html  (+2/2 tag(s))
[2026-08-17 23:48:07 UTC] INJECT     docs/writing/task2/084-2-1-agree-disagree.html  (+2/2 tag(s))
[2026-08-17 23:48:07 UTC] INJECT     docs/writing/task2/085-2-2-agree-disagree.html  (+2/2 tag(s))
[2026-08-17 23:48:07 UTC] INJECT     docs/writing/task2/086-2-2-agree-disagree.html  (+2/2 tag(s))
[2026-08-17 23:48:07 UTC] INJECT     docs/writing/task2/087-2-2-agree-disagree.html  (+2/2 tag(s))
[2026-08-17 23:48:07 UTC] INJECT     docs/writing/task2/088-2-2-positive-negative.html  (+2/2 tag(s))
[2026-08-17 23:48:07 UTC] INJECT     docs/writing/task2/089-2-2-agree-disagree.html  (+2/2 tag(s))
[2026-08-17 23:48:07 UTC] INJECT     docs/writing/task2/09-05-education-phenomenon.html  (+2/2 tag(s))
[2026-08-17 23:48:07 UTC] INJECT     docs/writing/task2/090-2-3-agree-disagree.html  (+2/2 tag(s))
[2026-08-17 23:48:07 UTC] INJECT     docs/writing/task2/091-2-3-agree-disagree.html  (+2/2 tag(s))
[2026-08-17 23:48:07 UTC] INJECT     docs/writing/task2/092-2-3-agree-disagree.html  (+2/2 tag(s))
[2026-08-17 23:48:07 UTC] INJECT     docs/writing/task2/093-2-3-agree-disagree.html  (+2/2 tag(s))
[2026-08-17 23:48:07 UTC] INJECT     docs/writing/task2/094-2-4-agree-disagree.html  (+2/2 tag(s))
[2026-08-17 23:48:07 UTC] INJECT     docs/writing/task2/095-2-5-problem-solution.html  (+2/2 tag(s))
[2026-08-17 23:48:07 UTC] INJECT     docs/writing/task2/096-3-1-discuss-both-views.html  (+2/2 tag(s))
[2026-08-17 23:48:07 UTC] INJECT     docs/writing/task2/097-3-1-agree-disagree.html  (+2/2 tag(s))
[2026-08-17 23:48:07 UTC] INJECT     docs/writing/task2/098-3-1-agree-disagree.html  (+2/2 tag(s))
[2026-08-17 23:48:07 UTC] INJECT     docs/writing/task2/099-3-1-positive-negative.html  (+2/2 tag(s))
[2026-08-17 23:48:07 UTC] INJECT     docs/writing/task2/10-06-job-choice.html  (+2/2 tag(s))
[2026-08-17 23:48:07 UTC] INJECT     docs/writing/task2/100-3-1-advantage-disadvantage.html  (+2/2 tag(s))
[2026-08-17 23:48:07 UTC] INJECT     docs/writing/task2/101-3-1-advantage-disadvantage.html  (+2/2 tag(s))
[2026-08-17 23:48:07 UTC] INJECT     docs/writing/task2/102-3-1-advantage-disadvantage.html  (+2/2 tag(s))
[2026-08-17 23:48:07 UTC] INJECT     docs/writing/task2/103-3-1-advantage-disadvantage.html  (+2/2 tag(s))
[2026-08-17 23:48:07 UTC] INJECT     docs/writing/task2/104-3-2-agree-disagree.html  (+2/2 tag(s))
[2026-08-17 23:48:07 UTC] INJECT     docs/writing/task2/105-3-2-problem-solution.html  (+2/2 tag(s))
[2026-08-17 23:48:07 UTC] INJECT     docs/writing/task2/106-3-2-agree-disagree.html  (+2/2 tag(s))
[2026-08-17 23:48:07 UTC] INJECT     docs/writing/task2/107-3-2-discuss-both-views.html  (+2/2 tag(s))
[2026-08-17 23:48:07 UTC] INJECT     docs/writing/task2/108-3-2-agree-disagree.html  (+2/2 tag(s))
[2026-08-17 23:48:07 UTC] INJECT     docs/writing/task2/109-3-2-agree-disagree.html  (+2/2 tag(s))
[2026-08-17 23:48:07 UTC] INJECT     docs/writing/task2/11-07-personal-skill.html  (+2/2 tag(s))
[2026-08-17 23:48:07 UTC] INJECT     docs/writing/task2/110-3-2-discuss-both-views.html  (+2/2 tag(s))
[2026-08-17 23:48:07 UTC] INJECT     docs/writing/task2/111-3-2-agree-disagree.html  (+2/2 tag(s))
[2026-08-17 23:48:07 UTC] INJECT     docs/writing/task2/112-3-2-agree-disagree.html  (+2/2 tag(s))
[2026-08-17 23:48:07 UTC] INJECT     docs/writing/task2/113-3-2-advantage-disadvantage.html  (+2/2 tag(s))
[2026-08-17 23:48:07 UTC] INJECT     docs/writing/task2/114-3-2-discuss-both-views.html  (+2/2 tag(s))
[2026-08-17 23:48:07 UTC] INJECT     docs/writing/task2/115-3-2-problem-solution.html  (+2/2 tag(s))
[2026-08-17 23:48:07 UTC] INJECT     docs/writing/task2/116-3-2-agree-disagree.html  (+2/2 tag(s))
[2026-08-17 23:48:07 UTC] INJECT     docs/writing/task2/117-3-2-discuss-both-views.html  (+2/2 tag(s))
[2026-08-17 23:48:07 UTC] INJECT     docs/writing/task2/118-3-2-discuss-both-views.html  (+2/2 tag(s))
[2026-08-17 23:48:07 UTC] INJECT     docs/writing/task2/119-3-2-agree-disagree.html  (+2/2 tag(s))
[2026-08-17 23:48:07 UTC] INJECT     docs/writing/task2/12-08-work-env.html  (+2/2 tag(s))
[2026-08-17 23:48:07 UTC] INJECT     docs/writing/task2/120-3-4-agree-disagree.html  (+2/2 tag(s))
[2026-08-17 23:48:07 UTC] INJECT     docs/writing/task2/121-3-4-agree-disagree.html  (+2/2 tag(s))
[2026-08-17 23:48:07 UTC] INJECT     docs/writing/task2/122-3-3-two-questions.html  (+2/2 tag(s))
[2026-08-17 23:48:07 UTC] INJECT     docs/writing/task2/123-3-3-positive-negative.html  (+2/2 tag(s))
[2026-08-17 23:48:07 UTC] INJECT     docs/writing/task2/124-3-3-problem-solution.html  (+2/2 tag(s))
[2026-08-17 23:48:07 UTC] INJECT     docs/writing/task2/125-3-3-problem-solution.html  (+2/2 tag(s))
[2026-08-17 23:48:07 UTC] INJECT     docs/writing/task2/126-3-3-two-questions.html  (+2/2 tag(s))
[2026-08-17 23:48:07 UTC] INJECT     docs/writing/task2/127-3-3-advantage-disadvantage.html  (+2/2 tag(s))
[2026-08-17 23:48:07 UTC] INJECT     docs/writing/task2/128-3-4-agree-disagree.html  (+2/2 tag(s))
[2026-08-17 23:48:07 UTC] INJECT     docs/writing/task2/129-3-4-problem-solution.html  (+2/2 tag(s))
[2026-08-17 23:48:07 UTC] INJECT     docs/writing/task2/13-09-job-types.html  (+2/2 tag(s))
[2026-08-17 23:48:07 UTC] INJECT     docs/writing/task2/130-3-4-agree-disagree.html  (+2/2 tag(s))
[2026-08-17 23:48:07 UTC] INJECT     docs/writing/task2/131-3-4-agree-disagree.html  (+2/2 tag(s))
[2026-08-17 23:48:07 UTC] INJECT     docs/writing/task2/132-3-4-advantage-disadvantage.html  (+2/2 tag(s))
[2026-08-17 23:48:07 UTC] INJECT     docs/writing/task2/133-3-4-advantage-disadvantage.html  (+2/2 tag(s))
[2026-08-17 23:48:07 UTC] INJECT     docs/writing/task2/134-3-4-two-questions.html  (+2/2 tag(s))
[2026-08-17 23:48:07 UTC] INJECT     docs/writing/task2/135-3-4-two-questions.html  (+2/2 tag(s))
[2026-08-17 23:48:07 UTC] INJECT     docs/writing/task2/136-3-4-agree-disagree.html  (+2/2 tag(s))
[2026-08-17 23:48:07 UTC] INJECT     docs/writing/task2/137-3-4-two-questions.html  (+2/2 tag(s))
[2026-08-17 23:48:07 UTC] INJECT     docs/writing/task2/138-3-5-agree-disagree.html  (+2/2 tag(s))
[2026-08-17 23:48:07 UTC] INJECT     docs/writing/task2/139-3-5-discuss-both-views.html  (+2/2 tag(s))
[2026-08-17 23:48:07 UTC] INJECT     docs/writing/task2/14-10-work-life-balance.html  (+2/2 tag(s))
[2026-08-17 23:48:07 UTC] INJECT     docs/writing/task2/140-3-5-discuss-both-views.html  (+2/2 tag(s))
[2026-08-17 23:48:07 UTC] INJECT     docs/writing/task2/141-3-5-agree-disagree.html  (+2/2 tag(s))
[2026-08-17 23:48:07 UTC] INJECT     docs/writing/task2/142-3-5-problem-solution.html  (+2/2 tag(s))
[2026-08-17 23:48:07 UTC] INJECT     docs/writing/task2/143-3-5-discuss-both-views.html  (+2/2 tag(s))
[2026-08-17 23:48:07 UTC] INJECT     docs/writing/task2/144-3-5-agree-disagree.html  (+2/2 tag(s))
[2026-08-17 23:48:07 UTC] INJECT     docs/writing/task2/145-3-5-discuss-both-views.html  (+2/2 tag(s))
[2026-08-17 23:48:07 UTC] INJECT     docs/writing/task2/146-3-5-discuss-both-views.html  (+2/2 tag(s))
[2026-08-17 23:48:07 UTC] INJECT     docs/writing/task2/147-3-5-problem-solution.html  (+2/2 tag(s))
[2026-08-17 23:48:07 UTC] INJECT     docs/writing/task2/148-3-5-discuss-both-views.html  (+2/2 tag(s))
[2026-08-17 23:48:07 UTC] INJECT     docs/writing/task2/149-3-5-discuss-both-views.html  (+2/2 tag(s))
[2026-08-17 23:48:07 UTC] INJECT     docs/writing/task2/15-11-urbanisation.html  (+2/2 tag(s))
[2026-08-17 23:48:07 UTC] INJECT     docs/writing/task2/150-3-5-agree-disagree.html  (+2/2 tag(s))
[2026-08-17 23:48:07 UTC] INJECT     docs/writing/task2/151-3-5-discuss-both-views.html  (+2/2 tag(s))
[2026-08-17 23:48:07 UTC] INJECT     docs/writing/task2/152-3-5-advantage-disadvantage.html  (+2/2 tag(s))
[2026-08-17 23:48:07 UTC] INJECT     docs/writing/task2/153-3-5-opinion.html  (+2/2 tag(s))
[2026-08-17 23:48:07 UTC] INJECT     docs/writing/task2/154-3-5-agree-disagree.html  (+2/2 tag(s))
[2026-08-17 23:48:07 UTC] INJECT     docs/writing/task2/155-3-6-problem-solution.html  (+2/2 tag(s))
[2026-08-17 23:48:07 UTC] INJECT     docs/writing/task2/156-3-6-problem-solution.html  (+2/2 tag(s))
[2026-08-17 23:48:07 UTC] INJECT     docs/writing/task2/157-3-6-problem-solution.html  (+2/2 tag(s))
[2026-08-17 23:48:07 UTC] INJECT     docs/writing/task2/158-3-6-problem-solution.html  (+2/2 tag(s))
[2026-08-17 23:48:07 UTC] INJECT     docs/writing/task2/159-3-6-problem-solution.html  (+2/2 tag(s))
[2026-08-17 23:48:07 UTC] INJECT     docs/writing/task2/16-12-culture.html  (+2/2 tag(s))
[2026-08-17 23:48:07 UTC] INJECT     docs/writing/task2/160-3-6-problem-solution.html  (+2/2 tag(s))
[2026-08-17 23:48:07 UTC] INJECT     docs/writing/task2/161-3-6-problem-solution.html  (+2/2 tag(s))
[2026-08-17 23:48:07 UTC] INJECT     docs/writing/task2/162-3-6-problem-solution.html  (+2/2 tag(s))
[2026-08-17 23:48:07 UTC] INJECT     docs/writing/task2/163-3-6-two-questions.html  (+2/2 tag(s))
[2026-08-17 23:48:07 UTC] INJECT     docs/writing/task2/164-3-6-problem-solution.html  (+2/2 tag(s))
[2026-08-17 23:48:07 UTC] INJECT     docs/writing/task2/165-3-6-problem-solution.html  (+2/2 tag(s))
[2026-08-17 23:48:07 UTC] INJECT     docs/writing/task2/166-3-6-two-questions.html  (+2/2 tag(s))
[2026-08-17 23:48:07 UTC] INJECT     docs/writing/task2/167-3-6-two-questions.html  (+2/2 tag(s))
[2026-08-17 23:48:07 UTC] INJECT     docs/writing/task2/168-3-6-problem-solution.html  (+2/2 tag(s))
[2026-08-17 23:48:07 UTC] INJECT     docs/writing/task2/169-3-6-problem-solution.html  (+2/2 tag(s))
[2026-08-17 23:48:07 UTC] INJECT     docs/writing/task2/17-13-ageing.html  (+2/2 tag(s))
[2026-08-17 23:48:07 UTC] INJECT     docs/writing/task2/170-3-7-positive-negative.html  (+2/2 tag(s))
[2026-08-17 23:48:07 UTC] INJECT     docs/writing/task2/171-3-8-agree-disagree.html  (+2/2 tag(s))
[2026-08-17 23:48:07 UTC] INJECT     docs/writing/task2/172-3-8-advantage-disadvantage.html  (+2/2 tag(s))
[2026-08-17 23:48:07 UTC] INJECT     docs/writing/task2/173-3-8-advantage-disadvantage.html  (+2/2 tag(s))
[2026-08-17 23:48:07 UTC] INJECT     docs/writing/task2/174-3-8-agree-disagree.html  (+2/2 tag(s))
[2026-08-17 23:48:07 UTC] INJECT     docs/writing/task2/175-3-9-agree-disagree.html  (+2/2 tag(s))
[2026-08-17 23:48:07 UTC] INJECT     docs/writing/task2/176-3-10-agree-disagree.html  (+2/2 tag(s))
[2026-08-17 23:48:07 UTC] INJECT     docs/writing/task2/177-4-1-agree-disagree.html  (+2/2 tag(s))
[2026-08-17 23:48:07 UTC] INJECT     docs/writing/task2/178-4-1-agree-disagree.html  (+2/2 tag(s))
[2026-08-17 23:48:07 UTC] INJECT     docs/writing/task2/179-4-1-discuss-both-views.html  (+2/2 tag(s))
[2026-08-17 23:48:07 UTC] INJECT     docs/writing/task2/18-14-transport.html  (+2/2 tag(s))
[2026-08-17 23:48:07 UTC] INJECT     docs/writing/task2/180-4-1-agree-disagree.html  (+2/2 tag(s))
[2026-08-17 23:48:07 UTC] INJECT     docs/writing/task2/181-4-2-problem-solution.html  (+2/2 tag(s))
[2026-08-17 23:48:07 UTC] INJECT     docs/writing/task2/182-4-3-problem-solution.html  (+2/2 tag(s))
[2026-08-17 23:48:07 UTC] INJECT     docs/writing/task2/183-4-3-agree-disagree.html  (+2/2 tag(s))
[2026-08-17 23:48:07 UTC] INJECT     docs/writing/task2/184-4-4-problem-solution.html  (+2/2 tag(s))
[2026-08-17 23:48:07 UTC] INJECT     docs/writing/task2/185-4-4-problem-solution.html  (+2/2 tag(s))
[2026-08-17 23:48:07 UTC] INJECT     docs/writing/task2/186-4-4-advantage-disadvantage.html  (+2/2 tag(s))
[2026-08-17 23:48:07 UTC] INJECT     docs/writing/task2/187-4-4-discuss-both-views.html  (+2/2 tag(s))
[2026-08-17 23:48:07 UTC] INJECT     docs/writing/task2/188-4-4-agree-disagree.html  (+2/2 tag(s))
[2026-08-17 23:48:07 UTC] INJECT     docs/writing/task2/189-4-4-advantage-disadvantage.html  (+2/2 tag(s))
[2026-08-17 23:48:07 UTC] INJECT     docs/writing/task2/19-15-values-compare.html  (+2/2 tag(s))
[2026-08-17 23:48:07 UTC] INJECT     docs/writing/task2/190-4-5-problem-solution.html  (+2/2 tag(s))
[2026-08-17 23:48:07 UTC] INJECT     docs/writing/task2/191-4-6-problem-solution.html  (+2/2 tag(s))
[2026-08-17 23:48:07 UTC] INJECT     docs/writing/task2/192-4-6-two-questions.html  (+2/2 tag(s))
[2026-08-17 23:48:07 UTC] INJECT     docs/writing/task2/193-4-7-agree-disagree.html  (+2/2 tag(s))
[2026-08-17 23:48:07 UTC] INJECT     docs/writing/task2/194-4-7-discuss-both-views.html  (+2/2 tag(s))
[2026-08-17 23:48:07 UTC] INJECT     docs/writing/task2/195-4-7-agree-disagree.html  (+2/2 tag(s))
[2026-08-17 23:48:07 UTC] INJECT     docs/writing/task2/196-5-1-agree-disagree.html  (+2/2 tag(s))
[2026-08-17 23:48:07 UTC] INJECT     docs/writing/task2/197-5-1-agree-disagree.html  (+2/2 tag(s))
[2026-08-17 23:48:07 UTC] INJECT     docs/writing/task2/198-5-1-agree-disagree.html  (+2/2 tag(s))
[2026-08-17 23:48:07 UTC] INJECT     docs/writing/task2/199-5-1-agree-disagree.html  (+2/2 tag(s))
[2026-08-17 23:48:07 UTC] INJECT     docs/writing/task2/20-16-social-phenomenon.html  (+2/2 tag(s))
[2026-08-17 23:48:07 UTC] INJECT     docs/writing/task2/200-5-1-discuss-both-views.html  (+2/2 tag(s))
[2026-08-17 23:48:07 UTC] INJECT     docs/writing/task2/201-5-1-discuss-both-views.html  (+2/2 tag(s))
[2026-08-17 23:48:07 UTC] INJECT     docs/writing/task2/202-5-1-opinion.html  (+2/2 tag(s))
[2026-08-17 23:48:07 UTC] INJECT     docs/writing/task2/203-5-1-agree-disagree.html  (+2/2 tag(s))
[2026-08-17 23:48:07 UTC] INJECT     docs/writing/task2/204-5-1-agree-disagree.html  (+2/2 tag(s))
[2026-08-17 23:48:07 UTC] INJECT     docs/writing/task2/205-5-1-agree-disagree.html  (+2/2 tag(s))
[2026-08-17 23:48:07 UTC] INJECT     docs/writing/task2/206-5-1-positive-negative.html  (+2/2 tag(s))
[2026-08-17 23:48:07 UTC] INJECT     docs/writing/task2/207-5-1-discuss-both-views.html  (+2/2 tag(s))
[2026-08-17 23:48:07 UTC] INJECT     docs/writing/task2/208-5-1-advantage-disadvantage.html  (+2/2 tag(s))
[2026-08-17 23:48:07 UTC] INJECT     docs/writing/task2/209-5-1-discuss-both-views.html  (+2/2 tag(s))
[2026-08-17 23:48:07 UTC] INJECT     docs/writing/task2/21-17-privacy.html  (+2/2 tag(s))
[2026-08-17 23:48:07 UTC] INJECT     docs/writing/task2/210-5-2-agree-disagree.html  (+2/2 tag(s))
[2026-08-17 23:48:07 UTC] INJECT     docs/writing/task2/211-5-2-problem-solution.html  (+2/2 tag(s))
[2026-08-17 23:48:07 UTC] INJECT     docs/writing/task2/212-5-2-agree-disagree.html  (+2/2 tag(s))
[2026-08-17 23:48:07 UTC] INJECT     docs/writing/task2/213-5-2-problem-solution.html  (+2/2 tag(s))
[2026-08-17 23:48:07 UTC] INJECT     docs/writing/task2/214-5-2-advantage-disadvantage.html  (+2/2 tag(s))
[2026-08-17 23:48:07 UTC] INJECT     docs/writing/task2/215-5-2-agree-disagree.html  (+2/2 tag(s))
[2026-08-17 23:48:07 UTC] INJECT     docs/writing/task2/216-6-1-agree-disagree.html  (+2/2 tag(s))
[2026-08-17 23:48:07 UTC] INJECT     docs/writing/task2/217-6-1-discuss-both-views.html  (+2/2 tag(s))
[2026-08-17 23:48:07 UTC] INJECT     docs/writing/task2/218-6-1-positive-negative.html  (+2/2 tag(s))
[2026-08-17 23:48:07 UTC] INJECT     docs/writing/task2/219-6-1-advantage-disadvantage.html  (+2/2 tag(s))
[2026-08-17 23:48:07 UTC] INJECT     docs/writing/task2/22-18-life-change.html  (+2/2 tag(s))
[2026-08-17 23:48:07 UTC] INJECT     docs/writing/task2/220-6-1-advantage-disadvantage.html  (+2/2 tag(s))
[2026-08-17 23:48:07 UTC] INJECT     docs/writing/task2/221-6-1-positive-negative.html  (+2/2 tag(s))
[2026-08-17 23:48:07 UTC] INJECT     docs/writing/task2/222-6-1-agree-disagree.html  (+2/2 tag(s))
[2026-08-17 23:48:07 UTC] INJECT     docs/writing/task2/223-6-1-agree-disagree.html  (+2/2 tag(s))
[2026-08-17 23:48:07 UTC] INJECT     docs/writing/task2/224-6-1-discuss-both-views.html  (+2/2 tag(s))
[2026-08-17 23:48:07 UTC] INJECT     docs/writing/task2/225-6-1-discuss-both-views.html  (+2/2 tag(s))
[2026-08-17 23:48:07 UTC] INJECT     docs/writing/task2/226-6-1-agree-disagree.html  (+2/2 tag(s))
[2026-08-17 23:48:07 UTC] INJECT     docs/writing/task2/227-6-1-discuss-both-views.html  (+2/2 tag(s))
[2026-08-17 23:48:07 UTC] INJECT     docs/writing/task2/228-6-1-discuss-both-views.html  (+2/2 tag(s))
[2026-08-17 23:48:07 UTC] INJECT     docs/writing/task2/229-6-1-agree-disagree.html  (+2/2 tag(s))
[2026-08-17 23:48:07 UTC] INJECT     docs/writing/task2/23-19-gender.html  (+2/2 tag(s))
[2026-08-17 23:48:07 UTC] INJECT     docs/writing/task2/230-6-1-discuss-both-views.html  (+2/2 tag(s))
[2026-08-17 23:48:07 UTC] INJECT     docs/writing/task2/231-6-1-discuss-both-views.html  (+2/2 tag(s))
[2026-08-17 23:48:07 UTC] INJECT     docs/writing/task2/232-6-1-agree-disagree.html  (+2/2 tag(s))
[2026-08-17 23:48:07 UTC] INJECT     docs/writing/task2/233-6-1-two-questions.html  (+2/2 tag(s))
[2026-08-17 23:48:07 UTC] INJECT     docs/writing/task2/234-6-2-discuss-both-views.html  (+2/2 tag(s))
[2026-08-17 23:48:07 UTC] INJECT     docs/writing/task2/235-6-2-agree-disagree.html  (+2/2 tag(s))
[2026-08-17 23:48:07 UTC] INJECT     docs/writing/task2/236-6-2-problem-solution.html  (+2/2 tag(s))
[2026-08-17 23:48:07 UTC] INJECT     docs/writing/task2/237-6-2-discuss-both-views.html  (+2/2 tag(s))
[2026-08-17 23:48:07 UTC] INJECT     docs/writing/task2/238-6-2-problem-solution.html  (+2/2 tag(s))
[2026-08-17 23:48:07 UTC] INJECT     docs/writing/task2/239-7-1-problem-solution.html  (+2/2 tag(s))
[2026-08-17 23:48:07 UTC] INJECT     docs/writing/task2/24-20-civility.html  (+2/2 tag(s))
[2026-08-17 23:48:07 UTC] INJECT     docs/writing/task2/240-7-1-agree-disagree.html  (+2/2 tag(s))
[2026-08-17 23:48:07 UTC] INJECT     docs/writing/task2/241-7-1-discuss-both-views.html  (+2/2 tag(s))
[2026-08-17 23:48:07 UTC] INJECT     docs/writing/task2/242-7-1-agree-disagree.html  (+2/2 tag(s))
[2026-08-17 23:48:07 UTC] INJECT     docs/writing/task2/243-7-1-agree-disagree.html  (+2/2 tag(s))
[2026-08-17 23:48:07 UTC] INJECT     docs/writing/task2/244-8-1-agree-disagree.html  (+2/2 tag(s))
[2026-08-17 23:48:07 UTC] INJECT     docs/writing/task2/245-8-1-positive-negative.html  (+2/2 tag(s))
[2026-08-17 23:48:07 UTC] INJECT     docs/writing/task2/246-8-1-agree-disagree.html  (+2/2 tag(s))
[2026-08-17 23:48:07 UTC] INJECT     docs/writing/task2/247-8-1-problem-solution.html  (+2/2 tag(s))
[2026-08-17 23:48:07 UTC] INJECT     docs/writing/task2/248-8-1-discuss-both-views.html  (+2/2 tag(s))
[2026-08-17 23:48:07 UTC] INJECT     docs/writing/task2/249-8-1-discuss-both-views.html  (+2/2 tag(s))
[2026-08-17 23:48:07 UTC] INJECT     docs/writing/task2/25-21-animal-protection.html  (+2/2 tag(s))
[2026-08-17 23:48:07 UTC] INJECT     docs/writing/task2/250-8-1-agree-disagree.html  (+2/2 tag(s))
[2026-08-17 23:48:07 UTC] INJECT     docs/writing/task2/251-8-1-discuss-both-views.html  (+2/2 tag(s))
[2026-08-17 23:48:07 UTC] INJECT     docs/writing/task2/252-8-1-two-questions.html  (+2/2 tag(s))
[2026-08-17 23:48:07 UTC] INJECT     docs/writing/task2/253-8-1-agree-disagree.html  (+2/2 tag(s))
[2026-08-17 23:48:07 UTC] INJECT     docs/writing/task2/254-8-1-agree-disagree.html  (+2/2 tag(s))
[2026-08-17 23:48:07 UTC] INJECT     docs/writing/task2/255-8-1-discuss-both-views.html  (+2/2 tag(s))
[2026-08-17 23:48:07 UTC] INJECT     docs/writing/task2/256-8-1-positive-negative.html  (+2/2 tag(s))
[2026-08-17 23:48:07 UTC] INJECT     docs/writing/task2/257-8-2-two-questions.html  (+2/2 tag(s))
[2026-08-17 23:48:07 UTC] INJECT     docs/writing/task2/258-8-2-discuss-both-views.html  (+2/2 tag(s))
[2026-08-17 23:48:07 UTC] INJECT     docs/writing/task2/259-8-2-two-questions.html  (+2/2 tag(s))
[2026-08-17 23:48:07 UTC] INJECT     docs/writing/task2/26-22-plastic.html  (+2/2 tag(s))
[2026-08-17 23:48:07 UTC] INJECT     docs/writing/task2/260-8-2-positive-negative.html  (+2/2 tag(s))
[2026-08-17 23:48:07 UTC] INJECT     docs/writing/task2/261-9-1-discuss-both-views.html  (+2/2 tag(s))
[2026-08-17 23:48:07 UTC] INJECT     docs/writing/task2/262-9-1-agree-disagree.html  (+2/2 tag(s))
[2026-08-17 23:48:07 UTC] INJECT     docs/writing/task2/263-9-1-agree-disagree.html  (+2/2 tag(s))
[2026-08-17 23:48:07 UTC] INJECT     docs/writing/task2/264-9-1-discuss-both-views.html  (+2/2 tag(s))
[2026-08-17 23:48:07 UTC] INJECT     docs/writing/task2/265-9-1-discuss-both-views.html  (+2/2 tag(s))
[2026-08-17 23:48:07 UTC] INJECT     docs/writing/task2/266-9-1-discuss-both-views.html  (+2/2 tag(s))
[2026-08-17 23:48:07 UTC] INJECT     docs/writing/task2/267-9-1-agree-disagree.html  (+2/2 tag(s))
[2026-08-17 23:48:07 UTC] INJECT     docs/writing/task2/268-9-1-discuss-both-views.html  (+2/2 tag(s))
[2026-08-17 23:48:07 UTC] INJECT     docs/writing/task2/269-9-1-agree-disagree.html  (+2/2 tag(s))
[2026-08-17 23:48:07 UTC] INJECT     docs/writing/task2/27-23-water.html  (+2/2 tag(s))
[2026-08-17 23:48:07 UTC] INJECT     docs/writing/task2/270-9-1-discuss-both-views.html  (+2/2 tag(s))
[2026-08-17 23:48:07 UTC] INJECT     docs/writing/task2/271-9-1-discuss-both-views.html  (+2/2 tag(s))
[2026-08-17 23:48:07 UTC] INJECT     docs/writing/task2/272-10-1-agree-disagree.html  (+2/2 tag(s))
[2026-08-17 23:48:07 UTC] INJECT     docs/writing/task2/273-10-1-problem-solution.html  (+2/2 tag(s))
[2026-08-17 23:48:07 UTC] INJECT     docs/writing/task2/274-10-1-problem-solution.html  (+2/2 tag(s))
[2026-08-17 23:48:07 UTC] INJECT     docs/writing/task2/275-10-1-agree-disagree.html  (+2/2 tag(s))
[2026-08-17 23:48:07 UTC] INJECT     docs/writing/task2/276-10-1-discuss-both-views.html  (+2/2 tag(s))
[2026-08-17 23:48:07 UTC] INJECT     docs/writing/task2/277-10-1-discuss-both-views.html  (+2/2 tag(s))
[2026-08-17 23:48:07 UTC] INJECT     docs/writing/task2/278-10-1-discuss-both-views.html  (+2/2 tag(s))
[2026-08-17 23:48:07 UTC] INJECT     docs/writing/task2/279-10-1-agree-disagree.html  (+2/2 tag(s))
[2026-08-17 23:48:07 UTC] INJECT     docs/writing/task2/28-24-noise-pollution.html  (+2/2 tag(s))
[2026-08-17 23:48:07 UTC] INJECT     docs/writing/task2/29-25-consumption-env.html  (+2/2 tag(s))
[2026-08-17 23:48:07 UTC] INJECT     docs/writing/task2/30-02-qual-meaning.html  (+2/2 tag(s))
[2026-08-17 23:48:07 UTC] INJECT     docs/writing/task2/31-03-education-method.html  (+2/2 tag(s))
[2026-08-17 23:48:07 UTC] INJECT     docs/writing/task2/32-27-technology.html  (+2/2 tag(s))
[2026-08-17 23:48:07 UTC] INJECT     docs/writing/task2/33-28-health.html  (+2/2 tag(s))
[2026-08-17 23:48:07 UTC] INJECT     docs/writing/task2/34-29-media.html  (+2/2 tag(s))
[2026-08-17 23:48:07 UTC] INJECT     docs/writing/task2/35-30-advertising.html  (+2/2 tag(s))
[2026-08-17 23:48:07 UTC] INJECT     docs/writing/task2/36-31-globalisation.html  (+2/2 tag(s))
[2026-08-17 23:48:07 UTC] INJECT     docs/writing/task2/37-32-travel.html  (+2/2 tag(s))
[2026-08-17 23:48:07 UTC] INJECT     docs/writing/task2/38-1-1-single-question.html  (+2/2 tag(s))
[2026-08-17 23:48:07 UTC] INJECT     docs/writing/task2/39-1-1-problem-solution.html  (+2/2 tag(s))
[2026-08-17 23:48:07 UTC] INJECT     docs/writing/task2/40-1-2-advantage-disadvantage.html  (+2/2 tag(s))
[2026-08-17 23:48:07 UTC] INJECT     docs/writing/task2/41-1-5-single-question.html  (+2/2 tag(s))
[2026-08-17 23:48:07 UTC] INJECT     docs/writing/task2/42-4-4-problem-solution.html  (+2/2 tag(s))
[2026-08-17 23:48:07 UTC] INJECT     docs/speaking/topics/p1-area.html  (+1/1 tag(s))
[2026-08-17 23:48:07 UTC] INJECT     docs/speaking/topics/p1-city.html  (+1/1 tag(s))
[2026-08-17 23:48:07 UTC] INJECT     docs/speaking/topics/p1-home.html  (+1/1 tag(s))
[2026-08-17 23:48:07 UTC] INJECT     docs/speaking/topics/p1-hometown.html  (+1/1 tag(s))
[2026-08-17 23:48:07 UTC] INJECT     docs/speaking/topics/p1-work.html  (+1/1 tag(s))
[2026-08-17 23:48:07 UTC] INJECT     docs/speaking/topics/p1f-building.html  (+1/1 tag(s))
[2026-08-17 23:48:07 UTC] INJECT     docs/speaking/topics/p1f-cars.html  (+1/1 tag(s))
[2026-08-17 23:48:07 UTC] INJECT     docs/speaking/topics/p1f-childhood.html  (+1/1 tag(s))
[2026-08-17 23:48:07 UTC] INJECT     docs/speaking/topics/p1f-food.html  (+1/1 tag(s))
[2026-08-17 23:48:07 UTC] INJECT     docs/speaking/topics/p1f-gifts.html  (+1/1 tag(s))
[2026-08-17 23:48:07 UTC] INJECT     docs/speaking/topics/p1f-hobby.html  (+1/1 tag(s))
[2026-08-17 23:48:07 UTC] INJECT     docs/speaking/topics/p1f-life-stages.html  (+1/1 tag(s))
[2026-08-17 23:48:07 UTC] INJECT     docs/speaking/topics/p1f-mirrors.html  (+1/1 tag(s))
[2026-08-17 23:48:07 UTC] INJECT     docs/speaking/topics/p1f-morning.html  (+1/1 tag(s))
[2026-08-17 23:48:07 UTC] INJECT     docs/speaking/topics/p1f-music.html  (+1/1 tag(s))
[2026-08-17 23:48:07 UTC] INJECT     docs/speaking/topics/p1f-outer-space.html  (+1/1 tag(s))
[2026-08-17 23:48:07 UTC] INJECT     docs/speaking/topics/p1f-parks.html  (+1/1 tag(s))
[2026-08-17 23:48:07 UTC] INJECT     docs/speaking/topics/p1f-pets.html  (+1/1 tag(s))
[2026-08-17 23:48:07 UTC] INJECT     docs/speaking/topics/p1f-reading.html  (+1/1 tag(s))
[2026-08-17 23:48:07 UTC] INJECT     docs/speaking/topics/p1f-scenery.html  (+1/1 tag(s))
[2026-08-17 23:48:07 UTC] INJECT     docs/speaking/topics/p1f-science.html  (+1/1 tag(s))
[2026-08-17 23:48:07 UTC] INJECT     docs/speaking/topics/p1f-shopping.html  (+1/1 tag(s))
[2026-08-17 23:48:07 UTC] INJECT     docs/speaking/topics/p1f-singing.html  (+1/1 tag(s))
[2026-08-17 23:48:07 UTC] INJECT     docs/speaking/topics/p1f-social-media.html  (+1/1 tag(s))
[2026-08-17 23:48:07 UTC] INJECT     docs/speaking/topics/p1f-sports-team.html  (+1/1 tag(s))
[2026-08-17 23:48:07 UTC] INJECT     docs/speaking/topics/p1f-teachers.html  (+1/1 tag(s))
[2026-08-17 23:48:07 UTC] INJECT     docs/speaking/topics/p1f-tidiness.html  (+1/1 tag(s))
[2026-08-17 23:48:07 UTC] INJECT     docs/speaking/topics/p1f-typing.html  (+1/1 tag(s))
[2026-08-17 23:48:07 UTC] INJECT     docs/speaking/topics/p1f-views.html  (+1/1 tag(s))
[2026-08-17 23:48:07 UTC] INJECT     docs/speaking/topics/p1f-walking.html  (+1/1 tag(s))
[2026-08-17 23:48:07 UTC] INJECT     docs/speaking/topics/p1f-watch.html  (+1/1 tag(s))
[2026-08-17 23:48:07 UTC] INJECT     docs/speaking/topics/p1f-websites.html  (+1/1 tag(s))
[2026-08-17 23:48:07 UTC] INJECT     docs/speaking/topics/p23-advice.html  (+1/1 tag(s))
[2026-08-17 23:48:07 UTC] INJECT     docs/speaking/topics/p23-app.html  (+1/1 tag(s))
[2026-08-17 23:48:07 UTC] INJECT     docs/speaking/topics/p23-bad-music.html  (+1/1 tag(s))
[2026-08-17 23:48:07 UTC] INJECT     docs/speaking/topics/p23-boring.html  (+1/1 tag(s))
[2026-08-17 23:48:07 UTC] INJECT     docs/speaking/topics/p23-business.html  (+1/1 tag(s))
[2026-08-17 23:48:07 UTC] INJECT     docs/speaking/topics/p23-changed-plan.html  (+1/1 tag(s))
[2026-08-17 23:48:07 UTC] INJECT     docs/speaking/topics/p23-child-art.html  (+1/1 tag(s))
[2026-08-17 23:48:07 UTC] INJECT     docs/speaking/topics/p23-child-friend.html  (+1/1 tag(s))
[2026-08-17 23:48:07 UTC] INJECT     docs/speaking/topics/p23-decision.html  (+1/1 tag(s))
[2026-08-17 23:48:07 UTC] INJECT     docs/speaking/topics/p23-early.html  (+1/1 tag(s))
[2026-08-17 23:48:07 UTC] INJECT     docs/speaking/topics/p23-encourage.html  (+1/1 tag(s))
[2026-08-17 23:48:07 UTC] INJECT     docs/speaking/topics/p23-famous-city.html  (+1/1 tag(s))
[2026-08-17 23:48:07 UTC] INJECT     docs/speaking/topics/p23-famous.html  (+1/1 tag(s))
[2026-08-17 23:48:07 UTC] INJECT     docs/speaking/topics/p23-fav-city.html  (+1/1 tag(s))
[2026-08-17 23:48:07 UTC] INJECT     docs/speaking/topics/p23-foreign-job.html  (+1/1 tag(s))
[2026-08-17 23:48:07 UTC] INJECT     docs/speaking/topics/p23-group.html  (+1/1 tag(s))
[2026-08-17 23:48:07 UTC] INJECT     docs/speaking/topics/p23-heirloom.html  (+1/1 tag(s))
[2026-08-17 23:48:07 UTC] INJECT     docs/speaking/topics/p23-helper.html  (+1/1 tag(s))
[2026-08-17 23:48:07 UTC] INJECT     docs/speaking/topics/p23-imagination.html  (+1/1 tag(s))
[2026-08-17 23:48:07 UTC] INJECT     docs/speaking/topics/p23-interest-bldg.html  (+1/1 tag(s))
[2026-08-17 23:48:07 UTC] INJECT     docs/speaking/topics/p23-law.html  (+1/1 tag(s))
[2026-08-17 23:48:07 UTC] INJECT     docs/speaking/topics/p23-medical.html  (+1/1 tag(s))
[2026-08-17 23:48:07 UTC] INJECT     docs/speaking/topics/p23-movie.html  (+1/1 tag(s))
[2026-08-17 23:48:07 UTC] INJECT     docs/speaking/topics/p23-nanning.html  (+1/1 tag(s))
[2026-08-17 23:48:07 UTC] INJECT     docs/speaking/topics/p23-nature.html  (+1/1 tag(s))
[2026-08-17 23:48:07 UTC] INJECT     docs/speaking/topics/p23-no-phone.html  (+1/1 tag(s))
[2026-08-17 23:48:07 UTC] INJECT     docs/speaking/topics/p23-overspent.html  (+1/1 tag(s))
[2026-08-17 23:48:07 UTC] INJECT     docs/speaking/topics/p23-perfect-job.html  (+1/1 tag(s))
[2026-08-17 23:48:07 UTC] INJECT     docs/speaking/topics/p23-planning.html  (+1/1 tag(s))
[2026-08-17 23:48:07 UTC] INJECT     docs/speaking/topics/p23-plants.html  (+1/1 tag(s))
[2026-08-17 23:48:07 UTC] INJECT     docs/speaking/topics/p23-proud.html  (+1/1 tag(s))
[2026-08-17 23:48:07 UTC] INJECT     docs/speaking/topics/p23-self-learn.html  (+1/1 tag(s))
[2026-08-17 23:48:07 UTC] INJECT     docs/speaking/topics/p23-smart.html  (+1/1 tag(s))
[2026-08-17 23:48:07 UTC] INJECT     docs/speaking/topics/p23-smiling.html  (+1/1 tag(s))
[2026-08-17 23:48:07 UTC] INJECT     docs/speaking/topics/p23-sports.html  (+1/1 tag(s))
[2026-08-17 23:48:07 UTC] INJECT     docs/speaking/topics/p23-tall.html  (+1/1 tag(s))
[2026-08-17 23:48:07 UTC] INJECT     docs/speaking/topics/p23-tech.html  (+1/1 tag(s))
[2026-08-17 23:48:07 UTC] INJECT     docs/speaking/topics/p23-vehicle.html  (+1/1 tag(s))
[2026-08-17 23:48:07 UTC] INJECT     docs/speaking/topics/p23-video.html  (+1/1 tag(s))
[2026-08-17 23:48:07 UTC] INJECT     docs/writing/index.html  (+1/1 tag(s))
[2026-08-17 23:48:07 UTC] INJECT     docs/speaking/index.html  (+1/1 tag(s))
[2026-08-17 23:48:07 UTC] SUMMARY inject: 365 modified, 0 skipped, 0 errors, 365 total
[2026-08-17 23:48:07 UTC] === drift-check ===
[2026-08-17 23:48:07 UTC] DRIFT-CHECK: 365/365 OK, 0 missing, 0 unreadable
[2026-08-17 23:48:35 UTC] === drift-check ===
[2026-08-17 23:48:35 UTC] DRIFT-CHECK: 365/365 OK, 0 missing, 0 unreadable
[2026-08-17 23:54:05 UTC] === drift-check ===
[2026-08-17 23:54:05 UTC] DRIFT-CHECK: 365/365 OK, 0 missing, 0 unreadable
[2026-08-17 23:56:25 UTC] === drift-check ===
[2026-08-17 23:56:25 UTC] DRIFT-CHECK: 365/365 OK, 0 missing, 0 unreadable
[2026-08-17 23:59:38 UTC] === drift-check ===
[2026-08-17 23:59:38 UTC] DRIFT-CHECK: 365/365 OK, 0 missing, 0 unreadable
